Time_s,rpm,speed_kph,throttle_pos,engine_load,coolant_temp_C,coolant_pressure_PSI,intake_air_temp_C
0,650.0,0.0,0.0,5.0,72.0,12.29,29.2
1,650.0,0.57,0.0,6.84,72.01,12.32,29.22
2,650.0,1.12,0.0,6.97,72.02,12.4,29.28
3,650.0,1.89,0.46,7.96,72.02,12.29,29.31
4,650.0,2.35,1.6,5.36,72.04,12.35,29.19
5,650.0,2.83,3.24,6.81,72.05,12.33,29.06
6,650.0,3.4,5.52,8.84,72.04,12.32,29.17
7,650.0,3.99,5.9,9.07,72.02,12.41,29.22
8,650.0,5.15,6.12,12.77,72.04,12.49,29.15
9,650.0,5.73,6.0,9.13,72.06,12.32,29.11
10,704.0,6.44,5.49,9.28,72.05,12.43,29.11
11,719.33,6.81,6.0,8.53,72.02,12.49,29.03
12,801.36,7.48,5.86,10.63,72.04,12.53,29.04
13,862.44,8.14,6.56,11.5,72.05,12.5,29.04
14,931.3,8.66,5.97,10.37,72.05,12.58,28.97
15,954.66,9.84,6.16,14.99,72.0,12.54,28.82
16,1003.92,11.01,7.06,16.35,72.02,12.63,28.7
17,1054.37,11.94,7.32,15.48,72.02,12.68,28.64
18,1118.03,13.02,6.21,16.48,72.01,12.76,28.67
19,1184.72,13.88,6.64,16.25,72.0,12.76,28.6
20,1270.09,14.9,6.51,18.09,72.01,12.85,28.66
21,1333.74,15.39,7.71,16.27,72.02,12.85,28.64
22,1383.81,16.62,9.01,21.54,72.03,12.89,28.74
23,1488.35,16.94,7.13,15.97,72.04,13.01,28.72
24,1543.7,18.38,8.49,23.54,72.03,12.99,28.65
25,1589.57,19.51,9.25,22.77,72.02,13.04,28.65
26,1618.42,20.47,8.37,21.06,72.04,13.04,28.57
27,1691.59,21.38,9.45,21.77,72.05,13.1,28.64
28,1776.62,22.43,8.79,24.34,72.09,13.26,28.58
29,1820.11,23.07,9.93,22.51,72.1,13.19,28.69
30,1900.22,23.84,9.62,22.47,72.09,13.32,28.74
31,1969.16,24.97,8.83,24.29,72.07,13.27,28.82
32,1917.88,26.07,11.04,25.07,72.09,13.18,28.72
33,1927.71,27.22,10.13,24.48,72.09,13.28,28.64
34,1923.92,28.17,9.83,22.37,72.11,13.3,28.7
35,1907.47,28.88,9.6,19.71,72.11,13.36,28.85
36,1939.44,29.67,9.58,20.24,72.12,13.4,28.99
37,1970.53,30.25,10.39,20.7,72.12,13.25,28.97
38,1959.48,30.86,10.62,20.43,72.13,13.33,29.1
39,1982.34,31.44,11.59,21.37,72.16,13.3,29.09
40,2005.17,32.22,12.07,22.68,72.16,13.32,29.21
41,2023.43,32.94,10.84,21.57,72.18,13.34,29.14
42,2034.3,33.58,11.49,21.82,72.16,13.29,29.15
43,2054.19,34.09,11.76,20.1,72.17,13.24,28.95
44,2095.32,34.48,11.26,20.58,72.18,13.16,28.86
45,2123.01,34.82,12.96,21.45,72.18,13.23,28.92
46,2099.45,34.66,13.14,20.02,72.15,13.2,28.84
47,2075.03,34.7,13.59,20.01,72.12,13.27,28.89
48,2059.78,34.72,14.01,20.22,72.13,13.29,28.99
49,2056.03,34.68,13.27,20.32,72.15,13.3,28.96
50,2064.9,34.69,13.44,20.21,72.16,13.2,28.89
51,2078.41,34.65,13.34,19.4,72.17,13.28,28.88
52,2098.28,34.75,12.6,19.02,72.15,13.22,28.75
53,2116.53,34.86,11.41,18.39,72.14,13.25,28.74
54,2132.37,34.91,11.31,18.17,72.11,13.25,28.74
55,2171.79,35.19,11.79,19.81,72.11,13.24,28.7
56,2151.12,35.44,11.75,19.13,72.15,13.21,28.84
57,2172.8,35.36,11.43,18.11,72.16,13.31,28.84
58,2192.75,35.57,11.41,19.07,72.15,13.29,28.93
59,2178.65,35.65,11.09,17.71,72.16,13.29,28.88
60,2204.43,35.95,12.38,20.37,72.16,13.3,28.84
61,2224.51,36.09,12.44,19.96,72.14,13.41,28.93
62,2233.32,36.06,11.82,17.93,72.15,13.43,29.03
63,2192.42,35.96,10.21,16.16,72.15,13.36,29.02
64,2224.88,36.04,10.08,16.01,72.15,13.35,29.09
65,2238.52,36.08,9.65,15.82,72.19,13.44,29.15
66,2253.51,36.03,9.2,16.43,72.19,13.48,29.09
67,2190.34,35.94,10.05,17.58,72.23,13.49,29.13
68,2193.22,36.04,10.17,18.8,72.22,13.38,29.31
69,2176.92,35.98,8.82,18.94,72.2,13.47,29.34
70,2216.17,35.76,9.44,19.32,72.19,13.51,29.34
71,2203.08,35.94,8.33,20.6,72.22,13.49,29.34
72,2243.59,35.94,9.06,19.37,72.21,13.48,29.18
73,2269.24,36.11,8.88,19.14,72.19,13.49,29.23
74,2277.89,36.26,9.15,18.89,72.2,13.51,29.14
75,2303.82,36.27,9.24,18.11,72.2,13.37,29.11
76,2286.42,36.55,9.36,21.51,72.22,13.46,29.27
77,2276.14,36.75,9.71,21.01,72.22,13.5,29.25
78,2300.95,36.74,9.83,19.06,72.21,13.41,29.2
79,2285.77,36.75,11.37,20.24,72.24,13.41,29.28
80,2265.94,36.93,11.53,20.56,72.23,13.36,29.21
81,2269.72,37.08,11.68,20.54,72.23,13.36,29.14
82,2261.41,37.05,10.98,19.85,72.24,13.33,29.23
83,2308.64,36.96,11.21,19.34,72.2,13.36,29.22
84,2327.73,36.97,10.31,20.19,72.22,13.32,29.04
85,2316.89,36.85,11.22,21.1,72.26,13.37,29.1
86,2297.14,36.6,9.94,20.56,72.28,13.41,29.04
87,2305.15,36.36,9.28,21.42,72.27,13.31,29.17
88,2327.95,36.23,8.07,20.5,72.26,13.43,29.13
89,2328.21,35.92,8.61,21.02,72.27,13.43,29.23
90,2303.35,35.88,8.42,20.78,72.28,13.43,29.4
91,2271.56,35.77,9.13,20.18,72.32,13.38,29.31
92,2264.93,35.78,8.45,19.29,72.35,13.45,29.27
93,2272.89,35.73,9.04,20.83,72.36,13.46,29.29
94,2263.85,35.66,9.61,21.52,72.35,13.33,29.15
95,2284.32,35.44,9.82,22.04,72.35,13.39,29.12
96,2291.77,35.31,9.86,21.3,72.37,13.33,29.05
97,2292.13,35.25,9.98,21.6,72.39,13.37,28.99
98,2297.35,35.2,9.25,20.8,72.4,13.37,29.0
99,2263.16,35.1,8.47,21.34,72.41,13.37,28.97
100,2250.69,34.98,9.05,22.08,72.46,13.33,28.97
101,2227.94,34.81,8.84,22.2,72.48,13.27,28.96
102,2236.07,34.69,9.31,22.63,72.45,13.4,28.89
103,2213.85,34.43,10.6,22.55,72.45,13.33,28.91
104,2215.49,34.25,10.16,22.37,72.47,13.4,28.87
105,2212.86,34.43,9.74,24.02,72.47,13.32,28.82
106,2225.73,34.42,9.49,22.88,72.5,13.38,28.82
107,2200.57,34.34,9.55,21.76,72.5,13.42,28.65
108,2212.17,34.4,10.1,22.98,72.49,13.33,28.62
109,2190.81,34.23,10.05,21.61,72.49,13.33,28.55
110,2174.79,34.23,11.69,21.82,72.51,13.31,28.5
111,2176.94,34.16,11.84,21.24,72.49,13.24,28.65
112,2207.13,34.4,12.39,20.9,72.49,13.37,28.64
113,2193.84,34.61,12.21,20.63,72.51,13.35,28.61
114,2164.32,34.71,12.84,21.57,72.49,13.34,28.57
115,2155.76,34.81,12.43,21.45,72.48,13.27,28.56
116,2160.68,35.04,11.79,24.0,72.46,13.24,28.47
117,2211.08,35.19,12.4,23.5,72.45,13.22,28.46
118,2226.29,35.37,12.21,23.56,72.45,13.27,28.45
119,2218.76,35.71,12.36,24.24,72.46,13.38,28.43
120,2226.22,35.98,13.06,23.89,72.45,13.32,28.18
121,2267.1,36.01,12.89,22.6,72.45,13.38,28.11
122,2266.38,36.02,12.5,23.16,72.48,13.4,28.26
123,2268.25,36.43,12.05,24.5,72.49,13.34,28.4
124,2268.08,36.69,12.84,23.68,72.54,13.4,28.55
125,2290.37,36.78,12.36,22.82,72.54,13.38,28.69
126,2284.46,36.65,12.1,22.82,72.54,13.37,28.81
127,2308.28,36.81,12.23,22.09,72.55,13.46,28.73
128,2335.02,37.18,12.45,22.36,72.55,13.43,28.62
129,2350.37,37.33,13.13,21.34,72.55,13.31,28.7
130,2337.06,35.65,12.76,20.82,72.53,13.31,28.69
131,2297.59,34.86,13.58,20.39,72.53,13.51,28.86
132,2281.02,33.91,13.0,20.39,72.55,13.39,28.85
133,2253.26,33.15,12.96,21.5,72.59,13.3,29.01
134,2219.28,31.87,12.46,20.82,72.62,13.18,28.94
135,2193.37,30.59,13.81,20.72,72.63,13.24,29.01
136,2177.53,29.31,13.04,20.4,72.65,13.19,29.16
137,2134.85,28.17,12.41,19.79,72.66,13.21,29.09
138,2071.09,26.21,12.11,19.2,72.66,13.16,29.11
139,2019.69,25.51,11.52,18.35,72.65,13.14,29.11
140,2098.34,24.14,11.43,18.18,72.66,13.25,29.01
141,2132.38,22.85,12.06,17.57,72.66,13.26,29.03
142,2135.76,23.28,11.98,20.55,72.68,13.27,28.94
143,2192.36,24.23,12.22,23.25,72.65,13.37,28.95
144,2139.65,25.48,12.27,24.34,72.66,13.22,28.97
145,2149.42,26.4,11.95,21.45,72.69,13.25,28.79
146,2122.3,27.2,12.09,20.55,72.7,13.25,28.88
147,2108.85,27.89,12.11,20.05,72.69,13.25,28.84
148,2109.48,29.01,13.29,22.45,72.68,13.32,28.92
149,2129.88,30.22,12.71,22.85,72.69,13.21,28.98
150,2115.23,31.2,14.02,22.27,72.71,13.12,29.09
151,2145.22,32.22,13.96,21.72,72.73,13.18,29.03
152,2135.12,32.95,14.01,19.61,72.73,13.17,28.79
153,2134.64,33.52,13.01,19.89,72.75,13.12,28.77
154,2144.45,33.98,13.37,19.06,72.76,13.2,28.79
155,2173.28,34.38,12.45,19.13,72.78,13.3,28.76
156,2175.85,34.8,12.7,19.08,72.8,13.26,28.78
157,2219.15,35.04,12.77,18.56,72.8,13.32,28.78
158,2251.27,35.22,12.32,17.68,72.79,13.33,28.65
159,2255.13,35.59,10.63,16.91,72.81,13.45,28.68
160,2240.85,35.92,12.47,17.27,72.8,13.34,28.6
161,2268.07,36.02,11.44,16.19,72.77,13.33,28.54
162,2230.3,36.1,11.57,16.58,72.8,13.31,28.58
163,2253.93,36.09,10.84,16.2,72.81,13.31,28.67
164,2243.05,36.03,11.61,15.98,72.82,13.26,28.7
165,2274.81,35.99,11.15,16.77,72.82,13.26,28.68
166,2249.5,36.01,10.46,16.06,72.84,13.29,28.67
167,2241.05,35.83,10.9,15.7,72.82,13.26,28.73
168,2255.58,35.86,9.82,14.99,72.82,13.2,28.84
169,2271.12,35.81,9.51,14.61,72.83,13.24,28.9
170,2260.97,35.93,10.19,15.54,72.85,13.4,28.93
171,2258.12,35.89,11.38,15.67,72.82,13.35,29.0
172,2280.55,35.8,10.48,14.59,72.83,13.41,28.86
173,2300.23,35.67,9.95,14.35,72.83,13.37,28.74
174,2290.54,35.72,10.27,14.35,72.82,13.41,28.68
175,2277.11,35.81,8.7,14.57,72.8,13.39,28.63
176,2251.69,36.0,10.02,16.01,72.84,13.49,28.59
177,2263.33,36.26,9.37,15.64,72.84,13.5,28.45
178,2284.54,36.25,9.1,14.7,72.85,13.49,28.34
179,2291.02,36.45,9.51,16.22,72.83,13.45,28.34
180,2274.8,36.39,9.62,15.77,72.81,13.39,28.4
181,2316.33,36.66,9.04,17.03,72.83,13.44,28.35
182,2274.83,36.61,10.54,16.37,72.81,13.41,28.36
183,2297.88,36.63,8.46,16.55,72.84,13.42,28.38
184,2304.26,36.59,7.74,16.29,72.87,13.49,28.5
185,2314.2,36.49,7.47,17.81,72.87,13.47,28.55
186,2296.76,36.35,6.98,17.83,72.86,13.47,28.63
187,2294.62,36.35,8.28,19.53,72.82,13.45,28.61
188,2301.54,36.38,7.16,21.01,72.8,13.4,28.46
189,2299.96,36.3,8.71,19.87,72.82,13.33,28.52
190,2263.28,36.11,8.63,20.33,72.85,13.38,28.49
191,2301.59,36.17,7.72,20.67,72.84,13.38,28.49
192,2313.09,36.14,6.28,19.75,72.83,13.41,28.42
193,2310.95,36.15,6.5,19.2,72.81,13.38,28.52
194,2310.57,36.2,6.33,18.46,72.8,13.5,28.39
195,2341.8,36.15,6.9,17.66,72.83,13.53,28.38
196,2320.86,36.22,6.9,19.58,72.84,13.48,28.46
197,2298.27,36.19,7.99,19.64,72.81,13.46,28.54
198,2314.55,36.11,8.09,18.56,72.83,13.47,28.49
199,2313.45,34.83,7.94,17.49,72.88,13.41,28.5
200,2272.37,32.96,8.88,15.95,72.87,13.45,28.54
201,2273.12,32.01,9.12,16.89,72.87,13.42,28.74
202,2253.25,31.19,9.76,17.0,72.88,13.42,28.62
203,2201.9,29.4,10.6,17.28,72.91,13.48,28.58
204,2176.09,27.9,10.18,16.83,72.93,13.31,28.76
205,2143.33,26.66,10.05,17.17,72.93,13.42,28.74
206,2098.46,25.3,10.55,16.66,72.92,13.35,28.56
207,2145.18,24.72,8.35,16.15,72.9,13.3,28.48
208,2185.07,24.11,8.24,16.37,72.88,13.34,28.23
209,2220.31,23.54,8.04,15.47,72.89,13.34,28.26
210,2222.28,22.15,8.31,14.91,72.89,13.36,28.38
211,2207.9,21.24,7.6,14.29,72.89,13.39,28.27
212,2189.69,19.46,8.45,14.64,72.9,13.35,28.25
213,2183.09,18.41,7.73,15.27,72.9,13.43,28.33
214,2159.15,17.66,7.29,14.96,72.91,13.43,28.19
215,2107.87,16.43,6.71,14.27,72.92,13.29,28.13
216,2054.08,14.55,7.67,14.39,72.94,13.36,28.15
217,2027.84,13.33,5.86,13.3,72.95,13.36,28.16
218,1999.61,14.68,8.03,22.19,72.95,13.35,28.15
219,1976.4,16.09,9.78,24.28,72.96,13.26,28.05
220,1979.61,16.5,9.24,17.92,72.96,13.29,28.08
221,1954.5,17.11,10.13,19.44,72.98,13.27,28.11
222,1957.04,17.87,10.3,19.93,72.98,13.22,28.18
223,1998.22,18.71,11.73,22.09,72.99,13.27,28.19
224,2021.1,19.94,12.68,24.25,73.0,13.31,28.23
225,2067.34,20.66,14.27,21.93,73.01,13.24,28.13
226,2083.27,21.78,12.93,24.66,73.03,13.31,28.29
227,2096.95,22.62,12.99,22.43,73.03,13.3,28.35
228,2149.18,23.5,11.55,23.02,73.07,13.36,28.33
229,2145.88,24.71,11.41,23.5,73.08,13.37,28.43
230,2110.66,25.94,13.53,23.57,73.09,13.37,28.33
231,2102.27,26.82,13.84,21.63,73.13,13.31,28.45
232,2090.33,27.6,14.5,23.14,73.12,13.42,28.6
233,2033.68,28.78,14.94,25.64,73.17,13.31,28.71
234,2004.3,29.59,15.12,23.49,73.14,13.32,28.62
235,2008.78,30.54,14.58,25.04,73.14,13.33,28.42
236,2031.27,31.73,14.09,25.57,73.12,13.29,28.45
237,2057.84,32.81,13.74,22.73,73.1,13.27,28.47
238,2073.18,33.37,11.43,20.27,73.12,13.25,28.38
239,2104.16,33.87,11.44,20.5,73.13,13.23,28.48
240,2127.74,34.28,11.68,19.91,73.13,13.32,28.39
241,2140.27,34.87,11.31,20.96,73.16,13.39,28.36
242,2165.66,35.07,11.17,19.52,73.19,13.28,28.36
243,2163.88,35.03,11.47,18.24,73.19,13.27,28.23
244,2190.0,35.33,12.18,20.55,73.17,13.32,28.31
245,2184.57,35.64,11.17,21.64,73.19,13.3,28.37
246,2206.85,35.73,10.46,19.09,73.19,13.41,28.37
247,2227.25,35.96,11.14,20.59,73.2,13.49,28.55
248,2231.06,36.16,11.61,19.65,73.22,13.42,28.76
249,2253.56,36.2,12.56,20.29,73.22,13.49,28.72
250,2292.77,36.4,13.47,21.96,73.25,13.48,28.51
251,2276.98,36.55,15.15,21.55,73.25,13.43,28.44
252,2302.76,36.59,14.45,19.59,73.27,13.51,28.58
253,2327.97,36.58,15.29,19.53,73.29,13.51,28.42
254,2323.05,36.47,14.04,19.19,73.31,13.46,28.4
255,2338.31,36.29,15.57,20.69,73.35,13.48,28.47
256,2329.11,36.06,15.39,19.71,73.34,13.52,28.63
257,2350.67,35.96,15.3,19.17,73.33,13.51,28.58
258,2287.64,35.62,15.56,18.65,73.33,13.4,28.53
259,2316.66,35.73,13.99,18.35,73.39,13.44,28.49
260,2290.84,35.8,12.77,17.29,73.41,13.45,28.52
261,2290.46,35.48,12.59,16.19,73.41,13.47,28.51
262,2272.24,35.51,12.63,16.79,73.41,13.47,28.62
263,2303.33,35.56,14.06,17.41,73.41,13.51,28.54
264,2294.75,35.43,12.9,16.75,73.42,13.49,28.58
265,2280.21,35.24,13.84,17.39,73.44,13.42,28.66
266,2300.0,35.13,13.24,16.34,73.45,13.51,28.64
267,2308.77,35.04,12.69,16.78,73.48,13.51,28.73
268,2295.3,35.1,12.31,17.19,73.52,13.44,28.75
269,2271.18,35.25,11.91,17.78,73.52,13.53,28.82
270,2246.57,35.08,12.11,16.84,73.53,13.43,28.82
271,2272.3,34.95,11.57,16.64,73.52,13.52,28.87
272,2276.82,34.89,10.28,16.3,73.52,13.4,28.81
273,2275.6,34.86,10.03,16.36,73.53,13.47,28.83
274,2282.17,35.05,10.48,16.94,73.55,13.38,29.0
275,2239.22,35.13,9.35,16.97,73.59,13.39,29.07
276,2235.1,35.24,9.93,16.84,73.58,13.44,28.95
277,2231.28,35.06,10.88,16.68,73.59,13.41,28.93
278,2255.31,35.3,12.1,19.64,73.58,13.4,28.78
279,2228.6,35.53,12.28,19.31,73.59,13.37,28.74
280,2255.96,35.63,10.66,18.26,73.65,13.43,28.85
281,2295.43,35.75,11.18,17.15,73.65,13.41,28.79
282,2260.13,35.83,11.88,15.64,73.7,13.37,28.84
283,2264.53,35.93,11.2,15.79,73.69,13.41,28.6
284,2278.52,36.02,11.08,16.09,73.68,13.41,28.54
285,2298.1,36.0,11.37,16.72,73.68,13.46,28.57
286,2254.09,35.88,12.67,17.71,73.69,13.36,28.63
287,2266.5,36.01,12.28,17.3,73.69,13.38,28.73
288,2268.07,36.31,12.93,19.63,73.71,13.4,28.71
289,2267.21,36.15,12.9,17.02,73.67,13.41,28.7
290,2314.05,36.24,12.84,18.55,73.65,13.48,28.59
291,2310.68,36.47,13.75,19.4,73.69,13.53,28.59
292,2321.42,36.58,12.79,20.5,73.68,13.55,28.55
293,2319.89,36.67,12.76,19.87,73.68,13.53,28.32
294,2326.21,36.75,12.57,19.71,73.69,13.61,28.24
295,2336.74,36.61,11.13,18.8,73.7,13.56,28.39
296,2353.69,36.74,12.09,19.77,73.69,13.54,28.4
297,2335.81,36.84,12.62,19.06,73.7,13.41,28.42
298,2337.22,36.58,12.41,19.99,73.72,13.5,28.34
299,2338.49,36.48,11.98,19.3,73.72,13.46,28.21
300,2302.62,36.45,11.8,18.55,73.73,13.44,28.38
301,2284.85,36.35,12.21,18.53,73.75,13.41,28.16
302,2305.15,36.17,12.04,18.68,73.78,13.47,28.16
303,2294.68,36.02,11.32,17.83,73.79,13.43,28.17
304,2346.84,36.01,10.78,18.59,73.83,13.35,28.21
305,2359.66,36.08,10.74,19.16,73.83,13.47,28.14
306,2359.9,36.0,9.94,18.4,73.82,13.45,28.0
307,2382.01,36.11,10.28,19.68,73.82,13.41,28.0
308,2385.66,36.0,9.63,18.1,73.85,13.46,27.99
309,2375.49,35.77,8.91,17.32,73.84,13.46,28.01
310,2335.3,35.74,11.58,18.16,73.81,13.46,28.17
311,2341.88,35.67,12.98,19.42,73.82,13.54,28.11
312,2362.28,35.68,12.81,19.35,73.82,13.45,28.23
313,2340.19,35.66,13.22,19.05,73.86,13.43,28.28
314,2296.4,35.65,13.72,17.5,73.87,13.45,28.42
315,2273.41,35.66,13.3,16.93,73.9,13.45,28.42
316,2310.62,35.77,13.26,16.61,73.9,13.45,28.52
317,2309.88,35.88,12.79,15.55,73.91,13.49,28.5
318,2337.25,35.91,13.54,16.12,73.92,13.49,28.59
319,2332.98,36.0,14.26,19.38,73.95,13.54,28.44
320,2319.09,35.98,15.09,19.28,73.96,13.47,28.26
321,2359.83,36.03,14.83,19.94,73.96,13.48,28.32
322,2346.46,36.19,16.18,20.52,73.99,13.47,28.42
323,2338.58,36.44,15.64,20.13,73.98,13.42,28.51
324,2346.05,36.41,16.74,20.7,73.97,13.53,28.55
325,2338.05,36.54,15.78,20.51,73.98,13.62,28.73
326,2352.24,36.58,14.21,18.0,73.98,13.62,28.65
327,2357.99,36.53,15.43,18.54,73.98,13.57,28.71
328,2364.17,36.6,15.47,18.77,73.98,13.68,28.73
329,2347.85,36.66,15.39,19.23,74.0,13.55,28.88
330,2312.44,36.65,14.59,19.63,74.03,13.54,28.91
331,2299.36,36.89,13.6,20.92,74.05,13.58,28.89
332,2291.12,37.16,12.81,20.96,74.07,13.63,28.75
333,2305.31,37.27,12.73,20.5,74.04,13.67,28.86
334,2294.99,37.2,12.37,21.56,74.05,13.56,28.91
335,2273.43,37.36,10.69,23.24,74.08,13.61,28.92
336,2260.4,37.18,12.01,22.21,74.11,13.62,29.17
337,2275.64,36.51,11.49,22.45,74.11,13.73,29.21
338,2289.53,35.55,12.34,23.76,74.15,13.7,29.14
339,2266.67,33.69,11.51,23.3,74.16,13.58,29.14
340,2240.35,32.24,11.43,22.58,74.12,13.62,28.99
341,2230.29,30.94,11.99,21.91,74.13,13.54,28.97
342,2204.93,29.61,12.37,21.58,74.12,13.6,28.94
343,2196.31,28.45,11.8,20.09,74.12,13.56,28.92
344,2156.5,27.52,11.89,20.31,74.14,13.49,28.86
345,2104.75,26.88,12.1,20.88,74.15,13.54,28.94
346,2093.34,26.09,11.62,19.99,74.15,13.52,28.95
347,2128.05,24.79,10.39,18.97,74.15,13.57,28.96
348,2136.03,23.42,9.65,17.6,74.16,13.59,28.98
349,2167.28,22.41,9.16,17.66,74.16,13.6,29.07
350,2193.97,21.14,9.02,17.44,74.18,13.67,29.11
351,2184.84,20.33,10.14,16.54,74.17,13.7,29.21
352,2140.13,18.89,10.57,18.45,74.17,13.66,29.2
353,2139.74,17.57,9.56,16.42,74.16,13.54,29.28
354,2110.09,16.86,10.76,15.51,74.15,13.47,29.39
355,2074.35,16.12,10.3,15.77,74.2,13.52,29.4
356,2025.0,15.48,10.47,15.97,74.19,13.55,29.39
357,2009.19,15.13,9.33,14.81,74.19,13.57,29.53
358,1946.79,14.72,8.68,13.62,74.18,13.57,29.45
359,1887.31,14.34,9.29,13.88,74.18,13.5,29.47
360,1893.83,13.97,8.29,13.74,74.18,13.44,29.5
361,1841.89,13.7,8.14,12.86,74.2,13.37,29.45
362,1832.39,13.61,8.34,13.6,74.2,13.36,29.41
363,1829.9,13.36,7.31,13.54,74.21,13.35,29.34
364,1801.85,13.13,5.78,13.71,74.18,13.4,29.3
365,1754.34,12.96,6.55,13.59,74.17,13.41,29.22
366,1742.59,12.82,8.8,14.84,74.19,13.42,29.14
367,1747.57,12.82,8.91,14.57,74.18,13.23,29.14
368,1732.04,12.93,9.21,15.57,74.2,13.37,29.26
369,1694.56,12.72,8.2,14.41,74.19,13.25,29.34
370,1681.33,12.51,9.17,15.15,74.19,13.28,29.12
371,1636.62,12.59,8.61,15.44,74.22,13.18,29.23
372,1605.71,12.55,9.29,13.44,74.24,13.24,29.21
373,1594.09,12.65,9.51,13.53,74.21,13.16,29.29
374,1597.94,13.46,10.1,18.11,74.27,13.16,29.31
375,1584.13,14.33,10.65,19.01,74.26,13.23,29.38
376,1609.19,15.2,11.12,19.87,74.3,13.15,29.36
377,1642.77,15.89,11.26,19.38,74.3,13.22,29.29
378,1665.13,16.73,12.01,20.09,74.29,13.17,29.47
379,1648.55,17.07,11.09,17.28,74.28,13.1,29.45
380,1682.79,17.46,10.68,16.86,74.28,13.07,29.55
381,1756.69,18.51,12.02,22.62,74.28,13.21,29.67
382,1805.83,19.82,12.35,25.49,74.29,13.23,29.67
383,1845.41,20.45,11.92,21.34,74.3,13.27,29.46
384,1877.31,21.01,12.59,20.64,74.34,13.07,29.5
385,1936.46,22.34,13.45,25.41,74.35,13.13,29.43
386,1992.48,23.68,12.54,24.57,74.36,13.14,29.5
387,2063.39,25.0,13.35,24.47,74.36,13.22,29.44
388,2010.88,25.53,13.23,19.47,74.36,13.17,29.34
389,1993.43,26.18,13.64,19.86,74.36,13.13,29.46
390,1972.12,27.12,13.62,20.53,74.34,13.12,29.3
391,1977.31,28.31,14.1,22.08,74.39,13.02,29.4
392,1941.94,29.48,12.71,21.64,74.4,13.01,29.39
393,1945.08,30.01,11.9,17.42,74.41,13.04,29.36
394,1972.9,31.06,12.76,20.59,74.44,13.13,29.38
395,2006.7,32.04,15.01,19.68,74.4,13.08,29.27
396,2024.28,32.52,15.0,18.01,74.45,13.13,29.3
397,1999.33,32.97,14.13,17.53,74.44,13.16,29.22
398,2036.18,33.41,14.01,18.07,74.43,13.19,29.2
399,2089.74,33.9,13.12,18.67,74.42,13.27,29.26
400,2090.3,34.27,13.98,18.82,74.45,13.24,29.28
401,2099.15,34.31,13.62,16.98,74.49,13.21,29.16
402,2134.01,34.71,14.29,19.77,74.52,13.33,29.27
403,2164.99,34.75,13.75,18.24,74.52,13.34,29.26
404,2198.08,34.87,14.34,19.81,74.49,13.42,29.23
405,2225.64,35.02,12.68,20.53,74.49,13.48,29.29
406,2198.27,34.97,12.43,18.68,74.49,13.43,29.27
407,2194.47,34.78,12.61,18.86,74.46,13.37,29.21
408,2212.54,34.68,12.12,17.51,74.48,13.43,29.3
409,2213.98,34.67,12.19,17.23,74.48,13.41,29.25
410,2224.62,34.72,12.26,17.55,74.5,13.44,29.19
411,2224.47,34.78,12.89,18.42,74.52,13.41,29.08
412,2217.77,34.69,13.09,18.05,74.53,13.41,29.16
413,2215.93,34.71,13.09,18.66,74.54,13.44,29.14
414,2196.43,34.64,13.48,18.35,74.57,13.48,29.0
415,2186.82,34.61,12.03,17.34,74.57,13.5,28.95
416,2191.42,34.62,11.22,16.57,74.56,13.54,29.11
417,2196.18,34.74,10.05,17.41,74.56,13.5,29.23
418,2213.23,34.82,10.51,17.15,74.58,13.4,29.21
419,2210.21,34.67,10.78,15.03,74.59,13.42,29.37
420,2248.39,34.89,11.91,17.6,74.59,13.4,29.44
421,2274.05,35.11,12.11,17.29,74.59,13.4,29.38
422,2261.76,35.15,11.41,16.17,74.62,13.47,29.34
423,2265.43,35.21,11.41,15.66,74.6,13.41,29.32
424,2288.59,35.23,9.78,15.11,74.65,13.43,29.21
425,2272.21,35.34,9.52,13.52,74.65,13.43,29.2
426,2254.34,35.17,7.69,12.38,74.65,13.47,29.25
427,2279.22,35.06,8.18,12.32,74.66,13.44,29.17
428,2289.55,35.21,8.21,12.63,74.67,13.4,29.11
429,2306.76,35.3,8.33,13.39,74.66,13.5,29.1
430,2306.91,35.38,7.8,13.35,74.67,13.48,29.15
431,2295.73,35.41,7.5,12.98,74.65,13.42,29.01
432,2263.17,35.19,8.3,12.67,74.64,13.39,28.98
433,2264.75,35.29,7.37,13.89,74.62,13.42,28.88
434,2288.31,35.31,8.05,13.66,74.62,13.48,29.01
435,2307.83,35.12,7.59,14.78,74.62,13.51,28.99
436,2321.3,35.16,6.51,15.73,74.59,13.52,29.13
437,2328.0,35.21,7.86,17.42,74.58,13.49,29.15
438,2362.88,35.24,9.15,18.69,74.59,13.57,29.09
439,2317.97,35.26,8.81,17.76,74.61,13.49,29.12
440,2314.33,35.24,8.49,17.53,74.59,13.43,29.09
441,2288.49,35.35,8.5,17.94,74.59,13.42,29.17
442,2317.15,35.61,8.13,19.38,74.58,13.51,29.07
443,2300.17,35.65,7.84,17.89,74.6,13.38,29.05
444,2317.68,35.8,8.5,18.64,74.59,13.41,29.08
445,2304.52,35.84,10.34,19.81,74.6,13.47,29.14
446,2310.93,35.93,10.08,19.71,74.6,13.46,28.98
447,2305.72,35.86,10.9,18.88,74.58,13.48,29.1
448,2302.75,35.79,11.1,18.58,74.58,13.54,29.12
449,2306.07,35.68,9.66,18.8,74.57,13.5,28.98
450,2321.0,35.73,9.71,19.26,74.59,13.61,28.73
451,2313.21,35.71,9.62,19.12,74.63,13.54,28.62
452,2327.07,35.75,10.86,20.01,74.65,13.57,28.71
453,2343.33,35.91,12.07,19.51,74.65,13.43,28.79
454,2329.62,36.11,12.28,19.02,74.65,13.51,28.86
455,2362.49,35.86,13.03,18.09,74.66,13.48,28.84
456,2367.63,35.77,12.62,18.26,74.69,13.51,28.8
457,2349.61,35.91,13.34,18.64,74.69,13.42,28.75
458,2354.39,35.85,13.09,17.07,74.7,13.47,28.78
459,2367.75,35.94,13.72,17.84,74.68,13.48,28.82
460,2369.17,35.7,14.31,18.63,74.69,13.55,28.78
461,2362.59,35.68,14.46,17.14,74.68,13.41,28.84
462,2283.6,35.7,13.44,14.72,74.68,13.38,28.75
463,2264.12,35.66,12.76,15.86,74.67,13.49,28.62
464,2280.43,35.7,13.11,15.38,74.68,13.56,28.55
465,2261.65,35.73,13.54,15.41,74.69,13.53,28.65
466,2274.71,35.64,13.32,14.3,74.69,13.53,28.64
467,2292.95,35.57,12.74,14.25,74.68,13.5,28.67
468,2289.19,35.63,12.66,14.77,74.69,13.57,28.8
469,2252.24,35.55,12.17,15.55,74.72,13.52,28.97
470,2240.47,35.54,11.74,16.05,74.76,13.51,29.0
471,2258.76,35.49,13.14,15.86,74.77,13.54,29.1
472,2285.5,35.41,12.45,14.51,74.78,13.57,29.19
473,2241.28,35.29,12.61,15.01,74.76,13.62,29.14
474,2245.95,35.27,12.47,14.83,74.79,13.53,29.17
475,2218.36,35.22,11.24,13.95,74.75,13.6,29.05
476,2224.54,35.11,10.1,14.67,74.77,13.56,29.08
477,2225.25,35.16,10.05,13.85,74.78,13.56,28.99
478,2276.76,35.32,8.57,14.24,74.74,13.56,28.97
479,2263.99,35.31,10.18,14.52,74.74,13.54,29.0
480,2276.71,33.97,9.85,13.67,74.74,13.6,29.0
481,2275.61,32.05,9.45,14.53,74.74,13.65,29.1
482,2244.24,30.92,10.41,14.07,74.74,13.47,29.1
483,2211.3,28.89,10.15,13.79,74.74,13.65,28.97
484,2175.68,28.09,10.53,13.39,74.74,13.59,28.92
485,2118.79,26.24,9.87,10.9,74.72,13.54,28.8
486,2061.69,25.24,9.75,10.54,74.73,13.35,28.81
487,2086.96,23.52,10.35,11.64,74.72,13.41,28.89
488,2083.58,22.36,9.4,10.67,74.75,13.41,28.9
489,2083.01,21.21,9.64,10.5,74.77,13.38,28.87
490,2080.65,20.41,7.49,9.54,74.79,13.43,28.94
491,2078.33,19.56,8.49,10.55,74.82,13.48,28.93
492,2072.05,18.49,7.91,10.21,74.84,13.44,28.84
493,2039.58,16.94,7.74,10.13,74.84,13.49,28.93
494,1988.57,15.7,7.55,10.0,74.8,13.45,29.01
495,1954.52,14.24,6.66,9.21,74.8,13.41,29.13
496,1916.27,12.51,5.76,10.01,74.83,13.39,29.03
497,1841.2,10.71,6.19,9.05,74.85,13.41,29.13
498,1752.53,9.23,6.58,9.35,74.84,13.31,29.02
499,1677.22,8.28,5.75,9.68,74.85,13.34,29.04
500,1603.69,6.8,6.13,9.3,74.84,13.28,29.05
501,1556.36,5.7,6.46,9.21,74.85,13.37,29.07
502,1494.09,4.39,5.98,9.07,74.84,13.32,28.85
503,1418.39,3.59,4.81,7.96,74.87,13.28,28.79
504,1385.51,3.04,4.75,6.38,74.87,13.33,28.71
505,1302.19,2.56,5.01,6.01,74.88,13.22,28.67
506,1258.68,2.21,4.9,7.09,74.86,13.21,28.92
507,1216.98,2.0,5.16,7.44,74.85,13.11,28.84
508,1179.29,1.66,4.31,6.99,74.83,13.14,28.79
509,1129.9,1.49,6.54,8.16,74.86,13.11,28.74
510,1082.85,1.45,5.18,7.29,74.85,12.99,28.66
511,1039.68,1.29,4.37,6.77,74.86,13.02,28.75
512,1019.03,1.24,4.59,6.42,74.83,12.92,28.9
513,968.27,0.94,6.14,7.1,74.81,12.93,28.84
514,934.63,0.89,5.41,6.25,74.8,12.93,28.82
515,943.97,0.8,4.69,5.79,74.8,12.95,28.75
516,931.22,0.55,4.37,6.25,74.8,12.94,28.9
517,926.75,0.62,5.14,6.8,74.84,12.97,28.98
518,879.35,2.02,5.29,15.12,74.81,12.89,29.02
519,853.89,2.96,6.36,13.22,74.83,12.94,28.96
520,871.97,3.94,7.08,13.82,74.84,12.89,28.83
521,893.76,5.4,8.11,16.96,74.84,12.99,28.83
522,896.61,6.21,8.92,12.44,74.83,12.89,28.94
523,949.47,7.32,10.71,14.56,74.86,12.94,28.77
524,1007.72,8.0,9.83,12.46,74.86,13.0,28.8
525,1035.24,8.44,10.29,11.82,74.86,13.03,28.94
526,1090.59,9.5,10.67,15.38,74.84,13.07,28.99
527,1176.1,10.86,11.72,18.43,74.83,13.0,29.13
528,1253.01,12.24,11.93,19.31,74.82,13.21,29.21
529,1295.78,13.44,12.91,19.62,74.84,13.28,29.18
530,1321.65,14.13,11.57,17.83,74.83,13.29,29.15
531,1379.32,15.09,10.74,19.75,74.82,13.26,29.11
532,1476.8,15.65,10.16,17.01,74.82,13.4,29.03
533,1548.93,16.48,10.18,19.41,74.82,13.34,28.97
534,1595.18,17.61,10.46,20.79,74.85,13.33,29.06
535,1672.32,18.24,9.85,19.49,74.86,13.39,29.01
536,1735.19,18.66,9.0,17.2,74.87,13.38,29.09
537,1731.5,19.01,8.47,16.74,74.88,13.42,29.1
538,1797.47,20.13,7.56,21.36,74.89,13.36,29.03
539,1843.74,20.97,7.75,19.62,74.91,13.51,29.06
540,1874.72,22.1,8.27,21.36,74.92,13.46,28.96
541,1928.23,22.89,8.98,20.86,74.91,13.59,28.99
542,1995.46,24.43,9.8,26.39,74.92,13.59,28.83
543,1958.88,25.79,11.77,25.78,74.93,13.6,28.87
544,1943.47,26.26,12.33,21.82,74.91,13.65,28.67
545,1932.63,27.38,13.11,25.77,74.88,13.65,28.66
546,1951.13,28.29,13.43,25.17,74.87,13.67,28.76
547,1951.12,29.26,13.9,24.62,74.84,13.64,28.79
548,1927.1,29.96,13.59,21.7,74.84,13.5,28.72
549,1934.49,30.51,13.5,21.43,74.83,13.49,28.66
550,1933.86,30.95,14.83,21.37,74.84,13.47,28.63
551,1928.45,31.32,14.42,22.38,74.86,13.49,28.69
552,1974.29,31.58,12.97,20.59,74.87,13.58,28.54
553,2008.32,31.85,13.31,21.37,74.89,13.61,28.64
554,2003.93,32.07,13.73,20.86,74.91,13.58,28.68
555,1994.54,32.16,13.48,20.46,74.91,13.5,28.67
556,2010.09,32.32,11.65,20.6,74.87,13.57,28.71
557,2000.42,32.48,12.55,20.73,74.85,13.54,28.71
558,2014.07,32.56,12.47,19.54,74.86,13.47,28.64
559,2032.92,32.71,12.01,19.46,74.87,13.58,28.47
560,2053.56,32.6,12.71,18.01,74.89,13.57,28.5
561,2072.67,32.76,10.86,18.62,74.95,13.56,28.45
562,2068.51,33.04,10.96,17.19,74.96,13.54,28.43
563,2083.09,33.26,10.51,16.47,74.96,13.53,28.47
564,2120.7,33.33,11.65,16.91,74.97,13.55,28.64
565,2086.17,33.38,11.68,17.38,74.95,13.49,28.69
566,2105.09,33.51,10.85,16.43,74.97,13.54,28.75
567,2091.55,33.48,11.64,16.43,74.97,13.53,28.62
568,2132.09,33.7,9.59,16.37,75.01,13.68,28.68
569,2156.86,33.88,10.11,16.34,74.98,13.65,28.7
570,2177.39,33.87,9.06,15.6,74.99,13.57,28.77
571,2162.54,33.89,8.78,14.93,74.98,13.54,28.74
572,2172.96,34.06,8.77,17.03,74.96,13.56,28.74
573,2184.38,34.04,9.6,16.6,74.98,13.56,28.82
574,2141.16,34.25,11.49,18.76,74.98,13.67,28.83
575,2155.18,34.54,10.05,19.56,75.01,13.58,28.7
576,2177.4,34.64,10.44,19.27,75.0,13.64,28.98
577,2157.49,34.78,12.22,20.6,75.0,13.57,28.94
578,2179.75,34.68,11.53,18.98,75.05,13.57,28.93
579,2189.15,34.73,10.88,18.15,75.03,13.62,28.99
580,2222.34,34.62,10.97,17.81,75.02,13.66,28.94
581,2216.1,34.72,11.57,18.97,74.97,13.62,28.89
582,2223.01,34.79,11.97,17.98,74.96,13.68,28.87
583,2232.23,34.8,11.48,17.97,74.98,13.7,28.82
584,2176.78,34.76,10.68,17.6,74.99,13.53,28.77
585,2178.82,34.92,11.74,18.83,75.0,13.63,29.03
586,2189.73,35.01,10.99,18.22,74.99,13.55,28.98
587,2151.34,35.25,9.48,18.46,74.99,13.54,29.01
588,2179.06,35.38,8.44,17.87,74.99,13.58,28.99
589,2192.55,35.59,8.24,18.81,75.0,13.57,29.03
590,2205.19,35.69,9.67,20.84,75.01,13.57,28.95
591,2229.53,35.82,8.82,20.72,75.01,13.61,28.84
592,2230.6,36.18,10.35,22.03,75.02,13.57,28.9
593,2241.21,36.23,11.41,19.07,75.02,13.49,28.82
594,2267.95,36.41,11.55,18.93,75.01,13.62,28.88
595,2274.82,36.48,9.41,17.0,75.02,13.56,28.78
596,2243.76,36.68,8.65,17.91,75.0,13.55,28.72
597,2253.59,36.52,8.3,16.35,75.01,13.61,28.69
598,2262.95,36.53,9.88,17.45,74.99,13.48,28.84
599,2287.34,36.47,9.46,16.76,75.0,13.58,28.71
600,2283.2,36.42,8.91,16.92,75.01,13.67,28.79
601,2266.31,36.3,9.19,17.61,75.0,13.61,28.87
602,2250.42,36.14,8.16,16.81,75.02,13.53,28.91
603,2285.65,36.24,8.39,18.05,75.06,13.59,28.78
604,2292.66,36.17,7.93,16.89,75.05,13.69,28.65
605,2321.7,36.21,10.32,17.26,75.05,13.66,28.76
606,2348.3,35.98,9.57,17.32,75.08,13.59,28.69
607,2325.91,35.91,11.16,18.16,75.05,13.66,28.76
608,2304.49,35.89,10.15,18.12,75.06,13.63,28.72
609,2300.07,35.94,10.38,19.17,75.06,13.49,28.79
610,2310.79,35.88,10.75,18.8,75.08,13.61,28.8
611,2279.22,35.77,10.8,18.49,75.08,13.63,28.74
612,2288.91,35.78,10.79,18.32,75.09,13.57,28.62
613,2296.5,35.78,11.41,18.78,75.09,13.6,28.72
614,2272.81,35.82,11.63,18.86,75.11,13.48,28.65
615,2253.04,35.86,11.36,18.73,75.09,13.5,28.38
616,2266.52,35.88,10.71,17.93,75.11,13.61,28.49
617,2309.49,35.67,10.51,17.1,75.12,13.65,28.42
618,2298.77,35.55,10.32,16.36,75.08,13.61,28.46
619,2300.84,35.37,10.13,16.69,75.09,13.61,28.65
620,2282.8,35.17,10.18,16.65,75.1,13.52,28.66
621,2282.91,35.05,9.03,15.91,75.09,13.49,28.76
622,2266.23,35.17,8.36,16.85,75.07,13.54,28.79
623,2258.95,35.11,9.18,17.57,75.08,13.49,28.92
624,2306.12,35.08,7.46,16.73,75.08,13.52,28.85
625,2302.83,35.44,8.86,18.64,75.09,13.44,28.84
626,2266.19,35.4,8.52,16.94,75.09,13.45,28.89
627,2278.45,35.32,10.01,17.56,75.07,13.6,28.93
628,2299.05,35.31,10.99,17.9,75.12,13.49,29.0
629,2308.59,35.44,10.7,19.4,75.12,13.51,28.88
630,2300.37,35.54,10.5,18.87,75.12,13.54,29.12
631,2277.68,35.36,11.73,18.88,75.16,13.49,29.39
632,2258.46,35.32,12.57,19.18,75.18,13.51,29.4
633,2255.66,35.27,13.09,21.7,75.2,13.58,29.37
634,2249.71,35.25,13.7,21.59,75.23,13.54,29.46
635,2239.07,35.03,12.46,21.54,75.24,13.54,29.34
636,2264.26,34.86,12.37,21.19,75.26,13.53,29.21
637,2280.5,34.93,11.54,21.54,75.28,13.58,29.28
638,2300.56,34.82,10.49,20.42,75.28,13.59,29.32
639,2277.09,34.85,10.58,20.92,75.31,13.6,29.31
640,2253.36,34.75,10.18,20.21,75.33,13.62,29.25
641,2252.28,34.69,10.02,20.31,75.29,13.62,29.07
642,2258.4,34.76,9.65,19.88,75.31,13.55,29.13
643,2257.28,34.88,8.73,19.07,75.31,13.61,29.07
644,2262.97,35.0,10.27,18.25,75.31,13.69,29.14
645,2293.57,35.15,10.44,18.87,75.29,13.69,29.22
646,2284.88,35.33,9.33,18.17,75.29,13.62,29.29
647,2298.05,35.35,9.56,19.0,75.28,13.76,29.26
648,2305.49,35.59,10.94,20.4,75.3,13.75,29.14
649,2304.34,35.7,11.67,20.77,75.3,13.73,29.18
650,2317.55,35.87,11.19,21.81,75.27,13.75,29.29
651,2300.46,36.23,10.87,22.36,75.26,13.63,29.39
652,2281.41,36.24,10.04,19.22,75.26,13.61,29.63
653,2291.96,36.11,9.46,18.75,75.28,13.66,29.43
654,2259.21,36.05,8.99,19.17,75.29,13.65,29.41
655,2273.1,36.0,7.93,20.36,75.28,13.62,29.36
656,2251.34,35.82,7.79,19.04,75.29,13.66,29.34
657,2286.17,35.94,8.36,19.97,75.33,13.71,29.34
658,2278.5,36.0,8.23,18.95,75.36,13.71,29.36
659,2309.57,36.11,8.65,19.17,75.33,13.68,29.44
660,2303.98,36.15,10.12,20.49,75.38,13.56,29.28
661,2305.6,37.3,12.19,27.31,75.41,13.63,29.19
662,2337.79,38.71,12.68,28.05,75.45,13.68,29.07
663,2361.23,39.84,13.75,27.08,75.43,13.75,29.03
664,2382.36,41.18,14.02,28.96,75.44,13.68,28.93
665,2397.4,41.78,13.64,24.13,75.46,13.77,28.87
666,2417.31,42.94,13.09,26.95,75.45,13.85,28.81
667,2493.23,43.54,13.29,24.2,75.47,13.86,28.77
668,2482.52,44.16,14.29,23.7,75.5,13.86,28.84
669,2489.43,45.35,13.6,27.42,75.51,13.85,28.75
670,2548.91,46.35,13.7,26.47,75.55,13.98,28.88
671,2602.38,46.91,13.54,25.14,75.57,13.97,28.88
672,2612.87,47.65,13.96,26.73,75.55,14.06,28.86
673,2609.46,48.33,14.34,26.39,75.54,14.04,28.77
674,2674.55,49.58,15.2,30.39,75.57,14.09,28.8
675,2610.65,50.22,16.77,25.68,75.56,14.04,28.88
676,2568.35,50.78,15.94,24.75,75.59,13.96,28.94
677,2549.3,52.2,15.61,29.8,75.61,14.0,29.0
678,2514.2,53.3,16.1,28.1,75.63,13.91,28.95
679,2524.92,53.54,17.08,23.38,75.62,13.96,29.02
680,2519.04,54.29,15.9,27.12,75.64,13.98,29.0
681,2498.95,54.98,16.26,26.76,75.68,13.95,29.1
682,2484.93,55.39,16.02,24.33,75.68,14.06,29.15
683,2518.47,56.25,16.88,26.42,75.7,13.94,29.27
684,2517.57,56.56,17.22,23.13,75.74,13.97,29.15
685,2536.27,56.95,17.09,23.04,75.75,13.94,29.01
686,2542.59,57.52,17.44,23.59,75.75,13.88,28.99
687,2514.52,57.87,16.73,21.98,75.75,13.96,28.94
688,2537.28,57.19,17.07,21.1,75.72,13.92,28.81
689,2556.83,55.55,17.81,22.17,75.7,13.95,28.86
690,2582.89,54.11,17.43,21.17,75.71,14.02,28.89
691,2523.2,52.41,16.65,20.64,75.74,13.92,28.85
692,2437.88,50.52,16.13,20.34,75.73,13.87,28.86
693,2510.09,49.09,16.38,21.18,75.76,13.93,28.75
694,2539.58,47.65,15.92,22.25,75.78,13.94,28.87
695,2540.84,46.38,14.56,20.76,75.77,13.93,28.79
696,2563.68,44.82,15.03,20.29,75.77,14.01,28.61
697,2562.59,43.2,13.87,19.3,75.75,13.98,28.66
698,2535.99,41.64,13.93,19.44,75.77,13.99,28.62
699,2528.28,40.28,12.13,16.68,75.77,13.99,28.8
700,2529.13,39.36,12.07,16.64,75.79,14.06,28.81
701,2518.44,38.75,11.87,15.37,75.8,14.02,28.88
702,2505.53,38.19,10.16,14.91,75.78,14.06,28.94
703,2496.96,37.74,10.45,16.74,75.8,13.93,28.9
704,2444.1,37.32,9.56,16.94,75.77,13.89,28.88
705,2429.55,37.08,9.7,16.11,75.77,14.05,28.91
706,2421.12,36.82,9.43,15.79,75.76,13.97,28.94
707,2399.24,36.5,8.32,14.75,75.79,13.98,28.84
708,2370.64,36.44,7.67,15.52,75.82,13.87,28.74
709,2346.72,36.35,7.15,13.7,75.83,13.8,28.56
710,2335.36,36.36,8.25,14.04,75.83,13.85,28.63
711,2350.44,36.46,9.16,14.69,75.86,13.68,28.64
712,2376.95,36.56,11.07,14.95,75.85,13.81,28.61
713,2395.28,36.47,10.57,15.76,75.83,13.71,28.48
714,2353.14,36.42,10.1,14.42,75.8,13.85,28.4
715,2329.38,36.5,10.25,14.19,75.8,13.71,28.34
716,2339.65,36.34,9.96,15.15,75.77,13.69,28.25
717,2360.95,36.28,9.52,15.19,75.8,13.63,28.3
718,2332.5,35.99,9.62,15.13,75.79,13.64,28.36
719,2329.82,35.8,10.23,15.06,75.78,13.59,28.54
720,2307.05,36.86,9.07,21.17,75.8,13.63,28.55
721,2324.69,38.43,9.54,24.49,75.83,13.58,28.7
722,2328.25,39.58,9.11,21.65,75.86,13.56,28.56
723,2350.38,39.99,9.37,16.66,75.84,13.65,28.38
724,2347.91,41.0,10.38,20.98,75.81,13.8,28.33
725,2343.44,41.97,11.83,21.24,75.84,13.78,28.27
726,2437.06,42.47,11.67,18.71,75.8,13.78,28.3
727,2464.91,43.63,12.31,23.94,75.78,13.72,28.28
728,2535.87,44.61,11.38,22.73,75.79,13.73,28.09
729,2591.74,45.75,11.3,24.2,75.78,13.89,28.23
730,2581.83,46.47,11.89,23.39,75.79,13.74,28.22
731,2620.86,47.8,11.49,27.65,75.78,13.78,28.11
732,2626.87,48.62,12.97,24.88,75.81,13.77,28.23
733,2654.91,49.07,13.55,22.44,75.83,13.81,28.18
734,2652.09,49.87,13.12,24.47,75.84,13.73,28.31
735,2582.31,50.91,12.41,26.16,75.85,13.78,28.27
736,2540.36,51.94,12.39,25.62,75.84,13.77,28.28
737,2512.16,52.46,11.98,22.49,75.84,13.75,28.36
738,2503.91,53.55,11.66,25.53,75.83,13.6,28.37
739,2480.15,54.72,11.29,25.73,75.87,13.66,28.38
740,2486.33,55.42,11.67,22.38,75.88,13.67,28.42
741,2514.76,56.13,12.79,23.36,75.87,13.71,28.53
742,2526.0,57.0,12.75,24.77,75.91,13.86,28.57
743,2533.72,58.05,13.74,27.5,75.92,13.77,28.54
744,2551.34,58.68,13.82,25.31,75.95,13.83,28.54
745,2536.31,59.81,14.91,28.28,75.98,13.77,28.46
746,2573.57,60.44,14.53,26.48,76.0,13.87,28.59
747,2569.11,61.8,15.44,31.62,75.99,13.95,28.63
748,2622.06,62.22,15.65,26.37,75.99,13.96,28.59
749,2658.42,63.49,17.29,32.36,76.06,14.02,28.68
750,2690.02,64.43,17.98,30.97,76.07,13.98,28.57
751,2724.59,65.84,18.61,33.62,76.07,14.01,28.72
752,2746.49,66.81,17.59,30.72,76.08,14.04,28.69
753,2753.39,67.65,17.38,29.83,76.07,14.0,28.8
754,2758.04,68.1,16.78,27.61,76.09,14.09,28.83
755,2817.35,68.46,16.2,28.0,76.08,14.18,28.74
756,2838.97,69.13,16.5,30.77,76.07,14.13,28.71
757,2837.41,70.03,17.08,32.67,76.09,14.03,28.78
758,2873.34,71.07,17.73,32.68,76.1,14.15,28.87
759,2904.23,71.72,18.9,30.61,76.11,14.24,28.88
760,2920.56,72.36,19.35,29.57,76.12,14.2,28.75
761,2927.69,73.41,18.61,32.75,76.11,14.19,28.65
762,2969.11,73.99,18.86,30.16,76.15,14.3,28.87
763,3013.89,75.0,19.62,33.28,76.18,14.33,28.81
764,2974.19,75.52,20.61,30.16,76.18,14.31,28.96
765,2938.08,76.54,20.64,34.06,76.2,14.18,28.83
766,2891.68,77.17,20.49,31.64,76.2,14.16,28.83
767,2880.1,78.13,21.51,33.95,76.23,14.23,28.88
768,2851.95,79.35,21.86,35.7,76.26,14.13,28.78
769,2815.73,79.78,20.36,30.43,76.29,14.28,28.98
770,2836.06,81.02,19.28,35.0,76.29,14.22,29.06
771,2813.86,81.83,21.01,33.93,76.28,14.17,29.15
772,2779.82,82.71,19.79,34.7,76.25,14.17,29.15
773,2818.46,83.9,20.1,36.96,76.32,14.31,29.26
774,2793.42,84.54,20.95,33.2,76.34,14.17,29.4
775,2802.57,85.77,19.92,36.63,76.38,14.18,29.39
776,2797.43,86.14,19.11,30.68,76.36,14.19,29.5
777,2802.09,86.7,18.36,32.66,76.39,14.24,29.46
778,2866.94,87.1,20.04,33.67,76.37,14.34,29.53
779,2880.41,87.99,21.99,37.82,76.39,14.31,29.52
780,2904.16,88.86,21.55,36.64,76.4,14.25,29.42
781,2935.37,89.39,22.04,34.51,76.41,14.25,29.44
782,2936.17,90.07,22.36,35.37,76.41,14.27,29.5
783,2972.47,90.44,22.02,32.87,76.44,14.28,29.46
784,2990.96,90.82,20.65,32.25,76.44,14.2,29.49
785,3015.96,91.07,22.51,32.45,76.48,14.27,29.51
786,3008.68,91.36,20.9,32.46,76.49,14.33,29.5
787,3026.27,91.52,21.01,32.66,76.51,14.39,29.49
788,3033.11,91.74,20.47,32.77,76.53,14.3,29.44
789,3062.39,91.84,21.24,32.14,76.55,14.34,29.41
790,3054.43,91.79,21.75,30.67,76.56,14.3,29.39
791,3099.35,91.98,20.85,31.93,76.61,14.29,29.3
792,3104.94,92.15,20.19,31.24,76.64,14.27,29.54
793,3100.74,92.31,18.98,30.58,76.6,14.37,29.43
794,3095.22,92.43,19.26,29.96,76.61,14.41,29.32
795,3095.18,92.39,19.88,29.15,76.64,14.35,29.27
796,3082.43,92.34,19.51,29.53,76.64,14.38,29.48
797,3096.85,92.24,19.33,29.5,76.65,14.34,29.41
798,3095.64,92.06,20.89,31.23,76.66,14.23,29.48
799,3134.42,92.21,21.59,31.71,76.7,14.3,29.5
800,3120.48,92.09,22.47,31.99,76.69,14.25,29.5
801,3113.67,91.99,20.4,30.73,76.68,14.31,29.56
802,3101.27,91.9,20.76,30.73,76.7,14.32,29.67
803,3136.74,91.95,20.87,31.56,76.72,14.34,29.64
804,3101.7,92.15,19.85,32.67,76.74,14.28,29.7
805,3101.52,92.08,18.99,31.8,76.75,14.33,29.57
806,3106.4,92.27,18.98,33.6,76.76,14.43,29.57
807,3081.44,92.25,17.98,31.62,76.78,14.37,29.46
808,3134.66,92.14,17.51,32.83,76.8,14.49,29.43
809,3108.83,91.96,17.35,32.84,76.8,14.47,29.3
810,3105.51,91.87,18.04,30.65,76.81,14.42,29.33
811,3135.29,91.8,17.63,30.57,76.81,14.43,29.17
812,3120.05,91.82,17.48,30.25,76.81,14.52,29.2
813,3117.16,91.73,18.51,30.19,76.83,14.47,29.08
814,3104.79,91.81,17.25,30.58,76.81,14.42,29.0
815,3099.65,91.72,17.67,30.4,76.84,14.53,29.12
816,3118.06,91.73,18.18,30.19,76.84,14.55,29.17
817,3103.81,91.62,18.65,31.29,76.85,14.54,29.28
818,3047.06,91.74,18.4,30.59,76.85,14.47,29.43
819,3049.54,91.63,17.67,28.6,76.87,14.34,29.32
820,3054.22,91.69,19.1,28.76,76.91,14.43,29.44
821,3060.4,91.58,18.46,28.61,76.95,14.48,29.36
822,3058.32,91.68,17.73,29.26,76.97,14.51,29.39
823,3042.78,91.62,17.93,28.11,76.98,14.47,29.27
824,3041.7,91.68,17.54,27.97,77.01,14.43,29.13
825,3081.44,91.73,18.61,28.59,76.98,14.45,29.19
826,3080.93,92.03,18.65,29.5,77.0,14.41,29.27
827,3094.58,92.01,19.7,28.84,77.01,14.4,29.35
828,3073.37,92.16,20.13,31.09,76.99,14.4,29.41
829,3069.95,92.24,19.82,30.43,76.99,14.32,29.32
830,3052.0,91.93,20.69,30.41,77.01,14.35,29.38
831,3082.13,91.95,20.07,30.47,77.02,14.34,29.46
832,3051.95,92.14,19.87,32.35,77.05,14.42,29.46
833,3063.66,91.93,20.27,32.73,77.09,14.44,29.46
834,3073.72,92.06,20.45,33.23,77.1,14.5,29.5
835,3081.01,92.07,19.84,32.12,77.09,14.31,29.32
836,3033.98,91.89,18.59,31.89,77.11,14.39,29.3
837,3000.25,92.09,18.78,33.15,77.15,14.27,29.23
838,3014.06,92.23,18.36,31.85,77.18,14.32,29.32
839,3005.21,92.2,18.52,29.56,77.2,14.21,29.45
840,3003.64,92.37,18.38,30.07,77.24,14.31,29.47
841,3006.3,92.3,17.94,29.17,77.25,14.29,29.48
842,2995.97,92.29,17.9,28.81,77.28,14.27,29.6
843,2983.7,92.32,18.04,28.27,77.27,14.21,29.42
844,2997.92,92.37,18.79,28.36,77.24,14.22,29.38
845,2972.62,92.47,19.26,30.15,77.22,14.27,29.43
846,2979.86,92.68,21.1,30.77,77.22,14.21,29.29
847,2978.79,91.46,21.05,29.18,77.23,14.27,29.25
848,2983.89,89.5,20.33,28.42,77.22,14.34,29.33
849,3032.46,88.31,20.07,29.94,77.23,14.3,29.45
850,3003.45,87.14,20.4,28.72,77.25,14.28,29.48
851,3000.31,85.41,21.01,28.25,77.27,14.3,29.54
852,2989.49,84.04,21.81,28.51,77.27,14.32,29.59
853,2981.81,82.65,20.62,28.09,77.3,14.3,29.64
854,2952.95,80.6,21.35,28.93,77.3,14.19,29.62
855,2957.04,79.49,20.93,29.44,77.3,14.36,29.63
856,2940.66,78.15,19.83,28.25,77.3,14.3,29.59
857,2921.52,76.65,19.38,28.07,77.32,14.27,29.71
858,2865.58,77.45,20.53,32.96,77.33,14.21,29.77
859,2849.33,78.07,20.88,31.69,77.35,14.28,29.9
860,2825.57,78.89,19.97,33.26,77.37,14.23,29.83
861,2801.8,80.1,19.38,35.59,77.38,14.23,29.69
862,2787.52,80.68,18.52,32.53,77.36,14.28,29.79
863,2788.6,81.32,18.18,33.11,77.36,14.27,29.83
864,2803.91,82.49,18.81,37.21,77.36,14.25,29.82
865,2830.83,83.45,18.33,33.81,77.36,14.24,29.79
866,2855.12,83.99,18.25,31.47,77.33,14.32,29.77
867,2868.41,85.32,20.06,37.37,77.31,14.36,29.66
868,2878.27,86.08,21.6,35.04,77.34,14.38,29.69
869,2882.59,86.96,22.99,37.38,77.34,14.26,29.8
870,2890.1,87.73,21.54,36.68,77.37,14.29,29.93
871,2888.74,88.43,22.97,35.72,77.37,14.36,29.95
872,2896.06,88.87,22.88,34.55,77.39,14.27,29.84
873,2919.39,89.27,22.77,34.91,77.4,14.29,29.85
874,2965.06,89.7,23.46,34.96,77.42,14.36,29.95
875,2972.07,89.99,23.75,33.95,77.43,14.4,29.79
876,2965.15,90.19,21.91,33.17,77.44,14.37,29.78
877,2995.06,90.36,21.25,32.78,77.48,14.3,29.88
878,2962.4,90.61,20.9,33.72,77.5,14.38,29.91
879,2995.4,90.85,19.81,33.4,77.5,14.4,30.1
880,2975.35,91.0,20.65,31.35,77.47,14.31,30.03
881,3000.78,91.23,21.8,32.37,77.48,14.41,29.96
882,3000.15,91.22,21.56,30.61,77.5,14.41,30.01
883,3015.33,91.16,21.59,31.13,77.51,14.48,29.85
884,3064.89,91.49,21.55,33.62,77.5,14.43,29.78
885,3049.22,91.39,21.42,30.77,77.52,14.45,29.77
886,3031.91,91.2,22.13,31.08,77.54,14.4,29.89
887,3038.36,91.32,20.51,31.6,77.57,14.46,29.91
888,3073.69,91.52,20.9,32.67,77.58,14.47,29.84
889,3077.6,91.56,20.8,32.38,77.63,14.52,29.73
890,3077.97,91.51,20.1,31.02,77.67,14.49,29.79
891,3080.22,91.39,19.64,30.69,77.68,14.47,30.1
892,3059.16,91.4,21.11,29.55,77.69,14.54,30.12
893,3063.91,91.32,19.89,29.98,77.73,14.4,30.1
894,3056.49,91.3,19.71,29.98,77.72,14.46,29.95
895,3085.35,91.49,21.09,31.69,77.72,14.46,29.91
896,3099.03,91.31,19.92,30.13,77.7,14.44,29.85
897,3068.61,91.37,19.55,30.65,77.71,14.4,29.75
898,3062.85,91.34,19.58,31.01,77.7,14.51,29.75
899,3074.33,91.39,19.93,31.23,77.7,14.48,29.83
900,3053.84,91.31,19.83,31.07,77.71,14.42,29.93
901,3034.01,91.36,19.1,31.23,77.7,14.41,29.9
902,3030.3,91.66,19.66,31.34,77.73,14.48,29.77
903,3043.14,91.65,19.57,29.06,77.76,14.39,29.92
904,3068.2,91.62,20.08,29.77,77.76,14.37,29.88
905,3073.91,91.57,20.76,31.02,77.8,14.34,29.78
906,3122.91,91.51,19.45,31.72,77.81,14.41,29.82
907,3102.97,91.5,20.29,30.97,77.84,14.47,29.85
908,3114.06,91.55,20.04,31.93,77.83,14.41,29.62
909,3087.21,91.64,20.7,33.04,77.83,14.35,29.5
910,3119.21,91.89,21.11,34.5,77.86,14.36,29.46
911,3142.45,91.9,22.45,32.1,77.86,14.42,29.53
912,3150.33,92.1,22.28,32.8,77.87,14.43,29.5
913,3108.73,92.29,21.79,32.48,77.88,14.37,29.39
914,3121.41,92.37,21.21,31.49,77.9,14.31,29.49
915,3101.59,92.32,20.23,28.99,77.91,14.4,29.48
916,3110.18,92.39,20.85,29.59,77.94,14.36,29.57
917,3078.41,92.15,19.85,28.12,77.93,14.34,29.49
918,3086.09,92.34,20.57,30.16,77.94,14.32,29.42
919,3080.37,92.37,20.32,29.65,77.96,14.35,29.41
920,3066.11,92.27,18.85,29.27,77.95,14.43,29.42
921,3081.25,92.2,20.12,29.61,77.95,14.41,29.47
922,3079.98,91.97,17.37,28.63,77.96,14.5,29.42
923,3080.32,93.23,18.19,36.66,78.0,14.56,29.33
924,3101.63,93.82,18.85,33.75,78.02,14.53,29.44
925,3147.69,95.15,17.8,37.75,78.04,14.54,29.37
926,3157.75,95.83,18.74,33.81,78.07,14.54,29.47
927,3128.57,96.9,18.91,37.05,78.03,14.49,29.6
928,3111.47,97.85,19.36,37.09,78.05,14.56,29.65
929,3130.89,98.25,20.77,34.77,78.05,14.56,29.59
930,3169.39,98.94,21.23,38.07,78.09,14.52,29.51
931,3111.56,100.31,21.62,43.59,78.12,14.43,29.51
932,3069.71,100.67,21.61,38.05,78.15,14.43,29.43
933,3024.89,101.62,23.47,41.35,78.18,14.34,29.41
934,3009.26,102.68,24.13,42.76,78.19,14.41,29.48
935,2986.31,101.85,23.14,35.65,78.22,14.4,29.55
936,2929.11,100.18,22.54,34.36,78.23,14.31,29.42
937,2982.21,98.9,21.41,33.31,78.26,14.33,29.48
938,2983.77,97.52,20.97,33.08,78.25,14.31,29.55
939,3021.38,96.36,22.2,34.07,78.28,14.25,29.71
940,3036.04,95.36,21.86,34.75,78.29,14.28,29.76
941,3054.46,94.53,20.62,34.55,78.31,14.36,29.87
942,3071.71,93.9,20.89,34.84,78.3,14.33,29.92
943,3084.39,93.5,20.48,34.29,78.31,14.47,30.04
944,3116.44,92.96,20.86,34.46,78.32,14.34,29.92
945,3115.61,92.68,20.56,32.99,78.33,14.34,29.89
946,3116.77,92.23,21.63,33.64,78.31,14.41,29.89
947,3139.93,92.11,20.7,33.54,78.32,14.41,29.76
948,3170.81,92.01,19.66,34.52,78.34,14.48,29.81
949,3158.96,91.83,20.41,34.45,78.32,14.45,29.72
950,3137.76,91.67,18.72,34.35,78.31,14.39,29.69
951,3120.34,91.69,18.68,33.72,78.32,14.42,29.68
952,3124.28,91.86,19.5,36.05,78.34,14.54,29.63
953,3114.43,91.95,17.8,35.58,78.35,14.56,29.67
954,3075.42,92.06,18.1,36.19,78.37,14.41,29.67
955,3098.4,92.0,17.05,34.85,78.38,14.48,29.62
956,3111.82,91.97,15.84,33.92,78.38,14.58,29.58
957,3129.41,91.8,15.36,33.2,78.39,14.58,29.51
958,3148.79,91.82,15.65,32.48,78.37,14.53,29.51
959,3142.72,91.87,15.5,32.74,78.37,14.54,29.51
960,3139.42,91.93,16.83,32.9,78.38,14.53,29.52
961,3151.89,92.02,17.23,33.37,78.42,14.62,29.66
962,3118.34,92.04,17.09,32.67,78.43,14.5,29.52
963,3106.02,92.0,16.29,31.2,78.47,14.51,29.58
964,3102.02,92.2,16.91,33.29,78.52,14.47,29.76
965,3117.79,91.93,18.83,32.76,78.53,14.47,29.8
966,3101.57,91.75,18.34,32.95,78.53,14.48,29.77
967,3083.84,91.74,18.0,31.68,78.58,14.54,29.64
968,3073.57,91.66,17.31,30.68,78.61,14.52,29.55
969,3083.02,91.67,18.49,30.86,78.62,14.55,29.52
970,3081.2,91.8,19.41,32.08,78.62,14.49,29.45
971,3052.66,92.02,19.19,32.31,78.62,14.51,29.39
972,3032.24,92.19,18.84,32.7,78.61,14.55,29.37
973,3042.99,92.45,18.3,33.77,78.65,14.58,29.39
974,3053.87,92.7,18.34,33.11,78.67,14.59,29.4
975,3061.39,92.88,19.39,35.16,78.68,14.53,29.26
976,3058.64,93.06,19.56,34.98,78.68,14.6,29.24
977,3081.96,93.13,20.65,35.52,78.68,14.5,29.22
978,3094.06,93.24,20.05,35.09,78.69,14.66,29.16
979,3103.0,93.13,18.18,33.97,78.7,14.64,29.34
980,3112.92,93.35,20.54,36.71,78.67,14.61,29.38
981,3146.43,93.44,20.69,34.72,78.67,14.61,29.19
982,3123.61,93.53,21.28,35.92,78.67,14.48,29.25
983,3115.09,93.37,20.51,34.21,78.7,14.49,29.32
984,3108.88,93.33,19.35,33.26,78.7,14.5,29.33
985,3135.29,93.29,19.53,32.82,78.68,14.62,29.25
986,3124.87,93.2,17.97,31.62,78.67,14.59,29.36
987,3107.52,93.22,17.96,31.22,78.71,14.53,29.28
988,3106.41,93.21,18.96,30.49,78.71,14.51,29.34
989,3109.6,93.16,19.41,31.23,78.7,14.54,29.34
990,3134.35,93.18,19.66,31.59,78.68,14.56,29.42
991,3124.67,93.15,21.08,31.83,78.69,14.52,29.62
992,3110.3,93.2,21.28,32.83,78.7,14.43,29.73
993,3092.56,93.1,19.61,33.06,78.72,14.55,29.72
994,3087.9,92.95,19.51,31.67,78.78,14.56,29.81
995,3142.3,92.91,21.08,33.63,78.77,14.52,29.76
996,3144.84,92.6,20.69,33.29,78.77,14.56,29.8
997,3151.8,92.6,22.09,32.76,78.79,14.59,29.69
998,3145.58,92.47,22.68,33.14,78.79,14.55,29.6
999,3142.61,92.43,22.05,32.72,78.77,14.54,29.64
1000,3152.41,92.34,20.95,32.91,78.79,14.62,29.67
1001,3155.91,92.17,21.1,32.96,78.79,14.47,29.5
1002,3155.39,92.3,22.04,34.26,78.78,14.43,29.53
1003,3147.44,92.18,20.54,32.43,78.77,14.48,29.49
1004,3132.86,92.09,20.55,31.51,78.81,14.56,29.6
1005,3135.33,92.12,18.84,31.58,78.84,14.62,29.59
1006,3130.19,92.0,18.65,30.84,78.83,14.59,29.52
1007,3165.86,91.85,17.42,30.78,78.81,14.59,29.52
1008,3175.31,91.81,18.09,32.11,78.84,14.65,29.47
1009,3148.54,91.7,17.69,31.59,78.88,14.52,29.6
1010,3115.71,91.71,18.81,32.35,78.94,14.55,29.56
1011,3102.84,91.82,18.51,32.61,78.92,14.51,29.6
1012,3077.46,91.71,18.11,31.29,78.96,14.57,29.64
1013,3067.91,91.81,17.02,30.21,78.96,14.55,29.5
1014,3049.92,91.92,17.65,30.38,78.94,14.65,29.36
1015,3047.84,92.07,18.32,30.79,78.93,14.62,29.36
1016,3046.29,92.01,19.21,29.54,78.93,14.54,29.28
1017,3054.87,92.16,19.85,29.29,78.94,14.59,29.19
1018,3054.65,91.95,20.15,27.4,78.93,14.57,29.26
1019,3041.02,92.05,20.63,29.67,78.95,14.67,29.34
1020,3071.47,92.0,21.09,29.52,78.97,14.65,29.25
1021,3082.11,92.06,21.7,29.24,78.99,14.58,29.22
1022,3073.15,92.39,20.44,30.05,78.99,14.65,29.17
1023,3058.98,92.55,20.08,29.09,79.01,14.6,29.36
1024,3034.2,92.42,18.75,27.99,78.99,14.54,29.37
1025,3010.85,92.29,19.11,27.98,79.01,14.54,29.33
1026,3043.04,92.39,20.52,30.9,79.02,14.6,29.31
1027,3069.46,92.49,21.21,32.85,79.03,14.51,29.2
1028,3060.91,92.24,20.57,32.14,79.04,14.61,29.16
1029,3092.79,92.31,20.92,32.43,79.01,14.6,29.21
1030,3105.22,92.2,21.07,32.38,79.05,14.63,29.3
1031,3107.92,92.24,21.14,31.62,79.06,14.66,29.31
1032,3122.76,92.14,19.95,31.69,79.09,14.65,29.32
1033,3130.58,91.99,20.97,32.17,79.12,14.62,29.36
1034,3127.39,91.87,19.89,30.78,79.11,14.68,29.33
1035,3116.28,91.76,19.57,30.17,79.12,14.69,29.32
1036,3109.18,91.67,20.34,30.88,79.1,14.71,29.32
1037,3073.11,91.74,20.0,29.76,79.13,14.65,29.33
1038,3058.27,91.85,20.08,29.44,79.14,14.64,29.4
1039,3097.33,91.82,20.13,28.75,79.15,14.69,29.45
1040,3078.82,91.84,20.14,29.65,79.16,14.55,29.33
1041,3042.46,91.9,20.21,31.08,79.15,14.59,29.28
1042,3066.25,91.98,20.36,31.68,79.18,14.61,29.35
1043,3073.78,91.97,20.35,28.85,79.23,14.61,29.49
1044,3080.81,91.84,19.56,27.88,79.26,14.59,29.49
1045,3078.23,92.1,18.46,31.77,79.26,14.55,29.43
1046,3097.3,92.01,19.37,30.76,79.28,14.55,29.43
1047,3126.6,92.03,20.25,29.42,79.31,14.56,29.36
1048,3110.51,91.85,20.45,31.14,79.32,14.58,29.45
1049,3119.33,91.76,20.63,30.24,79.36,14.56,29.49
1050,3135.9,91.58,19.79,30.46,79.39,14.58,29.39
1051,3115.44,91.47,17.82,28.79,79.45,14.68,29.38
1052,3139.23,91.42,17.79,30.58,79.46,14.59,29.34
1053,3151.79,91.46,16.47,29.3,79.43,14.54,29.55
1054,3115.46,91.39,16.92,28.67,79.44,14.54,29.49
1055,3141.17,91.45,18.26,30.48,79.44,14.63,29.56
1056,3108.15,91.56,17.95,30.16,79.45,14.62,29.61
1057,3089.69,91.65,17.71,30.25,79.49,14.65,29.57
1058,3100.28,91.48,17.09,30.12,79.49,14.6,29.59
1059,3117.11,91.58,17.43,31.06,79.49,14.63,29.63
1060,3113.05,91.61,17.63,29.8,79.48,14.69,29.5
1061,3094.65,91.58,17.01,28.74,79.53,14.59,29.58
1062,3087.09,91.79,18.11,30.23,79.53,14.65,29.56
1063,3078.4,91.67,20.42,30.25,79.54,14.57,29.62
1064,3095.49,91.68,21.29,31.32,79.59,14.52,29.61
1065,3085.94,91.85,21.12,32.35,79.61,14.5,29.63
1066,3073.01,91.95,20.92,32.35,79.58,14.62,29.71
1067,3044.93,91.9,20.38,30.16,79.58,14.66,29.63
1068,3037.95,91.88,19.88,30.19,79.57,14.6,29.65
1069,3041.55,91.86,20.62,30.45,79.55,14.58,29.71
1070,3024.51,91.83,21.32,31.02,79.55,14.57,29.75
1071,2996.51,91.66,20.21,31.0,79.51,14.55,29.75
1072,3026.64,91.64,20.44,30.4,79.53,14.61,29.98
1073,3013.82,91.73,21.29,31.18,79.54,14.45,29.97
1074,2996.32,91.72,20.84,31.35,79.53,14.51,30.02
1075,3038.5,91.7,20.55,31.6,79.51,14.57,29.99
1076,3061.24,91.79,21.06,32.32,79.54,14.58,29.95
1077,3084.32,91.68,21.49,31.07,79.54,14.57,30.01
1078,3093.92,91.65,21.64,31.58,79.57,14.64,30.04
1079,3118.51,91.68,21.65,30.84,79.58,14.67,30.12
1080,3131.34,91.67,21.76,30.67,79.62,14.57,30.16
1081,3118.31,91.81,21.39,31.04,79.64,14.54,30.12
1082,3092.05,91.75,20.32,30.03,79.65,14.62,30.1
1083,3064.61,91.79,19.02,29.27,79.64,14.55,30.08
1084,3064.04,91.87,19.6,29.59,79.67,14.68,30.14
1085,3044.46,91.9,19.7,28.63,79.67,14.58,30.18
1086,3034.36,92.12,20.17,29.9,79.67,14.48,30.04
1087,3038.51,92.19,19.49,29.05,79.67,14.51,30.04
1088,3073.58,92.31,19.65,29.45,79.68,14.57,30.0
1089,3046.33,92.42,19.78,29.23,79.7,14.51,30.03
1090,3054.52,92.64,20.91,30.66,79.68,14.5,29.98
1091,3037.2,92.93,21.63,32.12,79.73,14.52,30.11
1092,3035.99,92.98,20.88,30.99,79.75,14.57,30.09
1093,3064.61,92.94,21.17,30.0,79.76,14.58,30.1
1094,3054.11,93.05,20.49,30.96,79.77,14.58,30.12
1095,3056.32,93.12,18.37,31.06,79.75,14.62,30.08
1096,3061.62,91.6,19.87,31.52,79.77,14.61,30.12
1097,3073.34,90.42,19.52,29.48,79.79,14.65,30.11
1098,3056.15,89.64,20.33,29.88,79.79,14.68,30.09
1099,3071.41,87.93,19.66,30.58,79.81,14.68,30.09
1100,3043.75,85.98,18.91,29.61,79.83,14.71,30.22
1101,3032.97,84.46,18.42,31.34,79.83,14.6,30.18
1102,3005.53,83.08,18.59,29.39,79.86,14.63,30.25
1103,2996.08,81.84,18.66,29.32,79.87,14.52,30.28
1104,3008.07,80.18,18.96,29.82,79.91,14.6,30.12
1105,2969.49,79.36,18.41,29.41,79.94,14.48,30.18
1106,2938.83,78.68,18.34,29.21,79.96,14.53,30.01
1107,2896.99,76.73,17.54,27.67,79.95,14.57,30.03
1108,2855.89,76.15,18.65,27.41,79.96,14.5,30.03
1109,2815.23,75.48,17.42,27.12,79.98,14.46,30.06
1110,2858.22,74.61,16.69,25.38,79.98,14.55,30.0
1111,2874.13,73.16,16.33,25.92,80.0,14.44,30.0
1112,2883.18,71.77,18.22,26.5,80.01,14.57,30.04
1113,2834.86,69.93,18.6,26.69,80.02,14.45,29.96
1114,2875.48,68.04,17.62,26.94,80.01,14.57,29.92
1115,2908.44,66.26,18.04,29.78,80.05,14.51,29.96
1116,2913.93,65.48,18.16,30.57,80.07,14.58,30.04
1117,2880.13,63.6,18.05,29.02,80.08,14.52,29.82
1118,2835.99,61.96,18.25,30.13,80.07,14.57,30.01
1119,2784.71,60.39,17.9,27.32,80.1,14.52,30.02
1120,2780.79,59.62,17.66,26.67,80.1,14.42,30.1
1121,2786.0,58.81,16.05,26.02,80.13,14.46,30.08
1122,2772.64,59.68,17.45,31.4,80.13,14.52,29.9
1123,2780.72,61.04,17.46,34.74,80.14,14.52,29.95
1124,2784.11,62.17,16.75,32.93,80.15,14.55,29.89
1125,2768.72,63.55,16.84,35.48,80.19,14.51,29.93
1126,2795.17,64.54,16.78,32.81,80.21,14.62,29.98
1127,2820.41,65.39,16.39,31.77,80.21,14.66,30.0
1128,2809.13,66.59,17.51,35.66,80.24,14.47,29.92
1129,2838.3,67.24,18.41,33.39,80.27,14.58,29.93
1130,2847.29,67.97,16.92,33.11,80.28,14.63,29.79
1131,2855.6,68.62,16.71,32.83,80.27,14.55,29.98
1132,2878.41,69.23,16.56,33.82,80.25,14.51,30.14
1133,2903.13,70.48,16.99,36.8,80.28,14.52,30.32
1134,2937.4,70.89,18.47,31.52,80.26,14.56,30.41
1135,2933.66,71.22,17.75,30.23,80.27,14.54,30.44
1136,2962.81,72.07,19.27,34.26,80.25,14.59,30.53
1137,2957.78,73.03,19.35,35.59,80.3,14.61,30.5
1138,2975.89,73.61,20.61,33.27,80.33,14.59,30.35
1139,2996.03,74.34,20.33,33.44,80.35,14.63,30.47
1140,2970.14,75.14,20.03,32.69,80.38,14.55,30.61
1141,2933.19,76.52,20.4,35.69,80.39,14.65,30.51
1142,2900.36,77.81,21.76,35.19,80.39,14.57,30.32
1143,2907.13,78.28,21.68,28.89,80.37,14.43,30.23
1144,2879.44,79.3,21.94,32.05,80.39,14.56,30.07
1145,2858.32,80.38,22.56,32.08,80.38,14.6,30.17
1146,2815.85,81.61,22.0,32.89,80.44,14.44,30.04
1147,2814.93,82.43,22.28,32.11,80.43,14.54,30.05
1148,2803.1,83.47,21.89,32.35,80.46,14.64,30.01
1149,2810.92,84.64,23.3,34.71,80.49,14.6,29.92
1150,2830.44,85.47,23.58,34.41,80.48,14.67,29.95
1151,2824.58,86.51,24.16,36.66,80.49,14.59,29.95
1152,2827.12,87.36,22.43,35.29,80.49,14.71,30.03
1153,2815.98,87.96,22.94,34.92,80.57,14.62,29.91
1154,2830.21,88.61,22.74,35.63,80.57,14.65,29.87
1155,2834.35,88.86,21.35,33.5,80.56,14.64,29.67
1156,2900.76,89.17,21.36,34.07,80.58,14.74,29.5
1157,2946.47,89.49,20.09,33.03,80.57,14.77,29.72
1158,2983.67,89.65,20.58,33.16,80.58,14.75,29.82
1159,2964.52,89.91,21.73,35.94,80.59,14.71,29.78
1160,2970.84,90.23,20.21,35.22,80.61,14.79,29.67
1161,2956.67,90.48,20.23,34.6,80.61,14.81,29.64
1162,3005.77,90.64,20.1,34.1,80.61,14.88,29.72
1163,3028.63,90.88,18.56,32.85,80.64,14.85,29.62
1164,3011.78,91.08,19.49,32.16,80.65,14.95,29.62
1165,3025.96,91.15,20.02,31.84,80.66,14.76,29.59
1166,3001.36,91.05,21.59,31.73,80.64,14.79,29.63
1167,3007.63,91.25,21.88,33.03,80.66,14.67,29.66
1168,3011.96,91.23,20.94,31.45,80.66,14.74,29.68
1169,3034.13,91.23,21.21,31.55,80.67,14.82,29.59
1170,3058.09,91.07,22.07,31.32,80.65,14.89,29.6
1171,3059.87,91.21,21.5,32.24,80.66,14.79,29.5
1172,3058.58,91.75,22.27,35.26,80.68,14.87,29.51
1173,3000.5,92.85,20.68,37.13,80.69,14.81,29.6
1174,3050.33,94.01,22.38,38.85,80.69,14.94,29.59
1175,3050.7,94.38,22.97,33.83,80.72,14.83,29.62
1176,3068.8,95.3,21.11,37.14,80.72,14.77,29.44
1177,3130.05,95.95,21.67,36.02,80.74,14.92,29.42
1178,3116.02,96.59,20.27,35.66,80.78,14.92,29.44
1179,3132.13,97.76,20.4,39.25,80.77,15.03,29.63
1180,3157.35,98.19,21.19,35.17,80.8,15.01,29.42
1181,3195.14,99.32,21.62,39.99,80.81,14.93,29.45
1182,3132.72,100.68,23.25,42.43,80.83,14.99,29.55
1183,3103.09,101.13,23.32,36.89,80.83,14.9,29.51
1184,3047.61,101.93,23.49,38.88,80.84,14.93,29.5
1185,3020.33,102.52,24.46,37.55,80.85,14.83,29.49
1186,2997.1,103.7,24.5,39.79,80.87,14.82,29.5
1187,2969.72,104.8,24.76,39.42,80.88,14.86,29.65
1188,2957.63,106.07,25.21,39.78,80.88,14.83,29.71
1189,2925.38,106.93,25.28,36.91,80.88,14.66,29.82
1190,2910.14,107.33,26.1,34.01,80.91,14.79,29.84
1191,2879.5,108.29,25.68,36.76,80.91,14.68,29.81
1192,2871.29,108.96,25.04,34.48,80.91,14.72,29.78
1193,2896.92,109.5,24.21,34.12,80.9,14.66,29.7
1194,2902.12,108.66,22.33,30.51,80.9,14.71,29.81
1195,2900.52,107.04,23.5,31.01,80.89,14.66,29.85
1196,2858.87,106.32,22.64,31.43,80.91,14.59,29.75
1197,2857.19,104.87,22.37,33.47,80.91,14.67,29.77
1198,2844.41,103.34,23.53,33.96,80.9,14.62,29.72
1199,2842.21,102.19,23.2,34.24,80.91,14.62,29.76
1200,2854.26,101.03,23.41,34.3,80.89,14.57,29.67
1201,2903.12,99.79,22.03,34.17,80.89,14.62,29.76
1202,2944.8,98.91,23.03,33.26,80.92,14.7,29.74
1203,3001.13,97.57,22.69,31.17,80.91,14.76,29.79
1204,3016.76,96.79,21.65,29.26,80.91,14.82,29.79
1205,3040.53,95.79,20.7,28.61,80.96,14.8,29.83
1206,3017.65,95.13,22.0,30.11,80.97,14.81,29.81
1207,3029.38,94.55,21.34,30.14,80.97,14.76,29.64
1208,3069.64,93.98,20.4,29.69,80.94,14.78,29.81
1209,3083.95,93.62,20.01,30.08,80.95,14.77,29.81
1210,3106.57,93.29,20.03,30.47,80.95,14.82,29.91
1211,3126.9,93.14,20.13,29.62,80.97,14.81,29.95
1212,3151.58,92.85,20.45,30.27,80.96,14.82,29.87
1213,3138.45,92.65,20.57,30.91,80.98,14.81,29.77
1214,3152.98,92.65,21.01,32.76,81.01,14.78,29.73
1215,3190.96,92.46,20.66,32.58,81.03,14.77,29.66
1216,3178.35,92.27,22.22,34.27,81.02,14.74,29.67
1217,3141.37,92.29,21.58,33.48,81.03,14.7,29.58
1218,3124.22,92.36,22.52,35.73,81.06,14.84,29.62
1219,3129.78,92.2,21.75,34.31,81.05,14.83,29.7
1220,3091.96,92.29,20.45,34.49,81.09,14.85,29.72
1221,3076.12,92.13,19.04,33.31,81.1,14.71,29.73
1222,3071.22,92.18,19.37,34.58,81.12,14.79,29.76
1223,3076.24,92.24,20.36,35.78,81.13,14.71,29.89
1224,3114.75,92.43,19.47,35.37,81.14,14.81,29.84
1225,3126.27,92.54,18.85,34.19,81.14,14.77,29.9
1226,3100.16,92.48,19.25,34.9,81.17,14.92,29.92
1227,3176.61,92.34,19.29,35.01,81.22,14.83,29.91
1228,3165.01,92.25,18.86,35.1,81.27,14.94,30.07
1229,3122.13,92.46,18.03,34.83,81.25,14.82,30.18
1230,3098.28,92.6,18.52,34.0,81.27,14.71,30.15
1231,3078.07,92.67,19.2,33.05,81.28,14.72,30.11
1232,3054.3,92.67,19.65,33.22,81.28,14.76,30.0
1233,3070.66,92.61,19.68,33.65,81.3,14.74,29.98
1234,3020.09,92.33,18.84,33.76,81.28,14.62,30.0
1235,3048.12,92.02,19.17,32.92,81.32,14.56,30.04
1236,3069.21,92.01,19.41,33.32,81.3,14.58,30.09
1237,3061.59,91.94,18.38,32.69,81.32,14.56,30.0
1238,3082.84,92.07,18.33,31.6,81.34,14.69,30.09
1239,3061.63,92.17,18.81,31.76,81.34,14.69,30.13
1240,3047.85,92.07,18.83,31.99,81.37,14.59,30.07
1241,3063.49,92.13,17.37,32.9,81.35,14.64,30.14
1242,3061.99,92.17,17.11,32.46,81.36,14.57,30.31
1243,3052.29,92.18,16.8,32.48,81.34,14.61,30.3
1244,3053.95,92.08,17.54,32.92,81.33,14.63,30.38
1245,3084.83,92.11,19.85,33.39,81.33,14.57,30.43
1246,3111.0,92.13,19.94,32.56,81.33,14.68,30.51
1247,3116.4,92.13,18.96,31.97,81.37,14.71,30.49
1248,3105.26,92.07,18.9,31.61,81.35,14.64,30.35
1249,3113.83,92.27,19.08,32.92,81.34,14.64,30.45
1250,3094.45,92.45,19.85,32.66,81.34,14.57,30.55
1251,3118.83,92.54,20.87,32.69,81.35,14.66,30.53
1252,3135.79,92.5,21.87,31.75,81.37,14.59,30.39
1253,3170.13,92.47,22.09,33.1,81.4,14.64,30.43
1254,3145.71,92.6,21.91,32.28,81.37,14.79,30.36
1255,3121.98,92.51,22.88,31.73,81.41,14.74,30.34
1256,3131.17,92.64,22.35,32.2,81.41,14.77,30.41
1257,3122.29,92.55,22.14,31.25,81.41,14.71,30.34
1258,3140.01,92.58,21.72,30.77,81.42,14.75,30.29
1259,3161.44,92.63,19.84,29.26,81.39,14.83,30.29
1260,3187.77,92.54,20.85,29.75,81.39,14.9,30.26
1261,3178.25,92.64,21.33,30.46,81.41,14.77,30.26
1262,3185.62,92.58,19.27,29.53,81.43,14.79,30.16
1263,3167.81,93.57,20.63,34.89,81.44,14.82,30.12
1264,3167.77,93.81,20.44,31.79,81.45,14.77,30.17
1265,3166.03,94.8,21.7,36.86,81.47,14.74,30.2
1266,3164.47,95.1,21.75,30.59,81.47,14.79,30.09
1267,3206.14,96.45,21.21,37.39,81.5,14.77,30.01
1268,3181.38,97.11,21.49,33.15,81.49,14.82,30.03
1269,3188.34,97.68,20.96,31.85,81.48,14.69,30.09
1270,3195.99,97.88,20.05,30.52,81.49,14.68,30.17
1271,3217.47,98.68,21.22,35.61,81.45,14.74,30.17
1272,3203.47,99.26,21.79,34.85,81.48,14.79,30.17
1273,3132.46,100.1,23.33,36.92,81.49,14.73,30.31
1274,3068.24,101.42,23.47,40.18,81.5,14.73,30.29
1275,2980.09,101.83,22.69,32.89,81.52,14.73,30.14
1276,2975.23,103.08,23.71,38.72,81.54,14.73,30.13
1277,2919.51,103.6,23.09,34.89,81.57,14.59,30.35
1278,2870.98,104.59,23.2,38.43,81.61,14.64,30.24
1279,2875.87,103.06,23.46,31.68,81.63,14.59,30.23
1280,2851.19,101.83,23.14,31.49,81.62,14.62,30.24
1281,2826.43,100.37,22.54,30.21,81.64,14.58,30.17
1282,2879.64,99.32,21.25,30.04,81.64,14.73,30.11
1283,2949.51,98.21,21.95,30.02,81.63,14.67,30.22
1284,2973.6,97.02,21.51,29.3,81.63,14.75,30.22
1285,3013.85,95.9,21.88,29.92,81.66,14.62,30.33
1286,3011.49,95.1,22.1,29.48,81.68,14.71,30.26
1287,3037.82,94.74,22.77,29.38,81.7,14.81,30.22
1288,3069.69,94.04,22.31,29.7,81.71,14.78,30.22
1289,3106.18,93.7,21.79,28.68,81.73,14.73,30.08
1290,3078.0,93.55,20.71,28.1,81.75,14.79,30.11
1291,3077.25,93.21,20.19,26.95,81.74,14.86,30.26
1292,3112.8,92.69,20.42,26.42,81.76,14.95,30.28
1293,3128.94,92.38,19.7,27.37,81.76,14.91,30.25
1294,3119.47,92.03,19.94,27.32,81.76,14.95,30.21
1295,3115.54,92.01,21.09,27.45,81.76,14.93,30.21
1296,3117.95,92.04,20.6,28.37,81.76,14.9,30.23
1297,3107.01,92.24,19.56,30.32,81.76,14.94,30.37
1298,3116.46,92.42,19.33,30.5,81.77,14.95,30.44
1299,3123.28,92.43,18.24,29.93,81.79,14.93,30.45
1300,3097.61,92.48,19.48,30.11,81.83,14.91,30.44
1301,3087.76,92.47,19.57,29.92,81.84,14.89,30.36
1302,3080.29,92.62,19.08,30.69,81.86,14.97,30.3
1303,3077.58,92.6,18.7,29.89,81.83,14.95,30.18
1304,3085.84,92.7,17.91,30.95,81.88,15.02,30.07
1305,3091.58,92.71,18.91,29.75,81.87,14.99,29.97
1306,3079.4,92.83,20.52,30.3,81.87,14.97,29.91
1307,3110.03,92.94,19.31,29.71,81.9,14.94,29.82
1308,3109.65,92.76,20.19,28.76,81.89,14.86,29.71
1309,3138.3,92.73,19.95,29.12,81.9,15.02,29.67
1310,3163.39,92.83,21.0,30.51,81.9,15.09,29.53
1311,3135.12,92.93,19.46,29.97,81.91,15.16,29.52
1312,3121.43,92.77,19.67,29.19,81.91,15.04,29.47
1313,3110.34,92.6,19.35,30.1,81.9,14.99,29.44
1314,3114.41,92.29,19.91,30.5,81.91,14.95,29.54
1315,3126.87,92.48,20.03,31.64,81.93,14.99,29.45
1316,3126.63,92.62,20.1,31.5,81.94,15.0,29.28
1317,3112.33,92.6,19.97,31.1,82.01,15.02,29.3
1318,3145.2,92.85,21.33,33.46,82.03,15.07,29.27
1319,3131.69,92.79,21.04,31.09,82.01,15.03,29.35
1320,3143.91,92.85,21.63,33.05,82.01,14.98,29.29
1321,3138.66,92.73,21.95,33.04,81.99,14.98,29.2
1322,3133.25,92.6,22.44,32.25,82.02,14.87,29.21
1323,3142.96,92.59,21.36,30.52,82.05,14.96,29.14
1324,3168.51,92.47,21.76,31.36,82.08,14.98,29.29
1325,3166.12,92.5,21.84,32.57,82.07,14.99,29.3
1326,3147.56,92.43,20.68,32.12,82.07,14.97,29.32
1327,3169.7,92.12,20.41,32.48,82.09,14.91,29.48
1328,3170.08,92.22,22.22,34.14,82.09,14.87,29.47
1329,3163.39,92.11,21.65,33.19,82.09,14.89,29.54
1330,3174.39,92.05,21.15,31.7,82.08,14.94,29.53
1331,3169.89,92.05,21.36,31.24,82.12,14.94,29.56
1332,3208.77,92.12,20.8,32.27,82.12,14.88,29.61
1333,3193.53,92.13,20.8,32.21,82.15,14.92,29.64
1334,3203.59,92.27,20.4,32.73,82.17,14.92,29.66
1335,3198.09,92.23,20.65,31.5,82.16,14.91,29.67
1336,3192.43,92.0,20.5,31.52,82.17,14.84,29.72
1337,3171.61,91.91,21.98,31.72,82.16,14.88,29.91
1338,3153.05,91.77,21.77,31.49,82.2,14.95,30.1
1339,3153.62,91.69,21.38,31.44,82.19,14.95,30.11
1340,3127.3,91.77,22.06,31.51,82.2,14.86,30.14
1341,3110.77,92.03,20.84,32.69,82.21,14.89,30.07
1342,3109.07,92.18,22.15,32.4,82.2,14.89,30.05
1343,3128.69,91.26,21.09,31.49,82.23,14.92,30.11
1344,3118.48,89.99,21.87,31.63,82.23,14.81,30.19
1345,3105.86,88.9,22.76,32.92,82.2,15.03,30.19
1346,3068.41,87.78,21.95,32.64,82.22,14.91,30.14
1347,3085.95,86.37,21.28,32.5,82.22,14.9,30.29
1348,3085.94,85.37,20.92,32.4,82.23,14.95,30.32
1349,3086.05,84.71,21.16,33.82,82.26,14.95,30.45
1350,3027.28,83.21,20.06,32.71,82.28,15.0,30.44
1351,3005.95,81.37,19.75,32.22,82.3,14.9,30.46
1352,2959.92,80.91,19.3,31.66,82.29,14.93,30.37
1353,2952.09,80.42,18.22,29.51,82.32,14.83,30.45
1354,2929.15,78.39,17.29,28.83,82.32,14.85,30.61
1355,2911.38,77.86,17.39,29.4,82.3,14.78,30.52
1356,2865.08,76.04,17.43,29.27,82.27,14.77,30.45
1357,2822.22,77.2,17.37,37.05,82.28,14.82,30.49
1358,2797.43,78.48,18.07,38.44,82.28,14.78,30.45
1359,2799.13,79.74,18.13,38.64,82.28,14.82,30.38
1360,2792.23,80.4,19.46,35.98,82.29,14.74,30.43
1361,2798.05,80.97,19.49,35.47,82.34,14.75,30.54
1362,2779.7,81.51,20.48,35.22,82.33,14.75,30.42
1363,2788.05,82.77,19.51,38.93,82.35,14.79,30.45
1364,2825.4,83.34,19.92,33.23,82.35,14.83,30.31
1365,2839.58,84.15,20.64,36.17,82.34,14.84,30.24
1366,2856.03,84.99,20.73,36.23,82.34,14.9,30.19
1367,2872.42,85.59,20.38,33.9,82.38,14.92,30.23
1368,2871.99,86.63,20.62,36.4,82.39,14.88,30.18
1369,2916.71,87.23,21.33,35.52,82.4,14.83,30.14
1370,2933.0,88.15,20.58,37.18,82.4,14.92,29.99
1371,2946.46,88.93,21.39,36.92,82.41,14.89,30.05
1372,2970.03,89.4,21.66,36.7,82.41,14.93,29.89
1373,2997.03,89.84,21.43,36.96,82.46,15.01,29.75
1374,2977.24,90.0,21.13,34.63,82.47,14.95,29.59
1375,2986.63,90.17,21.08,33.25,82.49,15.05,29.65
1376,3038.65,90.16,22.23,33.25,82.5,14.93,29.52
1377,3072.49,90.21,22.25,33.07,82.53,15.04,29.54
1378,3066.45,90.22,21.21,32.81,82.54,14.96,29.7
1379,3078.06,90.31,20.72,32.99,82.54,14.98,29.9
1380,3066.96,90.37,19.7,32.53,82.55,14.93,29.79
1381,3070.54,90.39,18.16,32.28,82.58,14.91,29.72
1382,3057.79,90.56,17.44,31.42,82.61,14.92,29.63
1383,3046.7,90.64,17.77,30.97,82.62,14.94,29.53
1384,3034.74,90.54,18.95,30.81,82.63,14.94,29.47
1385,3070.2,90.58,19.82,31.71,82.66,14.97,29.58
1386,3057.82,90.67,18.89,31.87,82.62,14.98,29.69
1387,3079.5,90.71,18.33,31.54,82.63,14.89,29.59
1388,3067.15,90.84,17.76,31.18,82.63,14.82,29.67
1389,3054.03,90.97,15.93,29.57,82.64,14.9,29.45
1390,3062.03,91.15,16.24,28.9,82.65,14.81,29.38
1391,3035.56,91.17,17.22,28.33,82.68,14.89,29.37
1392,3052.1,91.25,17.28,29.31,82.66,14.89,29.37
1393,3050.6,91.35,16.55,28.93,82.66,14.83,29.38
1394,3041.06,91.4,16.19,29.11,82.65,14.81,29.32
1395,3028.37,91.36,16.26,28.72,82.64,14.84,29.38
1396,3073.03,91.56,17.31,30.47,82.63,14.94,29.42
1397,3071.52,91.48,17.39,28.26,82.67,14.9,29.47
1398,3069.54,91.47,18.11,28.29,82.7,14.93,29.51
1399,3086.86,91.48,18.19,29.25,82.69,15.0,29.45
1400,3066.89,91.23,18.52,30.28,82.7,14.94,29.54
1401,3088.65,91.17,17.86,29.96,82.7,14.98,29.61
1402,3083.87,91.11,17.48,30.41,82.71,14.97,29.56
1403,3052.27,91.04,16.67,30.94,82.7,14.98,29.55
1404,3042.13,91.06,17.44,30.49,82.68,14.96,29.63
1405,3021.43,90.89,17.41,30.42,82.68,14.89,29.57
1406,3026.77,91.05,14.82,30.53,82.71,14.98,29.74
1407,3014.02,91.01,15.67,30.51,82.7,14.86,29.65
1408,3000.85,90.95,16.83,30.14,82.72,14.87,29.63
1409,3012.33,90.69,16.44,30.17,82.74,14.93,29.57
1410,3018.05,90.83,17.19,31.06,82.74,14.95,29.75
1411,3046.73,90.95,17.31,31.31,82.77,14.92,29.79
1412,3070.31,90.93,15.83,30.99,82.78,14.88,29.7
1413,3068.84,90.79,17.75,32.64,82.75,14.92,29.72
1414,3076.65,90.88,17.8,33.92,82.75,14.99,29.78
1415,3045.32,90.86,18.13,32.39,82.75,14.87,29.73
1416,3060.67,91.04,17.86,32.94,82.79,14.98,29.8
1417,3068.16,91.0,17.78,32.43,82.79,14.87,29.54
1418,3085.44,90.94,18.08,32.86,82.8,14.86,29.59
1419,3075.3,91.01,17.42,32.57,82.79,14.87,29.61
1420,3067.35,91.08,19.01,32.32,82.8,14.94,29.7
1421,3061.31,91.24,19.81,30.12,82.78,14.9,29.82
1422,3090.77,91.26,20.21,28.53,82.81,15.05,29.82
1423,3094.1,91.48,20.14,29.67,82.81,15.01,29.95
1424,3061.36,91.52,19.49,28.12,82.79,14.95,29.87
1425,3075.5,91.4,20.32,28.74,82.82,14.94,29.91
1426,3065.17,91.22,20.73,29.41,82.81,14.94,29.89
1427,3087.67,91.41,20.38,32.26,82.82,15.03,29.83
1428,3096.82,91.62,19.54,31.61,82.8,14.92,29.84
1429,3119.02,91.78,18.37,29.53,82.82,15.01,30.0
1430,3134.94,91.95,18.6,29.17,82.84,15.06,30.01
1431,3147.43,92.15,18.61,30.82,82.84,14.91,30.11
1432,3162.57,92.16,19.66,30.21,82.83,15.0,30.02
1433,3169.86,92.24,20.5,31.82,82.82,14.99,30.05
1434,3146.06,92.25,20.46,30.85,82.82,15.01,30.0
1435,3116.5,92.3,20.34,30.6,82.87,15.08,30.02
1436,3097.13,92.4,19.41,29.23,82.89,15.06,30.03
1437,3111.93,92.46,20.31,29.26,82.92,15.0,29.98
1438,3066.16,92.59,20.28,29.66,82.91,14.95,29.96
1439,3069.92,92.38,20.7,29.81,82.94,14.94,29.93
1440,3068.89,92.51,21.61,31.43,82.96,14.97,29.98
1441,3097.88,92.59,21.01,32.56,82.98,15.03,30.14
1442,3095.61,92.46,20.22,31.57,82.98,15.0,30.04
1443,3089.79,92.64,22.24,33.52,83.0,15.03,29.93
1444,3117.97,92.49,22.46,32.58,83.0,15.04,29.97
1445,3114.54,92.59,22.02,32.43,83.02,14.99,29.95
1446,3108.19,92.48,22.78,32.38,83.03,14.96,30.02
1447,3097.96,92.53,22.25,32.21,83.02,14.97,30.12
1448,3105.21,92.71,22.35,34.28,83.02,14.95,30.07
1449,3099.57,92.89,21.73,33.29,83.07,14.91,30.02
1450,3094.71,92.9,21.53,31.93,83.05,14.92,30.01
1451,3126.51,93.06,21.22,31.93,83.08,14.85,30.15
1452,3125.99,93.07,20.49,31.07,83.1,14.88,30.14
1453,3115.96,93.17,20.66,30.58,83.11,14.89,30.02
1454,3096.11,93.16,20.07,29.79,83.11,14.94,29.97
1455,3102.28,93.0,20.5,29.19,83.09,14.8,29.98
1456,3091.82,92.83,20.19,28.41,83.12,14.84,29.97
1457,3085.86,92.74,18.77,27.44,83.11,14.93,29.85
1458,3070.56,92.56,19.36,28.32,83.06,14.83,29.97
1459,3077.91,92.42,19.91,28.62,83.07,14.88,30.05
1460,3054.28,92.27,21.69,29.23,83.06,14.94,30.06
1461,3068.31,92.37,21.55,30.41,83.06,14.86,30.06
1462,3061.24,92.33,21.51,29.37,83.05,14.85,30.05
1463,3080.53,92.37,21.73,28.43,83.04,14.81,30.12
1464,3092.66,92.31,22.35,27.92,83.05,14.96,30.21
1465,3096.22,92.45,22.92,29.05,83.06,14.88,29.99
1466,3114.93,92.67,22.97,29.89,83.1,14.97,29.93
1467,3145.37,92.68,22.63,29.31,83.1,14.97,29.94
1468,3166.59,92.8,23.07,30.26,83.11,15.01,29.86
1469,3133.64,92.88,22.72,30.73,83.12,15.06,29.81
1470,3118.46,92.81,21.4,30.06,83.14,14.95,29.88
1471,3106.72,92.63,20.03,28.54,83.13,14.98,29.93
1472,3119.48,92.81,19.86,27.89,83.13,15.01,30.06
1473,3107.46,92.83,19.96,26.48,83.13,14.97,30.08
1474,3096.46,92.73,21.92,27.46,83.12,15.03,30.06
1475,3083.71,92.84,21.66,28.5,83.15,15.03,30.04
1476,3093.06,92.78,21.51,28.02,83.17,14.95,29.87
1477,3107.7,92.76,21.01,28.22,83.15,15.06,29.8
1478,3082.79,92.52,21.38,29.41,83.16,15.03,29.67
1479,3074.82,92.44,21.44,29.52,83.2,15.05,29.76
1480,3040.19,92.47,20.77,29.67,83.19,14.93,29.8
1481,2999.4,92.33,19.85,30.21,83.22,14.99,29.89
1482,3021.1,92.26,19.51,28.85,83.23,14.98,30.02
1483,3036.2,92.2,18.85,30.01,83.25,14.99,30.03
1484,3046.55,92.23,18.76,28.31,83.27,15.12,30.25
1485,3083.78,92.2,18.97,27.92,83.28,15.0,30.24
1486,3050.76,92.17,18.64,27.4,83.3,15.17,30.15
1487,3014.12,92.12,19.9,26.69,83.3,14.96,30.06
1488,3001.98,92.22,20.86,27.73,83.28,15.03,30.04
1489,2971.17,92.15,20.55,27.09,83.29,15.01,30.1
1490,2974.38,92.19,19.71,27.8,83.3,15.05,29.99
1491,3001.42,92.28,19.73,28.96,83.3,15.06,29.97
1492,3018.78,92.16,19.62,28.68,83.26,14.97,29.94
1493,3049.27,92.38,19.69,31.14,83.28,14.99,29.87
1494,3062.24,92.28,19.37,30.25,83.27,14.93,29.93
1495,3057.45,92.18,18.56,29.68,83.26,14.94,29.95
1496,3051.04,92.23,18.72,30.1,83.25,14.99,30.06
1497,3064.45,92.16,18.54,29.36,83.22,15.03,29.99
1498,3037.7,92.43,18.58,30.05,83.24,15.0,30.12
1499,2981.66,92.47,18.79,28.92,83.28,14.97,29.95
1500,3004.79,92.61,18.9,28.69,83.28,14.98,29.82
1501,3021.27,92.45,19.04,27.94,83.3,15.0,29.69
1502,3061.73,92.3,18.79,26.47,83.31,15.0,29.75
1503,3079.28,92.21,19.17,27.0,83.32,15.07,29.87
1504,3086.11,92.05,18.64,26.51,83.32,15.13,29.81
1505,3079.35,92.03,17.87,26.86,83.34,15.02,29.79
1506,3063.84,92.18,17.41,27.56,83.32,15.03,29.71
1507,3060.72,92.13,17.09,26.65,83.33,15.03,29.76
1508,3082.16,92.03,16.32,26.68,83.36,15.07,29.79
1509,3090.69,92.03,15.3,26.06,83.38,15.1,29.76
1510,3106.97,91.8,16.13,26.21,83.39,15.07,29.65
1511,3104.58,91.68,17.5,26.51,83.39,15.0,29.63
1512,3082.67,91.71,18.17,26.99,83.39,14.95,29.78
1513,3104.74,91.71,17.92,26.62,83.39,14.96,29.72
1514,3121.99,91.77,16.75,27.15,83.37,15.08,29.61
1515,3119.29,91.73,17.18,25.87,83.38,14.98,29.73
1516,3123.91,91.68,16.14,24.65,83.41,15.06,29.66
1517,3127.13,91.75,16.45,26.9,83.42,15.11,29.83
1518,3110.61,91.79,16.15,26.48,83.43,15.05,29.95
1519,3099.27,91.58,14.66,25.05,83.45,15.07,29.88
1520,3076.3,91.41,16.34,25.8,83.41,15.02,29.71
1521,3069.98,91.67,15.79,28.0,83.41,15.02,29.81
1522,3090.59,91.73,15.91,27.51,83.41,15.1,29.84
1523,3104.76,91.72,16.18,26.94,83.39,15.11,29.8
1524,3110.97,91.58,16.14,26.73,83.4,15.01,29.86
1525,3124.42,91.53,16.85,26.99,83.37,15.02,29.96
1526,3109.43,91.5,16.53,27.21,83.39,14.93,30.11
1527,3081.03,91.68,17.23,28.61,83.4,14.99,30.03
1528,3077.26,91.81,17.79,28.04,83.4,14.96,29.98
1529,3075.64,91.9,16.92,27.27,83.42,14.98,29.89
1530,3089.34,91.88,17.38,26.94,83.43,14.97,29.97
1531,3098.52,92.08,16.86,29.31,83.45,15.0,29.97
1532,3116.19,92.05,16.21,27.89,83.46,15.0,30.02
1533,3071.1,92.02,16.79,30.44,83.45,14.88,29.96
1534,3056.23,92.02,16.75,30.13,83.49,15.03,30.01
1535,3058.16,92.18,17.42,30.04,83.52,14.96,29.89
1536,3071.41,92.19,17.95,29.64,83.53,15.03,29.98
1537,3114.87,92.16,16.98,30.24,83.54,14.99,30.05
1538,3091.73,92.23,17.88,31.2,83.56,15.06,29.96
1539,3076.98,92.2,18.28,30.96,83.59,14.92,30.06
1540,3069.54,92.13,17.95,30.45,83.64,14.95,30.08
1541,3056.57,92.11,18.01,30.16,83.63,14.95,30.1
1542,3043.52,92.35,18.92,30.2,83.66,14.88,29.97
1543,3051.18,92.46,18.8,30.11,83.67,15.02,29.85
1544,3077.01,92.43,20.58,30.02,83.65,15.09,29.83
1545,3082.45,92.41,21.69,31.37,83.67,15.1,29.64
1546,3067.41,92.37,21.58,30.87,83.7,15.19,29.71
1547,3068.04,92.52,21.29,31.7,83.73,15.07,29.71
1548,3052.29,92.7,21.08,32.66,83.74,15.03,29.73
1549,3078.5,92.6,20.47,32.39,83.75,15.08,29.56
1550,3110.75,92.51,20.49,33.05,83.77,15.16,29.36
1551,3077.7,92.53,20.98,31.71,83.79,15.19,29.35
1552,3084.36,92.31,19.77,30.15,83.82,15.16,29.51
1553,3069.41,92.1,20.27,30.8,83.85,15.13,29.44
1554,3073.72,92.18,21.0,31.09,83.85,15.22,29.48
1555,3068.12,90.27,21.29,30.56,83.85,15.17,29.42
1556,3034.21,89.13,20.98,30.35,83.85,15.07,29.41
1557,3052.83,88.26,21.2,30.64,83.86,15.18,29.55
1558,3038.75,87.29,22.01,30.01,83.84,15.15,29.55
1559,3017.57,86.56,21.63,30.5,83.88,15.09,29.49
1560,3003.87,84.51,21.32,29.73,83.88,15.18,29.6
1561,2966.11,82.59,22.7,30.35,83.88,15.06,29.61
1562,2944.33,81.82,22.47,29.92,83.88,15.1,29.68
1563,2887.97,80.65,21.19,30.48,83.87,14.97,29.58
1564,2821.59,78.56,21.5,31.06,83.87,14.89,29.67
1565,2787.29,77.31,21.39,32.14,83.88,14.87,29.67
1566,2763.75,76.66,20.43,32.56,83.92,14.92,29.67
1567,2714.53,75.51,19.19,31.32,83.94,14.85,29.68
1568,2760.77,74.38,19.12,30.7,83.94,14.93,29.66
1569,2793.44,72.82,18.8,29.49,83.93,14.92,29.6
1570,2823.76,71.14,17.53,29.0,83.97,14.97,29.57
1571,2854.97,69.13,17.28,28.68,83.98,14.91,29.64
1572,2900.95,68.42,17.0,28.51,83.99,14.94,29.63
1573,2911.06,67.45,16.8,27.62,83.98,14.9,29.5
1574,2885.74,66.07,17.03,27.63,83.99,14.9,29.31
1575,2887.96,64.13,15.41,26.44,83.99,14.91,29.13
1576,2907.5,64.85,14.84,30.27,84.03,14.92,29.19
1577,2877.8,65.71,14.92,31.16,84.04,14.95,29.14
1578,2855.23,66.13,16.22,28.82,84.06,15.01,29.1
1579,2832.13,66.84,18.38,30.26,84.04,14.84,29.13
1580,2834.88,68.15,18.76,33.6,84.05,14.88,29.18
1581,2860.65,69.21,19.03,32.87,84.06,14.87,29.22
1582,2909.42,70.29,17.3,32.7,84.07,14.99,29.26
1583,2943.76,71.09,18.31,30.25,84.05,15.0,29.02
1584,2967.61,72.01,18.92,31.99,84.04,14.87,29.0
1585,2986.15,73.04,19.41,33.14,84.04,14.93,29.0
1586,3013.11,74.01,18.62,31.94,84.06,14.95,29.07
1587,2975.72,75.41,20.72,34.94,84.04,14.87,29.26
1588,2963.76,76.34,22.03,32.95,84.07,14.84,29.11
1589,2929.86,77.21,22.21,31.09,84.11,14.83,29.07
1590,2910.85,78.55,23.19,34.94,84.1,14.8,28.9
1591,2885.88,80.01,23.4,36.63,84.16,14.81,29.0
1592,2879.26,81.32,24.15,36.98,84.17,14.88,29.09
1593,2869.23,82.34,23.0,35.77,84.18,14.88,29.1
1594,2845.13,83.46,21.26,35.13,84.2,14.81,29.13
1595,2868.59,84.47,20.46,35.19,84.22,14.86,29.27
1596,2905.08,85.61,20.19,36.35,84.24,14.83,29.39
1597,2909.85,86.67,20.06,35.32,84.23,14.86,29.49
1598,2924.05,87.4,20.67,34.1,84.23,14.89,29.58
1599,2949.25,88.08,20.63,34.23,84.25,14.89,29.51
1600,2953.53,88.79,20.81,35.73,84.27,14.81,29.57
1601,2965.25,89.26,19.93,34.85,84.31,14.87,29.68
1602,2968.75,89.75,19.09,34.06,84.31,14.85,29.7
1603,2966.94,90.26,19.41,34.45,84.32,14.85,29.61
1604,2988.59,90.8,19.25,34.89,84.32,14.82,29.69
1605,3008.07,91.04,19.39,33.26,84.35,14.9,29.87
1606,3033.55,91.09,19.86,32.13,84.35,14.87,29.81
1607,3037.39,91.04,21.14,33.48,84.35,14.87,29.79
1608,3017.27,91.19,21.03,33.61,84.36,14.85,29.8
1609,3047.12,91.43,22.45,35.93,84.34,14.93,29.82
1610,3036.48,91.49,22.52,33.59,84.36,14.9,29.77
1611,3027.53,91.65,22.86,33.89,84.37,14.88,29.92
1612,3024.89,91.83,23.46,34.65,84.43,14.83,29.94
1613,2998.72,91.91,23.7,33.19,84.43,14.81,29.97
1614,3006.92,92.12,22.76,33.06,84.43,14.78,30.08
1615,3030.76,92.07,23.31,32.45,84.46,14.74,30.05
1616,3030.47,92.13,22.68,31.27,84.48,14.81,30.12
1617,3066.23,92.3,22.71,32.95,84.51,14.81,29.94
1618,3100.74,93.63,23.2,41.47,84.52,14.79,29.92
1619,3125.3,94.22,24.1,38.58,84.51,14.94,29.76
1620,3094.23,95.38,24.6,42.19,84.57,14.98,29.84
1621,3138.48,96.61,23.69,42.16,84.6,14.97,29.86
1622,3147.15,97.52,25.5,40.59,84.62,14.97,29.86
1623,3195.81,98.3,26.09,40.49,84.64,14.98,29.88
1624,3194.51,98.95,25.44,39.46,84.63,15.01,29.94
1625,3203.39,99.27,24.23,36.7,84.64,15.05,29.88
1626,3140.98,100.21,25.15,41.68,84.63,15.1,29.81
1627,3067.17,100.67,24.16,37.8,84.65,15.02,29.91
1628,2990.39,101.08,24.7,38.28,84.63,14.99,29.77
1629,2909.25,101.46,25.4,37.93,84.66,14.88,29.86
1630,2946.32,101.8,24.64,37.44,84.69,15.02,29.67
1631,2887.47,102.38,24.02,38.62,84.72,14.97,29.63
1632,2838.92,103.3,23.86,40.71,84.74,14.97,29.53
1633,2842.23,103.78,23.08,37.46,84.76,14.9,29.66
1634,2806.35,104.2,23.34,37.31,84.76,14.97,29.57
1635,2772.02,104.4,23.58,36.31,84.78,14.91,29.47
1636,2717.41,104.56,24.06,36.96,84.78,14.9,29.42
1637,2733.67,104.81,23.29,37.07,84.76,14.91,29.43
1638,2715.81,102.93,23.79,34.65,84.76,14.88,29.31
1639,2732.34,102.2,22.76,33.54,84.78,14.91,29.36
1640,2727.5,100.28,23.26,35.09,84.77,14.89,29.14
1641,2801.2,99.36,21.83,33.13,84.75,14.88,29.09
1642,2851.01,98.21,22.97,32.64,84.76,15.04,28.97
1643,2894.62,97.3,22.31,32.42,84.73,15.07,29.08
1644,2916.75,96.26,22.6,31.99,84.75,15.01,29.15
1645,2934.87,95.34,22.9,32.65,84.77,14.87,29.26
1646,2942.25,94.71,21.6,32.58,84.79,15.05,29.25
1647,2998.52,93.98,22.11,32.45,84.81,14.96,29.09
1648,3007.35,93.47,21.45,33.21,84.8,15.04,29.14
1649,2975.9,92.98,21.04,31.9,84.79,14.99,29.25
1650,2997.92,92.72,20.37,31.09,84.8,15.09,29.35
1651,2994.75,92.29,21.6,32.62,84.83,15.03,29.44
1652,3006.04,92.05,20.47,31.13,84.81,15.07,29.36
1653,3010.9,91.9,20.73,31.45,84.8,14.99,29.31
1654,3049.92,91.83,20.12,32.48,84.81,15.05,29.47
1655,3046.62,91.83,20.94,30.73,84.82,15.07,29.3
1656,3067.77,91.69,22.66,31.23,84.84,15.08,29.22
1657,3083.96,91.73,21.87,31.96,84.86,15.03,29.25
1658,3056.02,91.59,21.75,31.32,84.87,15.03,29.25
1659,3062.75,91.62,21.24,31.38,84.9,15.03,29.16
1660,3050.07,91.68,21.93,31.87,84.9,15.05,29.39
1661,3029.93,91.68,21.5,31.51,84.9,15.03,29.39
1662,3013.08,91.81,22.1,31.78,84.93,15.08,29.36
1663,3038.64,91.77,21.53,31.49,84.95,15.06,29.33
1664,3097.87,91.8,23.15,32.68,84.98,15.16,29.56
1665,3079.88,91.81,21.05,30.86,84.98,15.17,29.54
1666,3084.62,91.79,21.21,30.52,84.99,15.22,29.67
1667,3090.65,91.81,21.05,29.59,84.98,15.22,29.74
1668,3079.06,91.81,20.87,29.68,85.01,15.05,29.71
1669,3107.69,91.79,20.97,30.26,85.0,15.13,29.64
1670,3148.44,91.82,20.89,30.79,84.97,15.07,29.76
1671,3128.2,91.87,20.97,31.34,84.97,15.23,29.82
1672,3157.55,91.94,21.2,31.8,84.97,15.16,29.66
1673,3138.27,92.07,22.51,33.12,84.93,15.18,29.72
1674,3112.88,92.23,20.09,32.2,84.93,15.12,29.7
1675,3108.53,92.43,21.63,33.47,84.95,15.11,29.55
1676,3125.12,92.34,23.49,32.06,84.97,15.11,29.61
1677,3120.43,92.58,21.83,31.85,84.98,15.03,29.51
1678,3130.17,91.7,21.64,30.45,85.02,15.05,29.45
1679,3122.29,89.81,22.5,31.12,85.01,15.07,29.38
1680,3132.02,88.03,22.88,30.96,85.0,15.06,29.29
1681,3121.26,87.12,23.82,31.69,85.02,15.05,29.25
1682,3126.88,85.66,23.59,31.72,85.04,15.03,29.16
1683,3078.96,84.35,21.44,29.04,85.02,14.94,29.34
1684,3048.19,83.65,22.16,30.91,85.03,14.92,29.37
1685,3019.6,81.9,22.25,29.69,85.04,14.92,29.55
1686,2981.82,83.02,23.56,36.17,85.06,14.98,29.52
1687,2946.84,83.43,22.0,32.18,85.08,15.05,29.48
1688,2947.35,84.44,21.17,35.54,85.08,15.03,29.63
1689,2955.92,85.16,21.27,33.44,85.07,15.04,29.61
1690,2957.85,86.66,22.84,38.6,85.06,14.98,29.57
1691,2981.91,87.57,24.18,35.15,85.09,15.15,29.58
1692,2962.04,88.35,23.48,33.67,85.12,15.09,29.42
1693,2962.74,89.48,23.29,36.48,85.13,15.05,29.47
1694,2951.32,90.38,25.65,35.85,85.16,15.16,29.47
1695,2969.3,90.91,24.85,32.69,85.17,15.22,29.59
1696,2993.56,91.37,25.09,32.21,85.17,15.16,29.65
1697,3032.29,91.6,24.29,30.77,85.15,15.23,29.84
1698,3016.32,91.81,24.31,30.23,85.16,15.19,29.76
1699,3034.12,92.1,23.3,30.45,85.18,15.24,29.68
1700,3071.32,92.31,22.37,30.24,85.21,15.31,29.82
1701,3055.02,92.38,21.84,28.98,85.24,15.35,29.66
1702,3036.13,92.43,21.22,28.07,85.25,15.27,29.53
1703,3015.14,92.52,20.87,27.84,85.29,15.31,29.5
1704,3038.63,92.43,21.18,28.76,85.28,15.3,29.64
1705,3032.7,92.5,22.58,31.45,85.31,15.27,29.72
1706,3051.19,92.44,21.82,30.88,85.32,15.29,29.78
1707,3052.89,92.37,20.82,31.06,85.33,15.2,29.61
1708,3093.84,92.12,20.71,30.48,85.31,15.31,29.59
1709,3109.04,92.14,19.93,29.96,85.33,15.31,29.43
1710,3090.31,92.22,18.63,30.12,85.35,15.34,29.47
1711,3084.45,92.25,19.61,28.56,85.32,15.29,29.26
1712,3101.27,92.28,19.69,29.31,85.34,15.24,29.18
1713,3078.54,92.2,19.84,28.8,85.31,15.24,29.23
1714,3103.49,92.24,18.3,27.91,85.29,15.2,29.29
1715,3096.34,92.21,17.97,27.96,85.29,15.2,29.28
1716,3110.96,92.19,17.01,28.86,85.33,15.22,29.31
1717,3103.19,92.06,17.25,28.74,85.33,15.21,29.34
1718,3084.14,90.33,17.57,28.88,85.35,15.13,29.35
1719,3059.69,88.95,17.83,29.12,85.34,15.16,29.21
1720,3080.81,87.21,17.4,29.07,85.34,15.16,29.3
1721,3054.39,86.0,16.84,27.89,85.35,15.19,29.3
1722,3091.89,83.92,16.83,28.07,85.38,15.15,29.36
1723,3059.5,81.98,17.22,28.06,85.38,15.16,29.45
1724,3006.68,80.66,16.81,25.56,85.37,15.18,29.39
1725,2941.01,79.23,16.13,25.66,85.39,15.21,29.45
1726,2936.7,78.23,15.53,24.32,85.39,15.23,29.42
1727,2901.64,77.44,15.16,24.23,85.4,15.26,29.36
1728,2887.87,76.39,14.98,25.27,85.41,15.26,29.34
1729,2902.14,75.34,14.29,24.86,85.41,15.31,29.28
1730,2942.15,73.51,14.15,24.12,85.37,15.36,29.36
1731,2961.71,71.42,15.34,24.99,85.4,15.42,29.24
1732,2991.86,70.35,15.17,26.07,85.41,15.27,29.15
1733,3001.63,68.55,14.22,24.78,85.39,15.38,29.08
1734,2963.64,67.46,12.54,22.19,85.41,15.34,29.21
1735,2976.05,65.84,14.28,23.8,85.45,15.33,29.34
1736,2952.88,64.28,15.25,24.65,85.48,15.23,29.15
1737,2961.41,63.56,15.44,25.03,85.52,15.23,29.26
1738,2944.26,62.6,16.29,23.89,85.51,15.18,29.35
1739,2934.51,60.6,16.51,24.3,85.52,15.19,29.26
1740,2894.5,59.87,16.22,24.78,85.53,15.25,29.03
1741,2826.29,58.19,14.99,25.46,85.54,15.14,29.08
1742,2805.51,57.38,16.39,25.52,85.54,15.2,29.21
1743,2788.59,55.77,15.75,25.09,85.49,15.21,29.3
1744,2738.49,54.71,15.2,22.9,85.53,15.21,29.25
1745,2706.27,55.69,15.55,29.61,85.51,15.08,29.38
1746,2643.31,56.89,16.0,31.65,85.53,15.07,29.17
1747,2635.04,58.08,16.84,32.2,85.55,15.02,29.15
1748,2610.43,59.08,17.44,32.14,85.56,15.04,29.11
1749,2626.22,59.55,16.88,28.11,85.56,15.04,29.24
1750,2640.5,60.51,17.12,31.08,85.57,15.09,29.33
1751,2652.15,61.77,17.92,33.15,85.6,15.09,29.39
1752,2694.35,63.16,17.77,34.97,85.63,15.14,29.25
1753,2712.34,63.76,18.93,31.55,85.63,15.08,29.31
1754,2732.43,65.0,19.15,35.78,85.62,15.13,29.39
1755,2757.07,65.98,20.52,34.96,85.61,15.09,29.27
1756,2760.96,66.21,19.0,30.18,85.64,15.12,29.16
1757,2797.94,66.67,19.39,31.53,85.65,15.16,29.33
1758,2796.23,67.71,18.8,35.67,85.64,15.11,29.28
1759,2827.39,69.08,18.68,37.4,85.64,15.17,29.18
1760,2874.36,69.95,19.55,35.09,85.65,15.21,29.13
1761,2872.47,70.46,19.27,32.36,85.64,15.18,29.15
1762,2868.97,71.36,21.48,36.08,85.65,15.25,29.12
1763,2876.87,72.49,21.95,37.58,85.69,15.27,28.96
1764,2946.86,73.89,21.55,40.86,85.7,15.3,29.1
1765,2896.9,75.29,22.19,40.67,85.68,15.27,29.19
1766,2842.88,75.71,21.68,34.85,85.71,15.22,29.12
1767,2829.89,76.45,22.25,36.3,85.74,15.29,29.13
1768,2758.44,76.98,21.76,34.15,85.77,15.19,29.14
1769,2733.55,77.53,21.9,34.01,85.79,15.11,29.14
1770,2761.15,78.08,21.87,34.34,85.84,15.26,29.16
1771,2742.56,79.47,22.2,38.82,85.86,15.22,29.06
1772,2741.78,79.87,22.77,32.53,85.93,15.22,29.02
1773,2755.27,80.9,21.34,35.95,85.96,15.18,28.99
1774,2769.81,81.71,21.48,35.08,86.0,15.21,28.95
1775,2770.13,82.98,21.21,37.7,86.0,15.21,29.11
1776,2793.22,83.44,20.06,32.34,85.99,15.17,29.08
1777,2836.54,85.0,20.01,38.18,86.0,15.31,29.12
1778,2827.63,86.06,19.91,35.63,86.01,15.27,28.92
1779,2832.86,86.49,19.81,32.46,86.01,15.38,28.93
1780,2849.02,87.62,20.56,37.76,86.02,15.28,29.01
1781,2881.36,88.22,21.13,34.99,86.02,15.25,29.05
1782,2897.5,88.64,20.81,33.39,86.02,15.28,28.79
1783,2911.25,89.38,22.29,35.67,86.04,15.24,28.79
1784,2896.04,89.79,21.89,33.58,86.04,15.23,28.87
1785,2891.22,89.96,20.16,31.41,86.05,15.18,29.04
1786,2914.78,90.34,19.99,32.1,86.03,15.12,29.03
1787,2922.48,90.72,20.16,30.96,86.04,15.28,28.8
1788,2932.56,90.92,17.58,28.67,86.05,15.28,28.74
1789,2948.13,91.17,18.86,29.41,86.04,15.24,28.71
1790,3010.25,91.31,18.92,29.47,86.05,15.24,28.73
1791,3008.51,91.66,18.24,30.26,86.05,15.24,28.52
1792,3044.83,91.76,17.65,28.57,86.05,15.2,28.52
1793,3075.19,91.76,18.46,28.65,86.05,15.2,28.66
1794,3091.07,91.59,19.27,30.27,86.07,15.24,28.62
1795,3071.69,91.58,18.78,29.88,86.07,15.28,28.71
1796,3074.12,91.54,17.78,28.38,86.1,15.3,28.58
1797,3066.39,91.72,18.15,29.18,86.08,15.29,28.46
1798,3107.51,91.61,18.55,29.88,86.09,15.28,28.59
1799,3111.28,91.59,19.1,31.18,86.08,15.33,28.61
1800,3096.77,90.05,18.67,31.43,86.09,15.31,28.64
1801,3118.52,88.4,18.61,31.76,86.11,15.28,28.58
1802,3091.33,87.4,18.65,31.95,86.09,15.34,28.6
1803,3080.8,85.88,19.42,31.71,86.11,15.45,28.51
1804,3070.15,84.46,20.38,32.39,86.16,15.33,28.64
1805,3050.41,83.38,21.44,33.1,86.17,15.4,28.83
1806,3019.04,81.8,22.13,33.48,86.17,15.24,28.9
1807,3007.2,80.7,23.14,33.03,86.17,15.24,28.86
1808,2963.79,79.57,23.39,32.39,86.18,15.25,28.66
1809,2955.3,78.0,22.3,31.16,86.17,15.19,28.57
1810,2914.33,76.26,22.99,31.69,86.2,15.11,28.66
1811,2907.14,75.25,21.27,30.97,86.17,15.18,28.52
1812,2956.53,73.52,22.69,31.68,86.19,15.23,28.52
1813,2986.5,72.9,21.28,31.47,86.22,15.25,28.6
1814,2996.88,72.21,21.49,30.31,86.25,15.3,28.75
1815,3023.34,70.67,22.1,31.05,86.28,15.34,28.74
1816,3027.99,68.89,21.82,30.25,86.28,15.32,28.74
1817,2949.89,67.55,19.55,28.47,86.31,15.29,28.8
1818,2921.32,65.62,18.35,27.01,86.33,15.18,28.78
1819,2907.98,63.71,18.29,26.77,86.36,15.26,28.74
1820,2891.94,62.15,18.42,26.52,86.39,15.24,28.72
1821,2883.0,61.36,17.88,25.15,86.4,15.12,28.78
1822,2884.13,59.54,17.56,23.59,86.4,15.23,29.02
1823,2860.88,58.48,16.03,22.79,86.45,15.15,29.09
1824,2783.44,57.51,17.22,23.54,86.42,15.1,29.16
1825,2754.29,55.83,16.55,23.6,86.42,15.05,29.1
1826,2743.99,54.57,16.85,24.32,86.4,15.06,29.18
1827,2705.84,52.87,17.59,24.11,86.41,15.02,29.18
1828,2669.47,51.79,16.18,23.05,86.42,15.01,29.19
1829,2617.66,50.36,15.92,22.51,86.42,14.99,29.25
1830,2669.48,48.57,15.78,23.13,86.41,15.11,29.29
1831,2681.75,47.44,15.2,24.02,86.4,15.16,29.5
1832,2700.2,45.52,15.6,23.62,86.41,15.18,29.58
1833,2702.23,43.73,14.65,22.82,86.41,15.26,29.69
1834,2686.57,42.04,14.34,22.44,86.43,15.21,29.77
1835,2674.0,40.78,13.7,21.77,86.42,15.15,29.91
1836,2654.47,40.2,15.28,21.77,86.43,15.17,29.78
1837,2653.52,39.32,14.29,21.2,86.45,15.14,29.88
1838,2637.94,38.84,14.52,20.6,86.47,15.12,29.84
1839,2629.78,38.47,15.55,21.5,86.48,15.03,29.75
1840,2584.63,38.19,14.31,21.89,86.48,15.13,29.77
1841,2542.79,37.98,14.0,21.28,86.5,15.07,29.86
1842,2523.1,37.85,12.86,21.92,86.49,15.08,29.78
1843,2518.43,37.73,11.0,20.97,86.49,15.06,29.68
1844,2509.06,37.6,10.31,20.02,86.5,14.96,29.64
1845,2473.55,37.33,9.86,20.09,86.54,14.93,29.54
1846,2472.2,37.16,9.5,19.15,86.53,14.89,29.61
1847,2443.05,37.2,9.36,19.62,86.52,14.91,29.86
1848,2443.61,37.18,9.46,19.53,86.53,14.87,29.86
1849,2435.98,37.15,8.59,18.78,86.56,14.9,29.81
1850,2419.09,37.13,9.04,18.44,86.57,14.92,29.66
1851,2397.56,36.97,10.14,18.07,86.58,14.85,29.63
1852,2392.09,36.9,11.22,19.23,86.61,14.88,29.53
1853,2385.46,36.76,10.91,18.87,86.58,14.89,29.59
1854,2358.31,36.93,11.65,20.27,86.6,14.9,29.64
1855,2367.75,36.98,10.99,19.29,86.6,14.87,29.57
1856,2387.69,37.1,10.71,19.53,86.62,14.88,29.73
1857,2398.25,36.94,10.98,19.16,86.64,14.94,29.69
1858,2394.94,36.69,10.64,19.33,86.65,14.86,29.68
1859,2376.41,36.68,9.59,18.89,86.65,14.86,29.68
1860,2371.4,36.56,10.32,18.94,86.65,14.93,29.77
1861,2361.48,36.53,9.65,17.79,86.68,14.91,29.83
1862,2357.55,36.48,9.29,17.19,86.69,14.9,29.9
1863,2368.99,36.2,10.22,17.39,86.7,14.95,30.01
1864,2357.73,36.12,10.64,17.56,86.73,14.91,29.95
1865,2313.01,36.06,10.73,16.15,86.72,14.9,30.02
1866,2325.46,35.89,9.49,16.31,86.72,14.93,30.07
1867,2325.97,35.54,8.62,16.28,86.74,14.98,30.21
1868,2321.01,35.44,9.08,16.06,86.78,15.0,30.03
1869,2290.12,35.39,9.67,15.57,86.78,14.91,29.94
1870,2268.92,35.19,9.91,15.17,86.79,14.92,30.03
1871,2251.4,34.96,9.53,14.12,86.76,14.91,29.77
1872,2236.6,34.6,9.16,13.85,86.79,14.84,29.78
1873,2224.89,34.47,9.4,13.96,86.77,14.83,29.82
1874,2199.99,34.37,8.45,14.37,86.76,14.92,29.73
1875,2244.21,34.22,8.66,15.13,86.77,14.9,29.62
1876,2269.82,34.29,7.7,16.34,86.76,14.93,29.54
1877,2266.8,34.19,7.07,15.79,86.73,14.96,29.56
1878,2256.83,33.97,7.48,15.24,86.71,14.86,29.56
1879,2285.74,34.0,8.19,17.2,86.71,14.94,29.45
1880,2305.67,33.78,8.62,16.99,86.74,14.93,29.41
1881,2274.81,33.67,7.84,15.41,86.77,14.88,29.44
1882,2266.87,33.58,6.53,15.11,86.78,14.79,29.4
1883,2251.39,33.57,6.84,14.06,86.78,14.86,29.57
1884,2235.61,33.54,5.61,13.59,86.8,14.94,29.46
1885,2222.66,33.26,6.77,13.73,86.82,14.89,29.5
1886,2212.52,33.2,6.19,14.0,86.83,14.76,29.41
1887,2209.87,33.14,8.32,15.61,86.83,14.68,29.37
1888,2206.28,32.93,7.68,15.14,86.84,14.79,29.17
1889,2227.88,32.96,8.25,15.36,86.86,14.73,29.06
1890,2201.93,33.0,7.82,15.9,86.84,14.7,29.01
1891,2214.6,32.96,7.87,15.15,86.84,14.68,29.01
1892,2185.28,33.03,8.22,15.7,86.85,14.67,29.07
1893,2185.94,32.98,9.05,16.07,86.82,14.75,28.86
1894,2202.82,32.97,9.92,15.93,86.84,14.72,28.82
1895,2208.19,32.97,10.47,16.01,86.86,14.66,28.7
1896,2196.15,33.1,11.28,17.23,86.83,14.63,28.64
1897,2198.92,33.33,10.75,18.73,86.82,14.74,28.76
1898,2229.77,33.5,11.24,17.75,86.82,14.66,28.73
1899,2211.84,33.53,10.83,16.72,86.81,14.58,28.7
1900,2220.31,33.65,11.57,18.6,86.8,14.64,28.82
1901,2235.81,33.68,11.49,18.83,86.79,14.68,28.91
1902,2223.24,33.84,11.89,19.39,86.81,14.71,28.88
1903,2256.16,34.07,12.03,20.0,86.84,14.7,28.9
1904,2292.55,34.21,12.49,20.15,86.85,14.76,28.87
1905,2304.78,34.28,11.61,19.71,86.84,14.77,28.87
1906,2315.66,34.38,10.23,20.37,86.86,14.7,28.93
1907,2269.29,34.46,11.02,21.0,86.88,14.77,28.83
1908,2237.7,34.51,12.01,19.92,86.83,14.76,28.85
1909,2236.64,34.81,11.86,20.06,86.86,14.75,28.86
1910,2224.58,34.84,12.33,18.19,86.86,14.75,28.9
1911,2230.28,33.3,10.76,15.92,86.87,14.77,29.0
1912,2157.74,31.96,10.13,16.29,86.84,14.79,29.07
1913,2154.45,30.33,10.1,15.03,86.87,14.75,28.95
1914,2124.82,28.55,8.58,14.03,86.88,14.74,29.08
1915,2083.62,27.22,7.36,12.73,86.89,14.79,28.9
1916,2092.38,26.46,7.6,11.77,86.87,14.77,28.78
1917,2050.8,25.65,7.2,12.43,86.88,14.78,28.55
1918,1985.08,25.08,7.02,11.74,86.89,14.72,28.56
1919,2048.68,24.84,6.82,13.49,86.89,14.77,28.46
1920,2100.04,24.6,5.93,14.45,86.87,14.75,28.47
1921,2130.44,24.25,5.97,14.55,86.87,14.78,28.36
1922,2204.19,23.89,6.17,13.36,86.86,14.86,28.26
1923,2225.3,23.88,5.89,13.19,86.85,14.82,28.37
1924,2257.65,23.65,5.71,15.02,86.87,14.84,28.3
1925,2271.38,23.58,5.77,15.39,86.88,14.81,28.32
1926,2303.16,23.65,6.69,16.14,86.88,14.85,28.28
1927,2298.03,23.57,6.74,15.23,86.86,14.92,28.27
1928,2284.6,24.23,5.67,19.43,86.87,14.89,28.37
1929,2315.32,24.88,5.3,19.69,86.87,14.87,28.5
1930,2254.32,25.24,6.52,18.3,86.86,14.89,28.47
1931,2219.1,26.58,6.84,25.06,86.88,14.83,28.41
1932,2167.98,27.87,7.61,25.61,86.91,14.85,28.36
1933,2153.68,29.16,9.93,26.73,86.91,14.78,28.48
1934,2105.37,30.08,10.81,23.34,86.92,14.76,28.36
1935,2088.99,30.73,9.26,20.33,86.89,14.71,28.43
1936,2074.87,31.45,10.78,20.84,86.91,14.78,28.42
1937,2091.18,32.21,11.15,21.38,86.93,14.76,28.39
1938,2089.99,32.91,11.64,22.35,86.91,14.76,28.3
1939,2073.91,33.36,11.91,22.37,86.92,14.73,28.14
1940,2078.54,33.76,12.63,22.51,86.93,14.71,28.17
1941,2106.74,33.91,12.35,21.3,86.98,14.78,28.28
1942,2123.48,34.24,11.08,20.67,87.04,14.85,28.11
1943,2120.85,34.29,11.24,18.62,87.05,14.83,28.09
1944,2150.87,34.46,10.08,18.54,87.04,14.87,28.19
1945,2191.91,34.45,11.51,17.77,87.05,14.86,28.2
1946,2214.78,34.52,11.09,18.58,87.07,14.86,28.16
1947,2170.92,34.63,10.98,18.17,87.04,14.85,28.07
1948,2183.99,34.71,10.37,16.5,87.01,14.8,28.07
1949,2188.85,34.88,10.69,17.86,86.99,14.86,28.19
1950,2155.65,34.94,11.01,18.12,87.01,14.97,28.22
1951,2140.98,34.86,10.35,17.61,87.03,14.85,28.24
1952,2171.51,35.09,10.79,19.18,87.04,14.86,28.1
1953,2186.36,35.19,10.82,17.75,87.06,14.86,28.14
1954,2196.97,35.16,10.65,16.56,87.06,14.93,28.21
1955,2191.81,35.23,10.02,17.56,87.06,14.84,28.21
1956,2222.51,35.23,11.87,17.47,87.07,14.9,28.27
1957,2204.83,35.5,12.77,20.9,87.11,14.88,28.39
1958,2196.15,35.46,13.08,19.97,87.12,14.86,28.34
1959,2200.29,35.48,13.68,20.47,87.12,14.85,28.45
1960,2180.14,35.56,13.6,22.56,87.14,15.04,28.4
1961,2175.66,35.62,12.99,22.91,87.17,15.03,28.49
1962,2210.74,35.75,10.65,22.03,87.17,14.98,28.59
1963,2203.55,35.87,9.68,20.54,87.16,15.0,28.57
1964,2231.21,36.02,11.53,21.07,87.16,15.02,28.69
1965,2253.23,36.13,12.38,21.02,87.18,15.08,28.75
1966,2256.33,36.13,12.32,19.72,87.17,15.03,28.69
1967,2234.08,36.21,10.88,18.61,87.19,14.97,28.66
1968,2246.1,36.48,11.45,20.18,87.16,15.01,28.75
1969,2211.73,36.27,11.1,18.89,87.16,15.04,28.86
1970,2214.87,36.48,11.68,21.69,87.17,15.02,28.76
1971,2232.84,36.5,10.65,20.11,87.21,14.94,28.74
1972,2259.61,36.28,10.21,20.23,87.23,14.97,28.77
1973,2263.78,36.46,11.01,20.13,87.23,15.03,28.79
1974,2258.29,36.39,12.47,20.11,87.22,15.01,28.94
1975,2252.08,36.46,11.75,19.35,87.21,15.06,28.99
1976,2250.64,36.43,10.79,18.77,87.2,15.03,28.92
1977,2269.56,36.11,11.54,19.01,87.23,15.08,29.02
1978,2279.15,35.92,10.39,18.36,87.22,14.97,29.04
1979,2279.87,35.94,9.42,16.97,87.26,14.99,29.14
1980,2293.75,35.96,9.71,16.66,87.26,15.02,29.0
1981,2293.51,35.93,11.42,16.55,87.26,15.13,28.94
1982,2264.99,35.69,10.61,15.77,87.27,14.97,29.04
1983,2245.03,35.77,10.3,17.05,87.29,15.0,29.16
1984,2260.79,35.58,10.36,16.47,87.28,14.94,29.06
1985,2234.28,35.47,9.95,15.77,87.29,15.0,28.97
1986,2230.25,35.4,8.54,15.8,87.29,15.02,29.03
1987,2232.21,35.39,9.33,16.42,87.3,15.04,28.94
1988,2215.83,35.42,9.57,18.22,87.3,14.99,28.89
1989,2188.18,35.29,9.91,18.66,87.3,14.92,28.92
1990,2173.32,35.18,9.8,16.97,87.31,14.95,28.89
1991,2147.25,35.04,11.03,17.9,87.29,14.8,28.74
1992,2172.77,35.03,10.52,18.29,87.32,14.77,28.64
1993,2190.57,35.05,9.61,19.32,87.32,14.79,28.69
1994,2182.8,34.97,10.97,19.35,87.32,14.74,28.54
1995,2164.24,35.11,9.19,20.17,87.33,14.82,28.54
1996,2199.33,35.21,9.19,19.6,87.32,14.87,28.45
1997,2215.9,35.3,9.26,19.73,87.33,14.85,28.6
1998,2209.55,35.38,9.28,18.73,87.33,14.84,28.78
1999,2240.11,35.42,8.14,17.1,87.36,14.8,28.77
2000,2244.91,35.33,7.38,17.21,87.37,14.85,28.79
2001,2253.0,35.33,8.41,17.59,87.35,14.9,28.69
2002,2233.84,35.43,9.73,17.66,87.36,14.86,28.69
2003,2206.98,35.33,9.42,17.39,87.38,14.88,28.86
2004,2181.42,35.17,8.73,14.96,87.35,14.92,28.78
2005,2231.88,35.17,7.43,14.23,87.33,14.86,28.8
2006,2216.54,34.95,8.44,13.44,87.37,14.81,28.73
2007,2221.14,34.92,9.38,14.93,87.37,14.84,28.8
2008,2233.61,35.12,7.29,15.24,87.36,14.99,28.57
2009,2235.27,35.27,5.7,14.57,87.36,14.9,28.57
2010,2234.38,35.3,6.26,14.43,87.35,14.91,28.54
2011,2232.72,35.19,6.84,15.17,87.32,14.87,28.56
2012,2243.71,35.08,6.77,15.76,87.31,14.91,28.67
2013,2221.73,34.87,7.06,16.37,87.3,14.95,28.79
2014,2214.95,34.92,7.18,16.52,87.29,14.91,28.73
2015,2171.7,34.89,7.47,16.72,87.28,14.87,28.93
2016,2144.47,35.18,7.15,17.7,87.26,14.91,28.82
2017,2133.38,35.38,7.53,17.01,87.25,14.87,28.92
2018,2166.2,35.3,7.23,14.71,87.27,14.92,28.96
2019,2171.84,35.25,6.9,15.93,87.26,14.91,28.94
2020,2196.31,35.33,5.76,15.37,87.26,14.94,28.92
2021,2210.53,35.18,6.04,16.12,87.29,14.96,28.9
2022,2220.81,35.2,7.09,17.05,87.28,14.93,28.93
2023,2205.56,35.18,7.12,16.97,87.34,14.95,28.86
2024,2211.68,35.01,7.12,17.2,87.36,14.92,28.8
2025,2220.19,34.88,8.4,16.85,87.36,15.03,28.7
2026,2266.27,34.79,9.37,18.59,87.36,15.02,28.63
2027,2256.22,34.85,10.85,19.13,87.39,15.01,28.48
2028,2269.86,34.91,12.59,20.48,87.38,15.0,28.41
2029,2264.4,34.88,12.37,19.53,87.38,14.91,28.38
2030,2247.52,34.84,11.2,17.87,87.41,15.01,28.48
2031,2265.02,34.99,10.73,20.15,87.41,15.0,28.5
2032,2301.37,35.09,11.16,19.61,87.41,15.06,28.71
2033,2302.05,35.32,12.31,21.13,87.4,15.05,28.52
2034,2282.35,35.13,11.24,16.95,87.37,15.0,28.58
2035,2287.95,35.08,11.32,17.02,87.39,15.01,28.63
2036,2288.18,34.97,10.55,17.24,87.39,15.02,28.7
2037,2325.94,34.77,10.36,17.46,87.41,15.05,28.81
2038,2329.21,34.77,10.19,17.37,87.42,15.06,28.77
2039,2299.69,34.94,10.56,18.34,87.41,15.11,28.81
2040,2317.72,34.79,12.12,18.61,87.4,15.04,28.79
2041,2324.76,35.01,12.39,19.1,87.42,14.98,28.88
2042,2333.51,34.94,11.8,17.5,87.41,14.95,28.79
2043,2331.6,35.02,11.18,18.86,87.42,14.93,28.85
2044,2340.75,34.95,10.9,17.22,87.43,14.95,28.81
2045,2336.33,34.82,10.11,16.87,87.41,14.86,28.75
2046,2317.15,34.57,10.2,16.05,87.4,14.91,28.77
2047,2305.96,34.27,8.23,15.56,87.41,14.94,28.79
2048,2289.74,34.02,8.22,15.58,87.4,14.89,28.91
2049,2284.42,33.96,8.27,14.96,87.44,15.01,29.16
2050,2273.67,33.84,7.49,14.75,87.45,14.96,29.29
2051,2255.9,33.76,7.41,14.8,87.44,14.96,29.2
2052,2243.96,33.85,8.58,15.41,87.44,14.98,29.3
2053,2238.07,33.95,9.71,15.73,87.44,14.95,29.45
2054,2197.71,34.02,9.32,14.88,87.43,15.01,29.39
2055,2218.22,33.92,9.79,13.2,87.42,14.94,29.3
2056,2222.33,33.94,8.6,13.86,87.43,14.84,29.28
2057,2206.72,33.95,8.48,14.74,87.46,15.04,29.29
2058,2217.49,33.98,8.81,13.91,87.45,14.89,29.13
2059,2206.91,34.26,10.27,17.01,87.46,14.91,29.04
2060,2199.3,34.48,11.3,17.48,87.45,14.87,29.04
2061,2210.19,34.46,11.32,15.5,87.46,14.91,29.11
2062,2241.46,34.61,10.53,16.28,87.44,14.91,29.25
2063,2247.25,34.83,11.66,16.78,87.42,14.91,29.14
2064,2231.9,34.97,11.29,16.99,87.41,14.93,29.34
2065,2226.93,34.94,11.51,15.64,87.41,14.92,29.2
2066,2247.82,35.16,11.37,18.69,87.39,14.93,29.07
2067,2258.2,35.27,12.88,19.61,87.36,14.9,29.07
2068,2278.2,35.29,12.11,17.91,87.34,14.97,29.0
2069,2284.26,35.25,12.63,19.28,87.34,14.88,29.0
2070,2296.61,35.19,12.3,19.69,87.33,14.83,28.99
2071,2332.96,35.31,12.58,20.48,87.32,14.94,28.94
2072,2299.0,35.55,13.74,21.95,87.33,14.87,28.81
2073,2343.88,35.51,11.77,20.55,87.32,14.88,28.85
2074,2355.16,35.8,11.69,21.6,87.33,14.95,28.84
2075,2399.39,35.95,10.89,21.25,87.37,14.93,28.9
2076,2365.98,35.98,11.19,20.05,87.37,14.89,28.89
2077,2365.28,36.13,11.71,21.5,87.37,15.0,28.82
2078,2360.28,36.17,11.2,20.35,87.39,14.94,28.62
2079,2370.58,36.22,10.7,19.45,87.38,14.96,28.59
2080,2372.18,36.37,10.89,20.52,87.37,14.98,28.51
2081,2369.28,36.07,9.79,18.82,87.37,14.88,28.43
2082,2375.07,36.04,10.09,19.01,87.38,14.95,28.46
2083,2361.79,35.97,9.44,18.93,87.37,14.96,28.33
2084,2342.12,35.95,10.1,20.09,87.38,14.94,28.51
2085,2344.48,36.01,9.08,19.65,87.42,14.92,28.57
2086,2328.41,36.25,8.85,19.78,87.39,14.92,28.59
2087,2320.96,36.04,8.38,19.29,87.4,14.9,28.5
2088,2287.45,35.92,8.31,18.96,87.4,14.94,28.57
2089,2287.73,35.78,9.59,18.9,87.4,14.91,28.6
2090,2268.36,35.75,10.31,19.26,87.41,14.86,28.57
2091,2268.7,35.65,9.9,18.73,87.44,14.91,28.63
2092,2247.55,35.6,9.54,18.21,87.45,14.9,28.51
2093,2249.24,35.35,10.29,20.31,87.47,15.01,28.42
2094,2270.3,35.6,9.46,20.68,87.47,14.97,28.35
2095,2258.59,35.58,9.54,17.98,87.48,14.92,28.44
2096,2242.38,35.72,9.18,19.51,87.48,14.85,28.5
2097,2262.57,35.72,9.13,18.33,87.48,14.91,28.58
2098,2282.69,35.67,9.87,18.86,87.48,14.88,28.46
2099,2290.19,35.66,9.35,19.07,87.49,14.97,28.59
2100,2278.67,35.57,10.2,17.93,87.46,14.9,28.61
2101,2265.69,35.54,11.95,19.36,87.45,14.83,28.49
2102,2260.52,35.56,12.24,19.03,87.47,14.92,28.52
2103,2261.42,35.56,11.96,20.24,87.5,14.95,28.57
2104,2230.05,35.72,12.78,20.65,87.48,14.94,28.53
2105,2217.84,35.82,11.67,20.84,87.47,14.92,28.53
2106,2251.11,35.63,12.72,21.93,87.46,14.98,28.6
2107,2259.31,35.69,11.89,21.43,87.47,15.0,28.57
2108,2286.9,35.63,13.44,21.43,87.48,15.01,28.53
2109,2306.32,35.61,12.53,20.77,87.5,15.08,28.44
2110,2297.01,35.66,12.83,22.09,87.48,15.02,28.49
2111,2288.41,35.59,11.31,21.11,87.49,14.93,28.46
2112,2307.03,35.74,11.09,22.21,87.49,15.02,28.43
2113,2319.57,35.88,10.19,21.51,87.48,14.97,28.45
2114,2334.31,35.8,9.03,20.48,87.5,15.07,28.55
2115,2327.4,35.8,10.1,21.04,87.5,15.02,28.59
2116,2324.27,35.81,9.12,20.04,87.5,15.12,28.57
2117,2313.28,35.78,8.63,20.89,87.53,15.12,28.54
2118,2307.31,35.73,8.09,20.25,87.54,15.08,28.63
2119,2288.59,35.52,9.2,21.1,87.58,15.16,28.48
2120,2284.78,35.52,10.1,20.24,87.54,15.09,28.59
2121,2279.08,35.36,11.1,20.9,87.54,15.06,28.46
2122,2267.09,35.21,10.36,21.13,87.53,15.05,28.34
2123,2281.06,35.06,11.4,21.52,87.52,15.09,28.33
2124,2248.23,34.94,10.62,21.62,87.51,15.02,28.55
2125,2253.69,34.81,9.95,20.57,87.54,15.0,28.72
2126,2232.71,34.74,9.38,20.38,87.53,15.02,28.88
2127,2215.87,34.76,8.91,18.86,87.52,15.01,28.91
2128,2202.83,34.74,8.94,18.7,87.53,15.02,28.78
2129,2215.21,34.6,8.36,17.81,87.52,15.05,28.86
2130,2172.09,34.7,8.75,18.22,87.55,15.01,28.83
2131,2183.05,34.79,6.82,18.41,87.53,15.03,28.87
2132,2190.29,34.79,7.32,19.3,87.53,15.08,28.89
2133,2176.61,34.88,6.75,18.33,87.57,15.07,28.88
2134,2187.77,34.89,6.54,18.66,87.57,14.97,28.95
2135,2169.22,34.84,6.36,19.26,87.58,14.98,28.79
2136,2176.72,34.83,7.47,19.7,87.58,15.0,28.83
2137,2159.24,34.82,8.12,20.61,87.59,15.1,28.8
2138,2209.58,34.74,8.16,20.24,87.58,15.14,28.8
2139,2228.5,34.57,7.76,19.52,87.59,15.07,28.9
2140,2233.13,34.61,8.62,19.51,87.62,15.15,28.82
2141,2214.0,34.68,10.22,20.57,87.59,15.11,28.85
2142,2212.46,34.93,10.3,21.47,87.58,15.1,28.95
2143,2211.79,34.97,9.0,18.96,87.57,15.04,28.93
2144,2221.72,35.15,8.63,19.15,87.56,15.11,28.89
2145,2233.57,35.14,9.21,18.22,87.57,15.14,28.88
2146,2240.61,35.19,8.96,17.72,87.57,15.13,28.8
2147,2248.89,35.18,8.37,17.73,87.57,15.18,28.86
2148,2245.98,35.23,7.84,18.62,87.6,15.23,28.85
2149,2253.64,35.21,8.12,19.07,87.58,15.22,28.83
2150,2240.62,35.25,7.1,20.84,87.59,15.11,28.99
2151,2221.59,35.37,7.43,21.39,87.59,15.03,29.07
2152,2263.74,35.43,7.79,22.32,87.59,14.96,29.03
2153,2273.71,35.76,7.82,23.76,87.58,15.03,29.02
2154,2311.98,36.09,7.38,23.25,87.58,15.19,28.96
2155,2304.53,36.18,8.52,22.02,87.59,15.08,28.97
2156,2351.79,36.23,7.64,21.47,87.59,15.16,28.97
2157,2347.48,36.41,8.13,22.05,87.61,15.15,28.86
2158,2366.01,36.53,8.98,21.07,87.6,15.11,28.94
2159,2359.75,36.5,9.23,19.5,87.58,15.03,28.89
2160,2358.1,36.64,10.38,21.5,87.55,14.99,28.87
2161,2349.62,36.44,9.46,20.69,87.56,15.02,28.81
2162,2334.62,36.45,8.91,21.61,87.57,14.99,29.13
2163,2349.25,36.16,8.66,20.9,87.56,15.05,29.11
2164,2342.7,36.11,11.44,21.32,87.54,15.0,28.98
2165,2353.8,36.1,11.72,20.43,87.58,14.97,28.91
2166,2364.34,35.98,12.11,21.27,87.61,15.03,29.09
2167,2384.24,36.05,12.47,21.1,87.64,15.07,29.17
2168,2381.35,36.0,12.3,20.46,87.65,14.99,29.1
2169,2339.65,35.88,12.92,20.62,87.67,15.02,29.21
2170,2326.1,35.78,11.14,18.62,87.67,14.98,29.26
2171,2319.05,35.58,11.25,19.15,87.65,14.96,29.22
2172,2312.46,35.36,11.47,19.87,87.63,14.96,29.2
2173,2331.69,35.13,12.14,20.28,87.63,14.96,29.19
2174,2345.21,35.26,11.06,20.51,87.65,15.02,29.29
2175,2330.19,35.11,10.08,19.18,87.66,15.02,29.33
2176,2368.53,35.13,9.27,20.12,87.67,14.99,29.3
2177,2346.1,35.07,9.76,19.94,87.68,14.92,29.32
2178,2328.15,35.04,10.21,19.86,87.69,14.91,29.52
2179,2295.54,34.99,9.42,18.76,87.7,14.95,29.53
2180,2258.45,35.02,11.02,17.2,87.73,14.93,29.69
2181,2234.59,35.15,11.21,18.7,87.74,14.87,29.74
2182,2258.86,35.35,11.29,19.21,87.78,14.92,29.7
2183,2273.75,35.23,10.99,17.34,87.78,14.94,29.67
2184,2253.64,35.1,11.63,19.07,87.81,14.94,29.69
2185,2255.37,35.02,11.78,19.38,87.82,14.97,29.75
2186,2270.84,34.92,13.1,19.71,87.79,14.96,29.76
2187,2226.1,34.74,11.81,19.67,87.82,14.95,29.69
2188,2262.72,34.72,10.39,19.45,87.81,15.03,29.79
2189,2279.69,34.66,9.74,19.4,87.81,14.99,29.8
2190,2289.49,34.62,10.2,19.03,87.83,15.07,29.79
2191,2305.7,34.61,9.83,19.37,87.82,15.07,29.99
2192,2256.04,34.75,10.92,20.96,87.83,14.99,29.81
2193,2248.59,34.65,10.5,19.33,87.84,15.04,29.89
2194,2270.19,34.36,11.3,18.19,87.83,15.0,29.82
2195,2264.02,34.46,10.54,19.12,87.83,15.04,29.76
2196,2272.29,34.18,11.41,19.3,87.83,15.01,29.97
2197,2293.47,34.12,12.35,20.27,87.85,15.08,29.87
2198,2296.66,34.09,11.64,19.92,87.89,15.05,29.8
2199,2279.5,33.96,11.84,20.49,87.87,15.02,29.76
2200,2280.69,33.87,11.85,19.85,87.88,15.08,29.66
2201,2237.46,33.97,12.11,20.12,87.88,15.04,29.73
2202,2243.03,33.92,12.9,18.96,87.88,15.04,29.68
2203,2254.68,34.17,13.49,21.56,87.92,15.09,29.76
2204,2253.25,34.24,13.57,20.37,87.93,15.09,29.68
2205,2274.33,34.58,13.9,22.36,87.93,15.07,29.51
2206,2276.05,34.82,12.61,21.53,87.91,15.05,29.48
2207,2274.87,34.83,12.31,19.7,87.93,15.05,29.36
2208,2307.33,34.85,11.2,20.02,87.93,15.05,29.52
2209,2279.97,34.88,11.08,21.07,87.92,15.03,29.38
2210,2302.01,34.65,11.85,21.73,87.93,15.12,29.33
2211,2318.66,34.5,11.65,20.21,87.95,15.08,29.41
2212,2323.67,34.58,9.51,19.89,87.94,15.12,29.41
2213,2302.8,34.58,8.71,18.96,87.93,15.11,29.35
2214,2298.93,34.44,9.29,19.93,87.96,15.15,29.51
2215,2271.9,34.34,8.91,19.07,87.98,15.02,29.43
2216,2252.46,34.17,9.63,18.33,88.0,15.04,29.42
2217,2248.69,34.09,8.68,18.48,88.0,15.05,29.41
2218,2225.32,34.11,9.11,18.5,87.99,14.96,29.46
2219,2217.46,34.0,9.52,17.96,87.98,15.02,29.45
2220,2193.15,33.95,10.18,17.83,87.96,15.03,29.39
2221,2205.08,33.63,9.61,16.55,87.95,15.0,29.35
2222,2234.69,33.53,10.24,17.07,87.94,15.07,29.34
2223,2270.71,33.3,11.39,17.44,87.95,15.03,29.39
2224,2236.67,33.27,9.4,16.95,87.95,15.11,29.26
2225,2210.05,33.18,9.46,16.69,87.96,15.08,29.45
2226,2203.49,33.32,8.11,17.04,87.95,15.07,29.39
2227,2215.23,33.35,7.59,15.89,87.93,14.99,29.42
2228,2208.22,33.54,7.27,16.62,87.91,15.02,29.4
2229,2225.71,33.57,7.48,14.96,87.91,15.03,29.31
2230,2232.77,33.62,8.03,16.25,87.92,15.0,29.27
2231,2193.0,33.59,8.92,16.08,87.9,15.0,29.16
2232,2194.62,33.54,9.21,14.77,87.92,15.03,29.1
2233,2171.13,33.67,9.87,14.72,87.94,14.99,29.09
2234,2163.43,33.59,8.99,14.5,87.92,15.02,29.13
2235,2160.78,33.71,9.97,15.71,87.93,14.97,29.05
2236,2181.53,33.84,7.37,14.96,87.93,14.93,28.99
2237,2184.44,33.81,8.83,14.9,87.94,14.94,28.97
2238,2177.67,33.66,10.0,15.78,87.94,14.88,29.04
2239,2224.11,33.81,10.65,18.4,87.96,14.99,29.07
2240,2205.89,33.93,12.41,19.06,87.99,14.94,29.12
2241,2214.2,34.1,10.79,19.04,88.0,14.94,28.99
2242,2229.57,34.17,11.35,18.26,88.01,14.92,28.86
2243,2233.5,34.26,11.35,17.29,88.04,14.85,28.8
2244,2215.81,34.3,11.41,17.32,88.04,14.86,28.96
2245,2199.23,34.32,10.33,17.23,88.02,14.8,29.0
2246,2217.26,34.48,10.68,19.11,88.04,14.84,28.89
2247,2242.85,34.71,11.0,20.96,88.02,14.9,28.84
2248,2244.1,34.9,10.43,19.56,88.01,14.96,28.79
2249,2220.3,34.97,10.37,18.23,88.04,14.97,28.78
2250,2227.03,35.17,9.38,19.13,88.02,14.88,28.8
2251,2262.59,35.12,9.12,17.93,88.02,14.9,28.8
2252,2245.45,35.47,10.15,21.38,88.0,14.96,29.02
2253,2243.9,35.36,10.92,19.3,88.02,15.0,29.06
2254,2250.33,35.38,11.46,21.0,88.05,15.05,29.22
2255,2276.81,35.4,12.09,21.2,88.04,15.05,29.25
2256,2267.04,35.29,12.66,22.26,88.01,14.97,29.23
2257,2278.33,35.25,11.88,19.98,88.02,15.05,29.3
2258,2304.99,35.02,11.96,20.35,88.02,15.06,29.32
2259,2270.8,35.0,12.63,20.33,88.02,15.06,29.48
2260,2243.93,34.98,11.25,18.02,88.03,14.94,29.44
2261,2244.99,35.05,10.05,18.0,88.04,15.04,29.43
2262,2266.82,35.01,8.89,16.29,88.05,15.07,29.45
2263,2272.55,35.02,7.57,15.54,88.06,14.97,29.59
2264,2291.95,35.0,6.97,15.65,88.07,15.03,29.48
2265,2253.44,35.01,6.86,15.48,88.07,14.96,29.67
2266,2261.44,35.03,8.38,16.45,88.06,14.95,29.67
2267,2203.88,34.92,8.19,16.15,88.06,14.94,29.54
2268,2237.04,34.93,7.16,17.71,88.08,14.93,29.41
2269,2262.85,34.87,7.57,18.02,88.07,15.04,29.26
2270,2254.57,34.8,7.65,17.99,88.08,15.03,29.33
2271,2208.33,34.91,7.31,18.58,88.07,14.95,29.21
2272,2210.32,34.96,7.13,17.94,88.06,14.92,29.26
2273,2238.0,34.81,8.26,16.95,88.09,14.97,29.39
2274,2248.31,34.9,7.34,17.7,88.1,15.06,29.34
2275,2287.53,35.21,6.43,19.76,88.11,15.07,29.22
2276,2278.23,35.09,7.16,19.15,88.09,15.03,29.07
2277,2315.54,34.9,6.94,19.54,88.09,15.08,29.11
2278,2265.71,34.62,8.48,19.46,88.11,15.07,29.32
2279,2248.19,34.71,8.55,20.01,88.12,15.09,29.32
2280,2222.08,34.69,8.6,20.46,88.17,15.03,29.34
2281,2240.64,34.76,9.4,20.86,88.18,15.04,29.3
2282,2217.08,34.69,8.11,18.72,88.17,14.98,29.33
2283,2240.65,34.62,8.56,20.46,88.17,15.03,29.36
2284,2254.92,34.66,8.42,19.69,88.16,15.05,29.34
2285,2258.15,34.76,9.44,19.19,88.15,15.11,29.4
2286,2256.31,34.99,9.09,19.94,88.16,14.98,29.35
2287,2235.82,34.97,9.32,18.76,88.16,15.03,29.35
2288,2252.15,35.16,9.19,20.16,88.19,15.09,29.43
2289,2244.81,35.25,9.65,20.26,88.21,15.1,29.28
2290,2264.44,35.35,9.53,20.06,88.23,15.04,29.36
2291,2296.53,35.41,9.82,19.8,88.23,15.03,29.41
2292,2288.26,35.33,11.24,19.4,88.25,15.13,29.3
2293,2312.98,35.24,10.89,19.38,88.27,15.04,29.31
2294,2311.56,35.17,11.12,19.76,88.3,15.03,29.21
2295,2319.59,35.28,12.89,21.67,88.3,15.1,29.32
2296,2288.69,35.36,12.95,20.6,88.31,15.06,29.4
2297,2272.74,35.17,10.71,18.16,88.3,15.14,29.54
2298,2258.32,35.14,10.1,18.49,88.35,15.11,29.62
2299,2286.57,35.17,9.14,17.99,88.35,15.11,29.52
2300,2277.07,35.11,9.96,17.3,88.37,14.97,29.34
2301,2289.26,35.26,9.96,16.91,88.38,15.08,29.26
2302,2286.95,35.41,10.9,18.47,88.4,15.15,29.07
2303,2279.8,35.47,11.33,18.27,88.4,15.04,29.23
2304,2251.09,35.42,11.69,18.32,88.42,15.07,29.25
2305,2216.89,35.4,10.54,18.04,88.43,15.05,29.32
2306,2217.97,35.28,10.89,18.28,88.47,14.99,29.37
2307,2220.17,35.25,11.89,18.61,88.48,15.04,29.37
2308,2209.22,35.16,10.54,17.95,88.47,14.99,29.42
2309,2221.26,35.36,10.34,18.37,88.48,15.01,29.53
2310,2267.21,35.19,10.58,16.19,88.48,15.12,29.59
2311,2298.92,35.38,10.7,19.3,88.47,15.05,29.51
2312,2296.8,35.41,11.8,18.76,88.48,15.02,29.71
2313,2297.05,35.63,12.31,19.75,88.47,15.13,29.69
2314,2309.12,35.66,12.43,18.16,88.47,15.08,29.67
2315,2312.01,35.68,12.86,19.15,88.48,15.13,29.44
2316,2321.33,35.48,13.19,19.23,88.45,15.16,29.5
2317,2321.45,35.38,12.9,18.46,88.44,15.11,29.53
2318,2317.64,35.36,12.33,18.03,88.46,15.12,29.62
2319,2299.92,35.42,12.92,18.82,88.46,15.15,29.59
2320,2304.7,35.49,12.07,18.31,88.43,15.23,29.56
2321,2256.24,35.48,11.81,18.22,88.44,15.11,29.58
2322,2264.23,35.47,10.71,19.4,88.45,15.09,29.67
2323,2225.54,35.61,11.3,19.88,88.45,15.1,29.74
2324,2239.71,35.77,12.24,20.12,88.45,15.0,29.64
2325,2227.95,35.95,11.37,19.22,88.44,15.1,29.74
2326,2262.76,35.94,11.12,18.08,88.46,15.02,29.66
2327,2269.5,36.0,10.67,16.87,88.45,15.03,29.68
2328,2275.25,36.24,11.59,19.2,88.46,15.08,29.71
2329,2289.5,36.39,12.66,18.23,88.46,15.04,29.63
2330,2276.94,36.49,12.08,17.19,88.49,15.11,29.63
2331,2305.22,36.53,9.44,16.16,88.48,15.05,29.45
2332,2321.29,36.49,10.44,17.48,88.46,15.03,29.38
2333,2310.8,36.55,10.49,17.28,88.48,15.1,29.22
2334,2290.71,36.42,10.5,16.72,88.49,14.98,29.21
2335,2286.25,36.42,11.24,17.33,88.5,14.99,29.37
2336,2288.38,36.56,10.91,17.56,88.52,14.99,29.47
2337,2270.65,36.58,10.35,16.59,88.5,15.0,29.56
2338,2267.92,36.62,10.07,15.5,88.49,15.01,29.81
2339,2262.38,36.52,10.48,15.18,88.52,15.06,29.88
2340,2266.32,36.65,11.22,17.35,88.53,15.09,29.87
2341,2271.52,36.86,12.54,19.11,88.52,15.03,29.81
2342,2289.41,36.81,12.63,17.68,88.49,15.08,29.75
2343,2296.13,36.87,12.31,17.32,88.48,14.98,29.69
2344,2302.17,35.61,12.8,16.98,88.46,15.04,29.68
2345,2300.74,35.05,11.74,15.56,88.45,14.95,29.74
2346,2280.04,33.19,12.66,15.68,88.46,14.9,29.83
2347,2270.91,31.71,12.5,15.32,88.44,14.92,29.67
2348,2190.35,31.05,12.0,14.57,88.43,14.87,29.66
2349,2158.13,29.42,10.92,13.96,88.41,14.92,29.65
2350,2117.14,27.91,11.21,14.32,88.41,14.85,29.73
2351,2086.02,26.35,10.71,13.23,88.45,14.82,29.86
2352,2037.53,25.28,10.39,13.69,88.47,14.79,30.09
2353,2089.89,24.09,8.83,14.18,88.49,14.74,30.06
2354,2122.97,22.35,8.38,15.67,88.48,14.8,29.98
2355,2096.73,20.95,7.84,15.37,88.46,14.8,29.95
2356,2113.43,21.74,8.55,21.54,88.47,14.78,29.9
2357,2103.83,22.4,8.59,21.38,88.45,14.73,29.9
2358,2134.4,22.86,6.64,19.66,88.47,14.69,29.91
2359,2151.49,23.89,6.96,22.24,88.47,14.61,29.74
2360,2166.9,24.71,6.33,21.5,88.48,14.63,29.81
2361,2089.76,26.06,6.38,24.48,88.45,14.65,29.77
2362,2060.97,27.0,7.88,23.79,88.46,14.66,29.87
2363,2020.55,28.06,7.14,24.41,88.47,14.65,29.89
2364,1984.0,28.89,7.97,23.86,88.46,14.67,29.88
2365,1988.97,29.47,7.96,21.69,88.47,14.6,29.92
2366,2013.27,30.21,7.89,22.78,88.47,14.62,29.78
2367,2028.75,31.21,7.75,22.83,88.48,14.6,29.68
2368,2010.12,31.93,8.53,21.68,88.49,14.63,29.71
2369,2024.96,32.77,9.4,23.67,88.48,14.65,29.73
2370,2058.07,33.48,8.4,23.54,88.49,14.7,29.79
2371,2073.01,33.84,9.64,21.55,88.5,14.78,29.62
2372,2096.06,34.02,8.79,18.72,88.52,14.77,29.61
2373,2101.77,34.15,9.27,18.14,88.54,14.77,29.64
2374,2108.93,34.39,8.5,18.39,88.54,14.74,29.72
2375,2110.69,34.57,8.36,18.3,88.54,14.66,29.71
2376,2137.31,34.55,7.49,15.43,88.54,14.88,29.79
2377,2161.17,34.47,7.3,15.41,88.52,14.78,29.9
2378,2156.85,34.38,7.4,14.69,88.51,14.79,29.88
2379,2179.26,34.41,6.74,15.87,88.5,14.64,29.99
2380,2155.99,34.52,7.36,14.83,88.46,14.7,29.9
2381,2161.2,34.55,7.98,15.44,88.44,14.71,29.84
2382,2143.26,34.64,10.38,16.56,88.44,14.7,29.85
2383,2132.08,34.6,11.07,14.83,88.49,14.67,29.71
2384,2118.23,34.65,11.92,16.82,88.48,14.75,29.79
2385,2120.53,34.76,10.36,17.6,88.5,14.8,29.79
2386,2148.67,34.94,8.84,18.58,88.5,14.85,29.83
2387,2159.46,34.99,8.74,17.79,88.51,14.9,29.85
2388,2159.64,35.07,10.33,18.0,88.49,14.9,29.9
2389,2167.55,34.89,12.27,18.32,88.47,14.94,29.94
2390,2137.18,35.0,11.54,18.92,88.5,14.92,29.82
2391,2163.07,34.99,10.91,17.71,88.48,14.85,29.78
2392,2129.3,34.99,11.25,17.03,88.51,14.89,29.77
2393,2130.72,35.0,10.97,17.39,88.51,14.84,29.78
2394,2144.81,35.06,10.76,17.8,88.49,14.94,29.72
2395,2166.37,34.83,11.18,18.35,88.49,14.93,29.68
2396,2181.17,34.76,13.23,20.25,88.52,14.91,29.8
2397,2187.9,34.67,13.94,21.03,88.51,14.91,29.76
2398,2223.33,34.51,15.03,20.57,88.51,14.81,29.7
2399,2264.05,34.4,13.03,19.88,88.54,14.88,29.58
2400,2259.39,34.38,13.57,20.26,88.53,14.85,29.57
2401,2252.85,34.38,12.44,20.29,88.55,15.59,29.66
2402,2246.32,34.39,13.53,21.21,88.58,14.96,29.75
2403,2233.09,34.6,14.35,22.48,88.59,15.0,29.74
2404,2241.07,34.56,14.39,20.75,88.6,14.97,29.79
2405,2265.72,34.57,13.35,21.17,88.6,14.96,29.8
2406,2213.07,34.8,12.73,22.1,88.63,14.94,29.9
2407,2213.61,34.81,12.14,20.67,88.64,14.9,29.97
2408,2247.49,34.84,12.54,20.31,88.68,14.96,30.01
2409,2255.06,34.83,12.6,21.65,88.68,14.85,29.97
2410,2262.37,34.84,13.47,22.03,88.67,14.96,29.81
2411,2228.34,34.78,14.41,21.88,88.67,14.91,29.92
2412,2244.12,34.72,13.28,21.5,88.68,14.96,29.92
2413,2263.78,34.68,13.32,21.3,88.71,15.01,29.99
2414,2265.67,34.85,13.43,21.21,88.73,15.11,30.13
2415,2250.7,34.95,13.06,20.77,88.74,14.93,30.33
2416,2260.75,35.11,13.58,20.23,88.75,15.02,30.33
2417,2239.93,35.12,13.62,19.24,88.75,14.79,30.31
2418,2219.46,35.21,12.84,18.16,88.78,14.94,30.19
2419,2241.4,35.27,12.48,16.48,88.84,14.99,30.12
2420,2265.68,35.19,11.95,16.57,88.82,14.94,29.99
2421,2250.48,35.3,11.23,16.21,88.83,14.79,29.99
2422,2228.58,35.27,11.03,15.86,88.83,14.76,30.03
2423,2213.53,35.02,9.89,15.59,88.85,15.05,30.04
2424,2221.5,34.93,10.27,15.98,88.88,14.87,30.02
2425,2201.17,34.87,11.36,15.94,88.87,14.84,30.13
2426,2233.37,35.03,11.34,17.07,88.86,14.82,29.95
2427,2226.42,35.0,11.96,15.96,88.85,14.76,29.94
2428,2237.22,35.04,11.9,17.07,88.86,14.93,30.03
2429,2225.65,35.3,11.02,17.72,88.86,14.71,30.24
2430,2242.08,35.22,12.52,16.77,88.84,14.87,30.24
2431,2257.38,35.21,10.33,16.66,88.79,15.08,30.4
2432,2225.02,35.42,10.41,17.39,88.79,14.94,30.35
2433,2216.97,35.47,9.78,15.01,88.79,14.88,30.34
2434,2221.41,35.57,11.13,15.24,88.79,15.03,30.35
2435,2218.75,35.71,11.26,16.51,88.79,14.75,30.3
2436,2246.1,35.91,13.29,17.97,88.76,15.02,30.17
2437,2241.56,36.09,13.1,18.19,88.75,14.83,30.12
2438,2264.87,36.31,12.3,18.51,88.72,14.88,30.05
2439,2278.84,36.09,10.72,18.07,88.74,14.89,30.07
2440,2279.67,36.14,11.57,17.15,88.73,14.86,30.06
2441,2298.23,36.27,10.83,17.48,88.68,14.98,30.04
2442,2270.45,36.62,10.6,18.7,88.68,15.02,29.95
2443,2276.53,36.69,11.59,17.56,88.68,14.98,30.0
2444,2268.07,36.74,12.32,18.33,88.66,14.96,30.09
2445,2273.3,36.65,11.62,18.42,88.64,14.99,30.07
2446,2269.96,36.56,11.12,18.04,88.63,14.87,29.94
2447,2277.02,36.53,9.62,16.26,88.62,14.74,30.0
2448,2281.33,36.47,8.04,17.61,88.6,14.92,29.9
2449,2287.47,36.39,8.86,17.89,88.6,14.84,29.97
2450,2294.65,36.53,9.77,19.12,88.6,15.03,30.08
2451,2309.48,36.63,10.15,20.0,88.6,14.88,30.19
2452,2286.7,36.78,10.38,19.93,88.6,14.9,30.26
2453,2300.67,36.54,9.8,19.71,88.62,14.81,30.28
2454,2272.19,36.45,11.01,19.67,88.62,15.11,30.44
2455,2219.77,36.18,9.5,20.06,88.61,15.01,30.22
2456,2267.99,35.93,9.19,20.27,88.59,15.05,30.2
2457,2252.79,36.1,9.49,20.64,88.62,14.82,30.23
2458,2248.72,35.99,9.56,21.07,88.63,14.9,30.13
2459,2216.5,35.92,9.61,21.12,88.63,15.04,30.15
2460,2215.84,35.8,9.24,20.24,88.66,14.96,30.09
2461,2228.66,35.8,9.76,19.26,88.7,14.83,30.04
2462,2240.86,35.9,8.87,19.95,88.67,14.83,29.99
2463,2222.66,35.93,8.9,20.31,88.69,14.92,29.89
2464,2222.13,35.92,9.36,20.37,88.7,14.76,29.81
2465,2237.93,35.93,9.18,20.45,88.7,14.9,29.8
2466,2249.02,35.91,9.27,21.39,88.72,14.81,29.7
2467,2256.11,35.84,9.53,21.66,88.7,14.78,29.82
2468,2273.8,35.72,8.17,20.43,88.73,14.86,29.89
2469,2271.1,35.65,7.03,19.28,88.74,14.95,29.97
2470,2299.29,35.72,7.47,20.2,88.77,15.01,29.85
2471,2289.59,35.64,7.25,19.81,88.75,14.84,29.68
2472,2299.67,35.44,7.08,20.35,88.76,15.03,29.68
2473,2309.71,35.5,7.86,21.05,88.74,14.84,29.94
2474,2270.26,35.39,7.29,20.53,88.74,14.8,30.01
2475,2275.74,35.16,5.63,19.88,88.73,14.82,29.94
2476,2259.15,35.12,7.39,20.9,88.71,14.8,29.9
2477,2237.93,35.16,8.63,21.75,88.73,14.83,29.95
2478,2231.08,35.09,9.72,21.38,88.75,14.84,29.84
2479,2237.3,35.21,8.91,21.38,88.72,14.95,29.94
2480,2208.84,35.32,9.01,21.24,88.74,14.86,29.97
2481,2216.55,35.47,8.17,21.04,88.74,14.89,29.92
2482,2218.6,35.5,8.33,21.12,88.74,14.98,29.92
2483,2245.54,35.51,8.23,20.96,88.73,14.73,30.0
2484,2234.63,35.39,7.54,19.22,88.78,14.83,29.92
2485,2261.98,35.42,8.21,18.73,88.77,15.01,29.75
2486,2270.69,35.58,8.27,19.31,88.81,14.87,29.78
2487,2270.81,35.67,9.87,19.87,88.84,15.09,29.62
2488,2296.43,35.56,9.95,18.85,88.88,14.9,29.64
2489,2331.27,35.58,7.94,18.8,88.88,14.94,29.74
2490,2318.2,35.52,6.7,17.43,88.89,14.89,29.81
2491,2295.97,35.37,8.71,18.13,88.89,14.73,29.87
2492,2299.15,35.24,8.55,18.31,88.89,14.85,29.94
2493,2265.85,35.38,8.96,18.29,88.85,14.87,30.11
2494,2238.21,35.19,9.07,17.57,88.85,14.82,30.08
2495,2268.01,35.41,10.41,20.74,88.85,14.81,30.18
2496,2278.29,35.33,8.84,18.57,88.87,14.95,30.12
2497,2260.12,35.52,10.12,20.1,88.9,14.97,30.11
2498,2323.56,35.36,11.12,19.69,88.9,14.98,30.07
2499,2288.34,35.36,11.01,19.45,88.91,14.58,30.24
2500,2298.34,35.45,11.29,20.06,88.89,14.69,30.2
2501,2278.93,35.5,10.9,19.5,88.89,14.7,30.31
2502,2313.33,35.53,9.48,17.7,88.91,15.04,30.37
2503,2297.02,35.5,10.0,18.0,88.93,14.88,30.37
2504,2286.82,35.33,10.19,17.2,88.93,14.82,30.43
2505,2248.29,35.46,10.46,18.22,88.91,14.94,30.47
2506,2293.39,35.58,10.86,19.04,88.91,14.66,30.53
2507,2278.21,35.53,10.29,18.33,88.91,14.81,30.5
2508,2287.39,35.55,11.47,18.22,88.94,14.84,30.45
2509,2287.43,35.82,11.47,20.0,88.93,14.85,30.39
2510,2275.26,35.62,11.76,18.26,88.96,14.83,30.21
2511,2231.17,35.64,11.39,17.63,88.95,14.8,30.33
2512,2233.37,35.7,12.13,19.7,88.93,14.85,30.22
2513,2232.78,35.43,12.0,18.52,88.93,14.94,30.21
2514,2242.81,35.22,11.73,18.78,88.92,14.91,30.26
2515,2287.46,35.08,12.52,20.34,88.9,14.95,30.3
2516,2295.31,34.99,10.88,19.9,88.91,14.88,30.14
2517,2306.2,34.97,10.57,19.24,88.88,14.82,30.17
2518,2292.63,35.04,10.05,18.89,88.88,14.86,30.22
2519,2261.43,35.15,10.4,18.1,88.86,14.65,30.16
2520,2256.36,35.37,10.72,18.95,88.86,14.86,30.25
2521,2243.44,35.48,10.7,18.28,88.84,14.87,30.23
2522,2246.99,35.69,10.17,18.59,88.84,14.78,30.04
2523,2242.36,35.89,10.24,19.59,88.83,14.89,30.04
2524,2215.48,36.01,10.55,19.07,88.81,14.72,30.06
2525,2251.86,36.17,10.44,18.21,88.81,14.86,29.93
2526,2257.25,36.44,11.44,20.5,88.88,14.89,29.91
2527,2257.87,36.37,11.81,18.09,88.93,14.8,30.0
2528,2242.57,36.32,11.66,18.38,88.93,14.82,29.93
2529,2242.36,36.5,9.73,19.23,88.92,14.99,30.11
2530,2234.98,36.6,9.65,18.62,88.94,14.9,30.07
2531,2222.93,36.74,10.28,19.7,88.91,14.86,30.09
2532,2239.75,36.78,10.08,19.13,88.91,14.71,29.99
2533,2241.19,36.67,10.34,18.66,88.89,14.94,30.0
2534,2267.83,36.85,10.24,18.28,88.93,14.66,29.98
2535,2269.92,37.03,10.52,17.16,88.93,14.85,29.89
2536,2280.34,36.82,11.61,18.74,88.92,14.81,30.1
2537,2289.62,36.93,12.16,20.19,88.92,14.89,30.0
2538,2303.33,36.93,10.94,20.05,88.94,14.78,29.98
2539,2290.7,36.99,9.58,21.58,88.95,15.5,30.08
2540,2314.32,36.93,10.0,21.0,88.95,14.76,30.24
2541,2292.83,36.81,10.96,20.97,88.98,14.86,30.35
2542,2297.64,36.72,9.56,19.08,88.98,14.79,30.22
2543,2276.59,36.67,9.46,18.66,88.99,14.67,30.26
2544,2279.86,36.56,11.43,19.14,88.99,14.79,30.09
2545,2303.57,36.68,11.16,19.57,88.99,14.86,30.14
2546,2318.06,36.68,13.09,20.43,89.02,14.73,29.99
2547,2339.53,36.52,12.14,20.6,89.06,14.81,29.99
2548,2330.32,36.45,11.43,20.87,89.07,14.73,29.93
2549,2347.21,36.59,10.82,20.55,89.07,14.84,29.98
2550,2329.18,36.52,9.73,19.16,89.07,14.81,29.9
2551,2316.78,36.35,8.43,18.78,89.07,14.94,30.03
2552,2317.72,36.34,8.42,20.09,89.04,14.79,30.07
2553,2332.33,36.22,8.71,20.18,89.06,14.84,30.05
2554,2315.45,35.97,8.28,19.63,89.08,14.89,29.95
2555,2325.35,35.93,8.08,20.26,89.06,14.7,30.08
2556,2324.08,35.76,9.44,20.38,89.07,14.76,29.93
2557,2326.42,35.94,10.37,22.04,89.08,14.82,30.1
2558,2304.79,35.98,10.16,21.16,89.1,14.79,30.31
2559,2294.78,35.86,10.5,20.44,89.09,14.97,30.39
2560,2290.19,35.64,9.14,19.23,89.08,14.71,30.48
2561,2295.77,35.78,9.53,20.13,89.08,14.6,30.2
2562,2278.05,35.84,9.56,19.07,89.09,14.76,30.22
2563,2254.22,36.06,9.43,18.79,89.13,14.69,30.36
2564,2215.61,35.88,9.52,17.8,89.11,14.62,30.47
2565,2240.35,36.0,9.54,19.07,89.1,14.67,30.32
2566,2266.28,36.13,8.61,18.2,89.09,14.44,30.29
2567,2231.88,36.41,10.26,19.0,89.09,14.78,30.08
2568,2243.28,36.3,11.01,18.02,89.11,14.79,30.05
2569,2244.47,36.38,10.65,19.63,89.14,14.79,29.9
2570,2277.47,36.46,9.24,19.95,89.16,14.77,30.08
2571,2275.73,36.23,7.37,19.45,89.18,14.88,30.2
2572,2288.82,36.05,9.25,19.79,89.17,14.79,30.2
2573,2280.5,36.0,9.19,19.86,89.16,14.8,30.25
2574,2267.34,35.85,9.89,19.78,89.17,14.61,30.22
2575,2284.02,35.72,9.15,18.87,89.17,14.81,30.25
2576,2305.36,35.83,9.06,19.62,89.14,14.78,30.12
2577,2278.37,36.07,9.08,19.57,89.16,14.79,30.13
2578,2303.76,36.16,9.42,18.35,89.18,15.0,30.04
2579,2282.6,36.0,9.56,17.39,89.2,14.89,29.93
2580,2235.89,35.83,8.88,16.66,89.22,14.59,29.89
2581,2241.96,35.84,8.26,16.48,89.24,14.68,29.91
2582,2258.47,36.05,8.48,16.41,89.24,14.84,29.93
2583,2232.94,36.2,7.33,14.98,89.26,14.81,29.89
2584,2201.32,36.21,6.95,15.11,89.26,14.78,30.08
2585,2202.85,36.08,7.15,15.22,89.27,14.8,30.12
2586,2201.63,36.07,7.76,15.94,89.26,14.9,30.15
2587,2240.06,35.92,9.2,16.98,89.24,14.89,30.21
2588,2244.92,35.69,8.91,16.8,89.25,14.8,30.31
2589,2264.67,35.86,9.14,17.4,89.24,14.55,30.37
2590,2271.76,36.0,7.81,16.38,89.25,14.92,30.37
2591,2305.14,35.98,8.31,17.43,89.27,14.82,30.51
2592,2286.33,36.23,7.89,18.3,89.3,15.06,30.36
2593,2286.19,36.25,7.89,18.23,89.34,14.89,30.23
2594,2256.07,36.16,8.49,17.77,89.36,14.83,30.16
2595,2278.16,36.25,9.12,18.35,89.38,14.73,30.12
2596,2304.52,36.48,8.18,19.03,89.39,14.77,30.21
2597,2321.89,36.31,9.02,17.85,89.39,14.75,30.22
2598,2318.4,36.53,9.22,18.56,89.41,14.81,30.2
2599,2287.8,36.43,10.33,17.51,89.4,14.78,30.13
2600,2289.32,36.39,11.49,16.89,89.41,14.63,30.11
2601,2279.41,36.43,12.66,17.93,89.4,14.71,30.05
2602,2301.99,36.36,11.28,17.47,89.4,14.66,30.08
2603,2294.87,36.39,11.5,18.28,89.43,14.89,29.93
2604,2289.23,36.62,10.23,18.67,89.45,14.5,30.01
2605,2338.4,36.84,11.38,19.88,89.44,14.71,29.86
2606,2354.09,36.86,12.44,19.45,89.43,14.88,29.8
2607,2374.51,37.04,13.09,20.85,89.42,14.66,29.88
2608,2358.49,36.72,12.47,20.85,89.42,14.77,29.94
2609,2332.11,36.6,12.68,21.02,89.44,14.62,29.76
2610,2352.1,36.56,11.99,20.36,89.44,14.94,29.65
2611,2377.08,36.42,11.82,21.41,89.45,14.82,29.57
2612,2343.8,36.52,11.64,22.02,89.46,14.71,29.42
2613,2329.61,36.5,9.9,21.78,89.44,14.75,29.43
2614,2310.67,36.75,9.41,21.42,89.44,14.7,29.43
2615,2322.37,36.7,11.31,20.29,89.43,14.72,29.47
2616,2341.32,36.14,11.13,19.9,89.43,14.64,29.53
2617,2317.88,34.29,11.12,18.12,89.45,14.96,29.58
2618,2293.74,33.67,10.98,18.01,89.45,14.76,29.54
2619,2235.12,32.68,10.51,17.18,89.44,14.72,29.52
2620,2195.85,31.27,10.42,15.37,89.45,14.73,29.47
2621,2205.77,30.41,9.97,14.71,89.45,14.65,29.35
2622,2184.99,28.94,8.03,14.9,89.43,14.72,29.35
2623,2169.62,27.89,8.73,15.72,89.45,14.67,29.39
2624,2123.75,26.69,10.01,15.36,89.44,14.74,29.38
2625,2075.75,25.04,8.9,14.06,89.43,14.52,29.65
2626,2110.82,23.91,8.49,14.66,89.42,14.51,29.59
2627,2143.07,23.4,9.63,13.78,89.45,14.73,29.65
2628,2177.7,21.83,8.83,14.04,89.43,14.54,29.51
2629,2150.53,20.03,8.99,12.55,89.4,14.67,29.49
2630,2122.86,18.31,12.27,14.88,89.4,14.59,29.48
2631,2077.64,17.43,12.24,15.14,89.4,14.49,29.54
2632,2000.4,15.86,11.74,13.14,89.35,14.55,29.51
2633,2000.8,16.92,12.49,19.73,89.33,14.42,29.51
2634,2022.86,17.48,12.84,17.39,89.35,14.43,29.53
2635,2031.06,18.45,12.22,18.42,89.38,14.4,29.47
2636,2038.2,19.66,10.95,19.76,89.41,14.58,29.42
2637,2084.85,20.52,11.51,18.66,89.4,14.54,29.4
2638,2102.64,21.07,11.99,15.75,89.41,14.69,29.44
2639,2135.15,22.19,11.89,20.2,89.44,14.4,29.49
2640,2161.64,23.4,13.42,21.68,89.42,14.48,29.51
2641,2199.4,24.64,14.67,23.52,89.43,14.48,29.5
2642,2226.53,24.94,14.8,18.05,89.45,14.61,29.34
2643,2190.87,25.4,14.16,17.97,89.48,14.6,29.37
2644,2125.2,26.15,12.29,18.09,89.51,14.55,29.38
2645,2104.61,27.23,12.32,20.12,89.53,14.49,29.46
2646,2063.91,27.76,10.76,16.19,89.53,14.63,29.64
2647,2059.46,28.48,9.04,17.72,89.57,14.37,29.62
2648,2099.23,29.44,10.04,19.81,89.61,14.34,29.56
2649,2105.34,30.3,11.32,18.77,89.62,14.42,29.66
2650,2122.72,30.82,9.81,16.16,89.64,14.51,29.66
2651,2136.69,31.54,9.92,16.69,89.63,14.55,29.58
2652,2088.46,32.24,10.21,17.07,89.67,14.8,29.59
2653,2093.94,32.85,10.22,17.29,89.67,14.57,29.63
2654,2113.32,33.41,9.34,17.54,89.68,14.67,29.68
2655,2081.37,33.68,10.58,16.11,89.67,14.53,29.64
2656,2091.14,33.98,9.57,15.6,89.67,14.8,29.52
2657,2104.8,34.23,8.16,14.7,89.68,14.44,29.54
2658,2094.25,34.38,7.3,13.82,89.72,14.58,29.48
2659,2091.01,34.47,7.99,13.54,89.7,14.56,29.53
2660,2134.67,34.52,7.99,14.95,89.71,14.46,29.52
2661,2075.69,34.78,7.69,15.6,89.72,14.52,29.35
2662,2101.73,34.8,8.35,14.62,89.7,14.54,29.36
2663,2142.31,34.79,8.77,14.4,89.7,14.57,29.37
2664,2152.52,34.66,7.04,13.38,89.66,14.46,29.43
2665,2191.95,34.93,7.88,14.77,89.63,14.43,29.46
2666,2190.32,35.0,9.07,13.52,89.68,14.53,29.29
2667,2178.43,34.85,9.05,14.63,89.68,14.32,29.4
2668,2186.06,34.86,8.96,15.26,89.7,14.53,29.45
2669,2186.17,34.94,10.61,16.12,89.69,14.3,29.34
2670,2184.18,35.26,10.14,17.05,89.69,14.62,29.31
2671,2192.3,35.6,10.17,18.35,89.68,14.5,29.4
2672,2186.1,35.41,10.42,15.79,89.69,14.5,29.45
2673,2179.82,35.42,10.42,14.64,89.67,14.43,29.44
2674,2167.56,35.24,10.16,14.98,89.65,14.61,29.51
2675,2187.23,35.16,10.21,14.55,89.64,14.52,29.39
2676,2177.81,35.4,11.57,15.72,89.65,14.51,29.37
2677,2165.83,35.56,12.14,14.84,89.67,14.52,29.23
2678,2157.9,35.42,11.87,14.34,89.67,14.39,29.11
2679,2175.5,35.28,10.99,14.24,89.71,14.54,29.28
2680,2200.74,35.42,10.38,14.48,89.71,14.31,29.51
2681,2225.04,35.5,11.15,15.16,89.68,14.72,29.54
2682,2235.01,35.49,9.76,13.78,89.69,14.41,29.53
2683,2251.71,35.67,11.8,14.74,89.7,14.79,29.5
2684,2254.97,35.77,11.65,13.61,89.73,14.66,29.5
2685,2267.81,35.8,10.41,13.15,89.77,14.49,29.38
2686,2278.98,35.84,10.54,13.11,89.76,14.57,29.29
2687,2264.89,35.8,9.86,12.94,89.76,14.48,29.42
2688,2246.35,35.92,9.61,14.64,89.75,14.51,29.39
2689,2279.63,36.12,8.55,14.64,89.78,14.55,29.27
2690,2282.77,35.91,8.51,15.66,89.81,14.66,29.24
2691,2303.71,35.93,6.99,15.59,89.8,14.55,29.25
2692,2277.87,35.76,6.82,15.23,89.8,14.67,29.2
2693,2269.79,35.86,6.53,14.81,89.79,14.47,29.21
2694,2243.03,35.81,6.49,13.94,89.76,14.47,29.33
2695,2258.14,35.47,6.23,13.85,89.76,14.47,29.54
2696,2246.72,35.56,6.68,15.24,89.76,14.49,29.56
2697,2237.62,35.44,7.73,14.71,89.72,14.51,29.56
2698,2278.9,35.25,8.24,15.52,89.71,14.65,29.72
2699,2289.99,35.35,9.51,16.81,89.71,14.54,29.64
2700,2305.62,36.41,9.71,23.57,89.66,14.58,29.56
2701,2290.03,37.71,10.69,26.33,89.68,14.47,29.55
2702,2269.62,38.75,11.49,25.21,89.7,14.61,29.68
2703,2312.92,39.45,12.69,24.51,89.69,14.53,29.75
2704,2290.17,40.13,12.25,24.85,89.7,14.67,29.76
2705,2312.7,41.36,13.38,29.13,89.7,14.59,29.63
2706,2329.89,42.04,12.81,25.77,89.7,14.74,29.64
2707,2347.34,42.86,12.61,26.91,89.69,14.69,29.65
2708,2378.01,43.85,12.7,29.16,89.67,14.75,29.56
2709,2399.68,45.05,13.56,30.86,89.66,14.93,29.54
2710,2418.95,45.71,12.84,27.75,89.65,14.52,29.51
2711,2470.5,46.64,12.46,28.89,89.62,14.66,29.49
2712,2534.88,47.22,12.19,27.89,89.65,14.84,29.51
2713,2542.03,48.42,12.83,32.08,89.66,14.78,29.52
2714,2590.73,49.1,12.37,28.57,89.67,14.91,29.56
2715,2642.62,49.52,12.8,27.2,89.66,14.88,29.48
2716,2614.72,50.92,13.2,32.84,89.66,14.94,29.35
2717,2580.45,51.64,14.05,28.86,89.66,14.65,29.39
2718,2547.6,52.66,14.49,30.71,89.64,14.83,29.39
2719,2551.58,53.81,16.34,32.04,89.64,14.66,29.52
2720,2549.6,54.5,16.47,28.11,89.63,14.69,29.7
2721,2505.89,55.17,15.52,28.73,89.6,14.71,29.91
2722,2505.36,56.1,15.62,30.49,89.62,14.92,29.77
2723,2513.06,56.71,15.74,28.72,89.61,14.7,29.82
2724,2502.68,58.1,15.53,33.27,89.58,14.72,29.87
2725,2516.8,59.42,17.25,34.18,89.57,14.91,29.92
2726,2548.2,60.45,17.23,32.59,89.58,14.77,29.85
2727,2552.0,61.14,16.77,30.08,89.59,14.87,29.94
2728,2581.37,62.25,17.25,32.64,89.62,14.72,30.0
2729,2585.34,62.96,16.63,30.93,89.65,14.99,29.96
2730,2590.54,64.43,17.97,36.16,89.68,14.93,29.78
2731,2638.14,65.77,18.97,35.91,89.69,14.81,29.78
2732,2693.28,66.36,19.0,31.28,89.69,15.18,29.81
2733,2698.98,67.45,19.67,34.31,89.71,14.98,29.83
2734,2748.18,67.85,19.05,30.82,89.69,14.93,29.85
2735,2776.9,69.13,18.16,35.26,89.75,14.74,29.84
2736,2760.48,69.74,17.98,31.6,89.75,15.05,29.8
2737,2766.5,70.85,17.94,35.04,89.74,14.99,29.85
2738,2818.42,72.28,16.86,36.98,89.73,15.05,29.91
2739,2823.85,73.44,16.55,35.11,89.73,14.88,29.83
2740,2854.58,74.84,16.28,35.46,89.75,15.11,29.84
2741,2826.78,75.7,15.93,32.55,89.76,15.08,29.79
2742,2818.27,77.05,17.79,35.03,89.76,14.96,29.64
2743,2809.38,78.09,18.67,33.74,89.81,15.23,29.5
2744,2834.64,79.55,20.05,37.01,89.8,15.04,29.56
2745,2813.14,80.73,20.82,36.29,89.81,14.91,29.59
2746,2816.67,81.8,21.93,35.44,89.85,15.03,29.45
2747,2829.19,82.51,21.91,32.7,89.83,15.05,29.41
2748,2847.16,82.97,22.98,32.23,89.86,15.08,29.51
2749,2873.4,84.18,22.13,36.49,89.87,15.0,29.5
2750,2868.27,84.71,21.97,30.99,89.89,15.11,29.51
2751,2889.25,85.86,21.39,34.8,89.89,15.53,29.59
2752,2878.35,86.48,22.42,33.51,89.89,14.92,29.6
2753,2889.71,87.58,22.96,37.16,89.9,14.81,29.69
2754,2913.39,88.17,23.8,33.7,89.91,15.16,29.49
2755,2946.91,89.27,22.77,37.05,89.91,15.09,29.61
2756,2971.22,90.26,22.44,37.21,89.92,15.18,29.68
2757,2983.64,90.65,20.9,31.79,89.91,15.52,29.9
2758,2992.29,90.99,21.22,31.6,89.91,15.06,29.86
2759,3013.82,91.44,20.93,33.32,89.92,15.09,29.73
2760,3066.7,91.78,21.58,32.04,89.94,14.94,29.71
2761,3087.28,92.15,21.6,32.25,89.92,15.3,29.63
2762,3095.94,92.37,19.81,30.63,89.91,15.18,29.66
2763,3068.89,92.6,18.59,29.93,89.9,14.94,29.78
2764,3055.33,92.43,18.77,29.67,89.88,15.29,29.75
2765,3053.96,92.4,19.23,30.77,89.87,15.01,29.7
2766,3076.42,92.24,17.51,29.94,89.86,15.13,29.68
2767,3059.28,92.3,17.69,29.55,89.88,15.19,29.72
2768,3075.53,92.22,17.07,29.98,89.86,15.01,29.71
2769,3079.32,92.31,16.49,30.84,89.91,15.2,29.83
2770,3086.83,92.18,16.28,30.19,89.94,15.09,29.96
2771,3082.11,92.19,16.73,30.82,89.94,15.16,30.07
2772,3070.97,92.38,16.55,32.16,89.96,15.25,30.03
2773,3053.27,92.35,15.28,29.71,89.97,15.18,29.83
2774,3069.0,92.13,15.81,29.46,89.94,15.02,29.8
2775,3069.61,92.32,16.01,30.68,89.96,15.09,29.82
2776,3050.56,92.47,15.71,28.81,89.93,15.04,29.83
2777,3060.59,92.62,15.94,28.79,89.95,15.16,29.75
2778,3133.36,92.63,16.05,27.77,89.99,15.21,29.77
2779,3124.65,92.73,16.51,28.76,90.0,15.05,29.64
2780,3154.66,92.86,16.7,28.35,90.01,15.17,29.59
2781,3095.92,92.8,17.14,27.99,90.03,15.18,29.68
2782,3091.08,92.77,17.36,28.34,90.02,15.26,29.61
2783,3111.62,92.77,18.26,28.8,90.05,15.12,29.65
2784,3110.48,92.58,19.67,29.76,90.05,15.17,29.75
2785,3096.79,92.72,19.74,31.04,90.06,15.26,29.83
2786,3097.41,92.81,19.29,30.52,90.06,15.31,29.9
2787,3118.57,93.02,18.3,30.96,90.05,15.19,29.92
2788,3160.7,93.12,19.02,30.35,90.07,15.16,29.96
2789,3175.79,93.17,18.4,29.48,90.09,15.09,30.05
2790,3158.68,93.33,20.51,32.14,90.1,15.13,30.13
2791,3149.91,93.35,22.68,31.93,90.07,15.29,29.96
2792,3142.31,93.35,22.23,31.63,90.1,15.3,29.89
2793,3122.55,93.4,20.68,31.16,90.08,15.35,29.92
2794,3120.35,93.57,21.22,32.47,90.08,15.17,29.9
2795,3116.77,93.65,22.8,32.06,90.08,15.0,30.06
2796,3095.21,93.78,21.53,31.55,90.07,15.23,30.07
2797,3117.67,93.79,22.9,32.22,90.1,15.34,30.06
2798,3128.42,93.81,21.14,30.51,90.15,15.32,30.16
2799,3116.49,93.9,19.9,30.64,90.21,16.04,30.12
2800,3121.76,93.85,20.15,29.67,90.18,15.34,30.11
2801,3104.67,93.94,21.0,29.12,90.18,15.26,30.21
2802,3097.5,93.79,20.84,28.58,90.2,15.25,30.11
2803,3116.36,93.86,21.14,28.49,90.21,15.35,30.04
2804,3128.95,93.94,21.95,28.25,90.21,15.21,30.07
2805,3120.91,94.07,22.79,31.03,90.25,15.35,30.07
2806,3130.08,94.04,22.02,30.51,90.27,15.3,30.25
2807,3130.21,94.08,21.14,30.9,90.27,15.25,30.04
2808,3111.94,94.04,21.87,30.9,90.29,15.33,29.89
2809,3112.24,93.9,22.04,30.13,90.28,15.28,29.91
2810,3125.02,94.03,22.37,31.09,90.28,15.38,29.95
2811,3133.31,94.01,21.6,29.92,90.3,15.46,29.92
2812,3100.73,94.03,21.96,28.74,90.29,15.3,29.93
2813,3109.48,94.09,20.92,30.21,90.32,15.1,29.97
2814,3114.07,94.02,21.03,29.9,90.35,15.41,29.89
2815,3079.2,93.91,21.01,29.22,90.37,15.44,29.8
2816,3070.84,93.96,21.03,29.72,90.36,15.33,29.76
2817,3089.62,93.93,21.54,28.81,90.38,15.32,29.86
2818,3123.12,93.81,20.57,28.08,90.35,15.52,29.78
2819,3091.88,93.8,21.05,29.47,90.35,15.34,29.79
2820,3116.9,93.75,20.95,29.29,90.37,15.25,29.71
2821,3081.34,93.77,20.23,29.11,90.36,15.53,29.76
2822,3115.21,93.65,19.14,28.93,90.4,15.43,29.77
2823,3112.07,93.54,20.73,29.5,90.4,15.34,29.69
2824,3100.43,93.73,20.69,30.29,90.42,15.37,29.79
2825,3111.31,93.65,20.33,30.89,90.43,15.14,29.74
2826,3094.38,93.71,19.4,30.32,90.43,15.4,29.77
2827,3109.47,93.71,20.33,29.75,90.46,15.29,29.7
2828,3109.88,93.67,21.1,30.49,90.48,15.41,29.58
2829,3037.29,93.84,21.72,30.6,90.47,15.5,29.72
2830,3034.12,93.86,21.51,30.41,90.5,15.48,29.71
2831,3051.36,93.81,21.95,30.48,90.48,15.42,29.8
2832,3083.22,93.69,21.09,30.44,90.5,15.44,29.88
2833,3096.56,93.78,21.19,31.35,90.53,15.22,30.02
2834,3122.02,93.63,21.02,30.65,90.55,15.52,29.96
2835,3105.93,93.81,21.22,32.46,90.55,15.48,29.81
2836,3123.83,93.79,19.64,31.35,90.56,15.63,29.74
2837,3141.14,94.06,21.31,34.07,90.58,15.34,29.69
2838,3108.73,93.98,22.47,31.56,90.61,15.7,29.65
2839,3134.24,93.81,21.3,30.98,90.66,15.34,29.67
2840,3140.92,93.76,21.62,31.09,90.7,15.6,29.77
2841,3133.82,93.65,20.26,31.85,90.72,15.44,29.94
2842,3126.65,93.46,20.29,30.72,90.75,15.51,30.0
2843,3105.76,93.64,18.59,30.67,90.75,15.52,30.2
2844,3121.56,93.82,18.58,31.57,90.75,15.45,30.14
2845,3128.66,93.82,18.33,29.74,90.74,15.63,29.95
2846,3140.5,93.75,19.41,29.77,90.76,15.4,30.02
2847,3141.14,93.75,20.8,31.63,90.77,15.52,29.83
2848,3145.07,93.88,22.14,33.21,90.8,15.55,29.79
2849,3139.77,94.2,23.01,35.24,90.79,15.64,29.87
2850,3162.61,94.22,22.79,33.92,90.77,15.61,29.85
2851,3172.54,94.06,22.82,33.84,90.76,15.54,29.89
2852,3172.23,93.97,22.84,33.8,90.76,15.52,29.83
2853,3165.78,94.06,21.66,34.43,90.74,15.67,29.84
2854,3127.49,94.0,22.41,33.22,90.76,15.47,29.9
2855,3089.63,93.91,22.71,34.35,90.77,15.27,29.95
2856,3089.1,93.91,23.03,33.9,90.8,15.53,29.88
2857,3120.54,93.84,20.89,33.85,90.76,15.6,29.78
2858,3108.65,93.88,21.19,34.38,90.76,15.5,29.7
2859,3099.4,93.91,21.88,33.93,90.8,15.46,29.71
2860,3085.38,93.97,21.71,34.2,90.8,15.54,29.69
2861,3066.82,94.02,21.16,33.77,90.81,15.5,29.65
2862,3057.72,93.98,19.95,31.52,90.82,15.67,29.44
2863,3073.74,94.1,18.87,31.79,90.84,15.46,29.59
2864,3072.21,94.06,19.11,30.19,90.84,15.43,29.48
2865,3069.43,93.91,19.0,30.52,90.85,15.58,29.51
2866,3065.79,94.08,18.99,31.4,90.83,15.6,29.47
2867,3080.9,94.26,20.4,32.76,90.84,15.54,29.45
2868,3096.8,94.25,19.36,30.79,90.86,15.59,29.48
2869,3065.85,94.38,19.22,30.43,90.87,15.58,29.71
2870,3061.38,94.35,20.66,29.44,90.91,15.43,29.72
2871,3070.37,94.21,20.34,30.95,90.96,15.65,29.71
2872,3088.21,94.05,20.36,33.25,91.0,15.61,29.7
2873,3096.92,93.89,20.18,34.52,91.01,15.52,29.49
2874,3118.25,93.8,20.72,33.43,91.01,15.68,29.4
2875,3091.41,93.74,19.0,31.49,91.02,15.7,29.12
2876,3104.77,93.79,18.96,31.01,91.02,15.66,29.24
2877,3149.03,93.75,19.1,31.5,91.04,15.49,29.36
2878,3146.6,93.56,18.38,32.69,91.04,15.65,29.37
2879,3145.12,93.47,18.81,33.35,91.07,15.56,29.4
2880,3153.0,93.56,19.59,34.2,91.1,15.49,29.28
2881,3138.42,93.49,19.98,32.86,91.09,15.58,29.31
2882,3118.07,93.48,21.4,32.97,91.11,15.44,29.49
2883,3120.43,93.51,20.92,32.93,91.15,15.38,29.55
2884,3087.89,93.38,21.21,33.26,91.13,15.57,29.5
2885,3101.25,93.55,21.54,33.97,91.14,15.58,29.37
2886,3116.37,93.62,21.23,33.49,91.14,15.6,29.51
2887,3086.47,93.64,22.01,33.52,91.17,15.54,29.52
2888,3095.64,93.59,22.03,33.36,91.2,15.55,29.36
2889,3096.75,93.89,21.02,34.4,91.17,15.69,29.28
2890,3131.32,93.77,21.51,32.93,91.21,15.55,29.15
2891,3158.34,93.9,21.02,33.49,91.19,15.46,29.17
2892,3172.35,93.89,20.66,31.98,91.17,15.48,29.19
2893,3191.99,93.93,20.41,32.84,91.17,15.88,29.14
2894,3178.02,94.02,21.0,34.38,91.15,15.59,29.2
2895,3178.65,94.04,21.77,34.22,91.2,15.39,29.17
2896,3168.83,94.03,21.46,33.78,91.21,15.37,29.31
2897,3145.26,94.02,21.14,33.97,91.21,15.59,29.29
2898,3145.95,94.05,19.4,33.46,91.19,15.64,29.53
2899,3143.03,94.03,18.89,33.75,91.15,15.53,29.51
2900,3137.32,93.85,18.24,33.32,91.16,15.44,29.41
2901,3135.15,93.8,18.66,33.7,91.16,15.63,29.28
2902,3136.36,93.99,18.8,35.98,91.18,15.46,29.31
2903,3153.74,93.98,18.19,35.32,91.21,15.49,29.15
2904,3139.53,93.99,18.5,34.97,91.24,15.58,29.17
2905,3113.44,94.03,18.61,35.58,91.21,15.52,29.02
2906,3129.11,93.96,16.72,33.56,91.22,15.57,29.09
2907,3146.27,93.84,17.93,33.67,91.22,15.49,28.99
2908,3151.2,93.75,18.94,34.45,91.22,15.35,28.93
2909,3125.47,93.73,18.85,35.16,91.2,15.66,29.02
2910,3123.13,93.67,19.24,34.42,91.2,15.62,29.21
2911,3129.11,93.59,19.04,34.09,91.21,15.51,29.19
2912,3106.45,93.46,17.84,33.28,91.2,15.58,29.19
2913,3093.34,93.45,19.78,33.67,91.17,15.49,29.06
2914,3094.67,93.51,20.42,33.18,91.21,15.6,29.01
2915,3122.42,93.45,21.12,33.45,91.23,15.53,29.04
2916,3126.34,93.16,20.76,32.23,91.27,15.63,29.18
2917,3114.26,93.23,21.61,33.67,91.26,15.51,29.21
2918,3110.41,93.11,20.33,33.63,91.28,15.52,29.38
2919,3097.5,93.05,20.08,32.82,91.31,15.49,29.46
2920,3091.78,93.13,20.69,32.41,91.35,15.59,29.35
2921,3110.05,93.34,20.21,33.04,91.38,15.45,29.33
2922,3073.56,93.41,20.94,31.92,91.38,15.69,29.23
2923,3106.49,93.39,21.08,31.5,91.39,15.67,29.29
2924,3152.25,93.28,21.12,31.77,91.33,15.55,29.13
2925,3150.63,93.07,20.42,30.77,91.32,15.56,29.06
2926,3129.78,93.17,20.73,32.67,91.34,15.6,29.05
2927,3151.52,93.05,22.19,32.17,91.36,15.76,29.14
2928,3152.8,93.08,22.11,32.98,91.36,15.63,29.21
2929,3137.8,93.05,22.32,32.11,91.41,15.68,29.33
2930,3115.53,92.93,22.63,32.15,91.4,15.44,29.35
2931,3106.54,92.76,21.43,31.95,91.39,15.67,29.38
2932,3110.9,92.84,21.2,32.43,91.4,15.49,29.49
2933,3128.79,92.87,20.95,31.93,91.42,15.68,29.44
2934,3132.25,93.05,19.22,31.77,91.44,15.67,29.26
2935,3139.16,93.14,19.96,31.25,91.47,15.69,29.21
2936,3129.31,93.17,19.22,30.11,91.47,15.81,29.07
2937,3144.12,93.0,19.82,30.5,91.49,15.76,29.13
2938,3135.78,93.06,19.24,31.96,91.51,15.71,29.13
2939,3169.94,93.07,20.94,32.68,91.53,15.73,29.14
2940,3150.0,93.14,20.64,33.22,91.55,15.93,29.29
2941,3154.05,93.14,22.1,34.11,91.55,15.83,29.41
2942,3193.31,93.13,21.73,33.61,91.59,15.78,29.43
2943,3204.48,93.14,21.51,32.2,91.57,15.73,29.38
2944,3208.37,93.08,22.59,32.55,91.58,15.56,29.39
2945,3202.76,93.16,21.62,33.24,91.6,15.78,29.35
2946,3193.87,93.41,21.61,35.7,91.61,15.75,29.4
2947,3181.14,93.25,21.87,33.32,91.63,15.81,29.64
2948,3161.7,93.06,21.99,33.97,91.61,15.89,29.68
2949,3125.1,93.02,21.8,33.78,91.61,15.88,29.76
2950,3136.33,92.91,21.53,33.28,91.6,15.79,29.65
2951,3102.14,92.75,22.03,32.41,91.6,15.84,29.76
2952,3115.44,92.54,21.94,31.93,91.61,15.72,29.81
2953,3107.7,92.46,22.49,32.5,91.59,15.9,29.78
2954,3087.87,92.41,22.53,33.26,91.62,15.89,29.72
2955,3117.62,92.32,22.76,31.37,91.61,15.78,29.77
2956,3087.31,92.53,23.47,33.16,91.64,15.88,29.88
2957,3076.54,92.56,22.87,31.46,91.64,15.92,29.9
2958,3070.31,92.88,23.6,33.11,91.65,15.75,29.88
2959,3079.63,93.0,23.16,32.2,91.64,15.78,30.01
2960,3072.07,93.0,21.7,32.33,91.65,15.76,29.88
2961,3107.42,93.16,21.33,32.73,91.65,15.78,29.8
2962,3081.75,93.29,20.67,32.06,91.65,15.71,29.8
2963,3168.7,93.31,20.9,30.76,91.62,15.87,29.62
2964,3141.82,93.44,20.64,31.58,91.6,15.79,29.68
2965,3199.0,93.51,20.7,31.06,91.62,15.84,29.54
2966,3211.66,93.5,21.43,32.18,91.66,15.87,29.54
2967,3199.19,93.58,22.51,33.28,91.65,15.82,29.5
2968,3195.21,93.62,22.5,32.77,91.64,15.94,29.57
2969,3179.67,93.58,23.11,32.47,91.64,15.89,29.54
2970,3180.39,93.54,22.65,32.56,91.69,15.88,29.57
2971,3158.43,93.4,21.12,32.35,91.7,15.86,29.56
2972,3168.52,93.57,20.14,32.11,91.71,15.64,29.52
2973,3166.41,93.48,19.96,30.94,91.72,16.03,29.43
2974,3141.03,93.39,20.59,31.07,91.71,15.83,29.53
2975,3147.19,93.38,20.36,31.19,91.72,16.41,29.36
2976,3152.23,93.57,21.36,33.67,91.73,15.83,29.32
2977,3135.24,93.54,22.68,31.88,91.72,15.79,29.28
2978,3125.81,93.49,21.69,32.17,91.75,15.73,29.3
2979,3136.98,93.53,23.23,33.27,91.73,15.69,29.26
2980,3157.97,93.58,21.61,32.41,91.7,15.86,29.22
2981,3152.01,93.6,22.93,33.26,91.72,15.72,29.28
2982,3168.0,93.54,22.6,32.75,91.72,15.81,29.37
2983,3187.23,93.75,22.25,32.59,91.74,15.91,29.41
2984,3205.81,93.51,22.01,28.86,91.76,16.04,29.27
2985,3204.12,93.54,21.17,28.07,91.75,15.78,29.22
2986,3176.53,93.53,22.25,28.03,91.74,15.81,29.31
2987,3188.48,93.62,21.51,28.75,91.77,15.89,29.27
2988,3177.8,93.83,21.01,29.98,91.79,15.83,29.28
2989,3181.92,93.77,19.8,28.27,91.79,15.69,29.34
2990,3162.37,93.69,19.22,27.13,91.8,15.77,29.33
2991,3146.08,93.77,18.77,27.34,91.78,15.81,29.63
2992,3129.26,93.63,18.27,26.7,91.77,15.88,29.59
2993,3101.95,93.57,18.3,28.12,91.75,15.85,29.71
2994,3092.36,93.45,17.56,28.34,91.76,15.77,29.63
2995,3074.93,93.28,19.07,27.71,91.73,15.69,29.65
2996,3091.31,93.15,19.02,27.71,91.72,15.77,29.69
2997,3072.96,93.13,19.4,28.48,91.74,15.75,29.72
2998,3064.87,93.05,20.13,28.87,91.74,15.72,29.74
2999,3071.17,92.89,21.72,28.42,91.73,15.74,29.65
3000,3112.59,92.77,22.25,29.61,91.74,15.7,29.6
3001,3098.54,92.81,21.83,30.03,91.75,15.65,29.72
3002,3072.79,92.97,20.85,30.32,91.73,15.75,29.74
3003,3051.81,92.96,21.01,28.83,91.73,15.72,29.48
3004,3043.0,93.02,21.78,30.36,91.76,15.62,29.63
3005,3039.8,93.14,21.75,29.41,91.74,15.6,29.55
3006,3096.48,93.22,21.65,28.46,91.73,15.75,29.47
3007,3119.13,93.24,21.66,27.98,91.72,15.6,29.65
3008,3112.81,93.27,19.99,27.78,91.75,15.99,29.63
3009,3150.71,93.27,20.1,27.08,91.72,15.57,29.64
3010,3134.87,93.37,20.71,27.7,91.75,15.77,29.62
3011,3124.82,93.29,20.59,27.07,91.75,15.63,29.48
3012,3115.42,93.38,21.46,28.42,91.77,15.71,29.46
3013,3136.25,93.03,22.22,28.3,91.78,15.8,29.5
3014,3132.56,93.12,21.62,28.64,91.77,15.65,29.57
3015,3161.33,93.22,21.85,28.7,91.74,15.7,29.52
3016,3164.73,93.19,21.68,29.08,91.75,15.8,29.5
3017,3176.47,93.13,19.88,29.12,91.71,15.73,29.39
3018,3132.19,93.15,19.73,29.58,91.71,15.68,29.45
3019,3095.32,93.01,18.91,28.51,91.7,15.73,29.41
3020,3064.1,93.05,19.13,28.45,91.73,15.67,29.54
3021,3062.34,93.19,19.82,29.78,91.74,15.81,29.6
3022,3039.27,93.39,19.75,29.77,91.74,15.75,29.54
3023,3075.09,93.54,19.12,28.83,91.77,15.57,29.51
3024,3077.17,93.43,19.38,28.43,91.75,15.6,29.48
3025,3096.15,93.51,21.43,29.0,91.76,15.67,29.53
3026,3089.97,93.51,19.54,27.8,91.77,15.58,29.56
3027,3111.03,93.52,19.77,28.9,91.79,15.51,29.41
3028,3073.24,93.47,19.34,28.75,91.81,15.6,29.25
3029,3079.0,93.58,19.12,28.72,91.82,15.66,29.29
3030,3095.32,93.67,19.16,29.23,91.81,15.55,29.42
3031,3111.14,93.67,18.96,28.36,91.83,15.6,29.45
3032,3107.51,93.8,19.61,30.21,91.83,15.52,29.48
3033,3076.49,93.82,19.46,29.75,91.85,15.4,29.59
3034,3103.47,93.82,17.78,28.96,91.88,15.62,29.65
3035,3098.83,93.7,19.02,28.92,91.88,15.67,29.6
3036,3096.48,93.6,20.01,28.77,91.89,15.64,29.62
3037,3145.03,93.68,19.55,31.31,91.91,15.67,29.72
3038,3144.32,93.52,19.63,29.2,91.9,15.53,29.73
3039,3131.87,93.58,20.66,28.72,91.93,15.49,29.79
3040,3119.67,93.46,21.41,29.61,91.92,15.64,29.79
3041,3133.67,93.42,22.34,30.81,91.93,15.48,29.77
3042,3116.07,93.28,22.39,31.08,91.94,16.15,29.72
3043,3127.57,93.3,22.76,29.95,91.93,15.65,29.7
3044,3148.98,93.11,23.6,30.8,91.91,15.46,29.8
3045,3143.38,93.04,22.94,29.92,91.88,15.36,29.58
3046,3159.77,92.96,22.98,30.08,91.88,15.46,29.6
3047,3151.91,92.84,20.94,29.71,91.88,15.83,29.62
3048,3132.69,92.95,19.62,30.3,91.91,15.44,29.53
3049,3096.63,92.97,20.05,29.38,91.9,15.53,29.64
3050,3104.3,93.0,20.57,30.72,91.92,15.32,29.62
3051,3112.53,93.35,20.36,33.26,91.91,15.53,29.56
3052,3132.77,93.22,19.83,30.32,91.93,15.57,29.69
3053,3148.6,93.28,19.58,30.4,91.94,15.46,29.77
3054,3186.1,93.29,19.76,29.78,91.97,15.64,29.8
3055,3165.68,93.42,17.99,29.81,92.02,15.54,29.79
3056,3166.56,93.34,18.55,29.81,92.06,15.42,29.75
3057,3146.14,93.24,18.7,28.47,92.08,15.53,29.9
3058,3160.67,93.19,19.02,27.34,92.06,15.55,29.93
3059,3136.46,93.28,19.04,27.39,92.06,15.5,29.85
3060,3151.42,93.13,18.02,27.8,92.08,15.6,29.76
3061,3130.37,92.87,17.31,27.76,92.09,15.6,29.81
3062,3142.05,92.73,18.78,29.67,92.11,15.58,29.89
3063,3161.27,92.84,18.42,30.21,92.1,15.49,29.76
3064,3122.93,92.82,19.2,29.15,92.13,15.5,29.79
3065,3094.28,93.04,18.51,29.01,92.15,15.51,29.76
3066,3100.82,92.98,18.63,27.29,92.16,15.59,29.81
3067,3104.57,93.05,18.43,27.44,92.19,15.49,29.86
3068,3099.63,93.12,18.37,25.81,92.22,15.62,29.87
3069,3091.13,92.98,18.24,25.03,92.25,15.41,29.89
3070,3076.09,92.84,19.55,25.18,92.26,15.44,29.87
3071,3087.2,92.85,21.12,26.26,92.28,15.65,29.84
3072,3071.51,93.01,21.26,27.45,92.29,15.44,29.73
3073,3084.57,93.07,20.82,27.38,92.34,15.5,29.85
3074,3076.7,93.04,19.65,25.6,92.38,15.51,29.87
3075,3072.45,93.01,18.55,24.68,92.39,15.75,29.95
3076,3101.24,92.82,19.83,26.34,92.36,15.39,30.09
3077,3120.53,92.76,18.65,26.09,92.35,15.5,29.96
3078,3097.81,92.64,18.41,26.81,92.32,15.45,29.66
3079,3080.89,92.72,18.71,27.51,92.32,15.53,29.78
3080,3098.2,92.6,16.73,26.67,92.32,15.35,29.73
3081,3069.51,92.79,16.13,28.09,92.37,15.48,29.61
3082,3102.35,92.86,15.47,27.01,92.35,15.6,29.57
3083,3104.51,92.86,15.36,26.24,92.37,16.35,29.51
3084,3093.04,93.07,16.12,27.45,92.37,15.5,29.61
3085,3096.42,93.42,17.5,29.04,92.4,15.62,29.65
3086,3125.76,93.26,17.2,27.57,92.39,15.48,29.71
3087,3081.18,93.2,17.1,27.19,92.39,15.67,29.72
3088,3105.66,93.21,17.28,28.5,92.46,15.51,29.69
3089,3130.77,93.37,16.98,30.75,92.45,15.79,29.68
3090,3123.16,93.56,17.7,30.56,92.41,15.48,29.77
3091,3121.08,93.38,18.28,30.53,92.38,15.46,29.81
3092,3124.16,93.75,16.45,32.07,92.38,15.57,29.92
3093,3139.45,93.87,17.37,31.28,92.38,15.59,29.86
3094,3123.47,93.84,17.73,30.49,92.37,15.65,29.93
3095,3124.13,93.88,18.18,31.78,92.38,15.62,29.93
3096,3123.61,93.96,19.35,32.64,92.4,15.37,29.93
3097,3138.08,93.88,17.98,31.35,92.36,15.56,29.8
3098,3190.85,94.02,17.24,31.75,92.39,15.44,29.79
3099,3168.74,94.05,17.48,30.2,92.38,15.52,29.79
3100,3164.97,93.95,15.87,28.97,92.38,15.32,29.8
3101,3145.24,94.03,16.15,30.43,92.39,15.5,29.89
3102,3134.28,94.16,17.28,31.88,92.41,15.5,29.79
3103,3113.24,94.18,17.88,30.83,92.42,15.54,29.77
3104,3085.62,94.09,18.15,29.84,92.45,15.62,29.73
3105,3116.21,94.19,18.2,31.32,92.44,15.46,29.8
3106,3126.46,94.25,18.07,31.39,92.48,15.52,29.78
3107,3130.39,94.35,17.93,30.07,92.52,15.56,29.74
3108,3114.02,94.18,18.32,31.73,92.51,15.5,29.57
3109,3114.96,94.03,17.25,31.22,92.54,15.62,29.58
3110,3094.48,94.01,18.69,32.84,92.52,15.46,29.58
3111,3099.3,94.06,18.26,32.99,92.57,15.35,29.57
3112,3110.99,94.09,18.89,32.19,92.57,15.39,29.6
3113,3103.73,94.1,19.07,32.18,92.61,15.26,29.73
3114,3092.73,94.05,18.24,30.56,92.63,15.63,29.65
3115,3088.81,94.06,19.45,30.91,92.64,15.31,29.61
3116,3111.94,94.1,20.39,30.78,92.66,15.5,29.69
3117,3119.29,94.06,19.09,29.97,92.66,15.55,29.69
3118,3089.62,94.08,19.14,30.25,92.69,15.53,29.72
3119,3109.93,93.92,19.39,30.51,92.7,15.54,29.71
3120,3123.29,93.84,17.79,28.9,92.7,15.21,29.71
3121,3126.95,93.72,16.31,27.95,92.72,15.43,29.69
3122,3159.22,93.73,16.0,26.66,92.69,15.42,29.78
3123,3154.12,93.56,15.34,27.03,92.68,15.27,29.89
3124,3156.98,93.34,14.96,27.19,92.67,15.6,29.99
3125,3159.75,93.25,14.4,26.26,92.66,15.54,29.9
3126,3171.35,93.5,14.98,29.32,92.66,15.58,30.0
3127,3159.49,93.53,14.77,28.28,92.68,15.43,29.97
3128,3141.6,93.67,16.25,29.4,92.66,15.16,29.87
3129,3157.96,93.5,16.75,28.57,92.66,15.35,29.86
3130,3171.72,93.58,17.75,29.14,92.67,15.46,29.95
3131,3190.15,93.49,16.61,27.83,92.68,15.38,29.97
3132,3189.3,93.59,16.49,29.41,92.68,15.23,29.94
3133,3146.74,93.4,16.94,29.05,92.69,15.45,29.98
3134,3146.86,93.6,17.7,29.84,92.71,15.38,29.96
3135,3144.52,93.67,17.44,30.03,92.72,15.76,29.86
3136,3166.43,93.69,17.29,29.74,92.75,15.27,29.84
3137,3182.53,93.82,17.31,29.91,92.74,15.37,29.9
3138,3187.81,93.87,17.36,30.96,92.75,15.19,29.91
3139,3139.11,93.83,19.35,30.37,92.78,15.28,29.85
3140,3121.71,93.8,19.66,29.84,92.81,15.3,29.91
3141,3116.79,94.09,19.87,31.69,92.82,15.15,29.97
3142,3112.47,94.02,18.87,29.9,92.83,14.95,30.09
3143,3118.68,94.04,18.01,29.19,92.85,15.32,29.97
3144,3150.09,93.96,18.03,27.69,92.88,15.39,29.93
3145,3164.11,94.07,19.19,29.11,92.86,15.56,29.88
3146,3142.07,94.0,19.11,27.69,92.83,15.2,29.83
3147,3124.94,94.07,19.11,28.0,92.82,15.17,29.78
3148,3108.75,94.26,18.7,28.11,92.85,15.29,29.99
3149,3110.63,94.34,17.48,26.48,92.85,15.34,30.01
3150,3131.43,94.49,18.16,27.37,92.83,15.22,29.94
3151,3153.54,94.73,18.28,27.89,92.82,15.33,29.75
3152,3146.48,94.83,18.87,26.9,92.81,15.17,29.62
3153,3147.71,94.94,19.17,28.13,92.81,15.43,29.58
3154,3182.54,94.9,18.5,26.88,92.82,15.34,29.51
3155,3149.72,94.89,18.84,26.95,92.82,15.37,29.47
3156,3162.9,94.75,17.93,26.9,92.81,15.31,29.38
3157,3172.38,94.77,18.34,26.22,92.78,15.28,29.38
3158,3164.27,94.81,18.48,25.87,92.81,15.43,29.42
3159,3163.32,94.85,19.9,26.72,92.83,15.44,29.55
3160,3170.72,94.74,19.23,26.54,92.85,15.26,29.39
3161,3162.54,94.73,18.25,25.87,92.81,15.4,29.35
3162,3149.13,94.9,18.2,27.15,92.82,15.31,29.31
3163,3136.34,94.96,18.91,27.18,92.84,15.43,29.36
3164,3176.3,95.01,16.82,27.25,92.85,15.29,29.25
3165,3165.76,95.14,17.92,28.81,92.84,15.17,29.42
3166,3169.3,95.09,17.98,29.14,92.83,15.28,29.4
3167,3183.72,95.05,17.28,29.12,92.81,15.24,29.38
3168,3176.44,95.09,17.29,28.36,92.82,15.17,29.49
3169,3175.07,95.12,17.0,28.16,92.77,15.11,29.45
3170,3183.62,95.28,16.42,28.04,92.79,15.11,29.53
3171,3163.87,95.33,15.27,27.65,92.78,15.3,29.5
3172,3133.85,95.51,16.44,29.91,92.75,15.4,29.42
3173,3123.81,95.5,16.37,28.85,92.75,15.42,29.38
3174,3164.26,95.49,16.45,29.98,92.78,15.39,29.6
3175,3152.75,95.22,17.5,31.11,92.8,15.29,29.6
3176,3156.51,95.09,17.81,31.4,92.82,15.25,29.65
3177,3130.74,95.2,16.85,31.92,92.85,15.06,29.58
3178,3161.94,95.2,17.73,32.36,92.88,15.0,29.68
3179,3155.99,95.01,19.16,31.68,92.9,15.32,29.58
3180,3146.86,94.71,19.65,31.93,92.88,15.53,29.42
3181,3144.8,94.6,19.0,32.02,92.89,15.48,29.32
3182,3195.43,94.55,17.93,30.69,92.91,15.32,29.47
3183,3197.88,94.54,17.43,31.91,92.92,15.42,29.66
3184,3188.21,94.56,17.78,32.81,92.96,15.53,29.65
3185,3126.03,94.66,19.2,34.25,92.95,15.28,29.54
3186,3156.4,94.63,18.69,33.68,92.96,15.23,29.37
3187,3141.87,94.66,18.32,32.76,93.02,15.11,29.36
3188,3126.67,94.75,19.36,32.38,93.05,15.19,29.36
3189,3114.88,94.67,19.09,31.54,93.03,15.25,29.39
3190,3149.67,94.69,20.57,32.81,93.07,15.19,29.42
3191,3150.24,94.83,20.48,33.85,93.06,15.4,29.37
3192,3121.49,94.86,21.39,34.55,93.03,15.26,29.43
3193,3122.86,94.84,21.57,34.03,93.05,15.51,29.32
3194,3111.32,94.76,21.99,33.7,93.08,15.23,29.37
3195,3124.44,94.59,21.66,33.49,93.1,15.49,29.36
3196,3120.52,94.49,21.41,32.4,93.12,15.4,29.36
3197,3093.28,94.42,21.61,33.39,93.13,15.48,29.38
3198,3099.03,94.29,22.09,33.28,93.14,15.23,29.42
3199,3104.17,94.16,22.3,33.45,93.15,15.34,29.48
3200,3084.24,94.17,20.66,33.24,93.15,15.37,29.32
3201,3052.68,94.12,20.8,32.43,93.18,15.41,29.27
3202,3069.88,94.12,20.19,32.39,93.14,15.22,29.24
3203,3072.75,93.91,19.73,32.1,93.15,15.27,29.16
3204,3076.02,93.72,20.12,32.86,93.13,15.26,29.15
3205,3099.2,93.93,21.57,34.63,93.16,15.36,29.11
3206,3064.93,93.74,21.22,30.86,93.16,15.28,29.25
3207,3075.13,93.63,22.67,30.79,93.16,15.6,29.28
3208,3095.73,93.63,21.51,29.43,93.16,15.3,29.41
3209,3097.3,93.72,22.39,31.85,93.17,15.25,29.41
3210,3073.49,93.56,22.48,32.31,93.21,15.12,29.37
3211,3067.21,93.37,22.39,30.6,93.21,15.36,29.38
3212,3065.78,93.25,23.24,30.24,93.25,15.64,29.47
3213,3041.54,93.19,22.39,28.9,93.23,15.61,29.53
3214,3059.72,93.2,23.17,29.7,93.22,15.7,29.55
3215,3068.16,93.24,22.69,29.15,93.23,15.44,29.43
3216,3062.75,93.35,21.95,29.33,93.22,15.31,29.24
3217,3090.0,93.28,20.68,27.46,93.23,15.3,29.26
3218,3083.4,93.13,21.86,28.44,93.23,15.36,29.14
3219,3118.49,93.3,22.66,28.91,93.24,15.52,29.34
3220,3113.8,93.28,22.0,29.75,93.23,15.46,29.45
3221,3096.28,93.35,22.25,31.38,93.23,15.5,29.4
3222,3081.82,93.4,22.14,33.13,93.2,15.44,29.25
3223,3089.48,93.43,21.65,33.14,93.17,15.45,29.28
3224,3072.48,93.25,22.24,34.17,93.19,15.36,29.2
3225,3082.13,93.35,21.55,35.03,93.21,15.44,29.1
3226,3080.0,93.61,19.77,34.4,93.17,15.35,29.02
3227,3077.8,93.63,20.0,32.57,93.23,15.62,29.04
3228,3084.39,93.87,20.17,34.25,93.25,15.44,29.12
3229,3109.99,93.6,19.67,33.41,93.26,15.7,29.18
3230,3100.73,93.48,18.97,32.91,93.3,15.5,29.26
3231,3107.29,93.6,17.88,33.45,93.33,15.59,29.32
3232,3117.58,93.42,17.79,32.34,93.33,15.61,29.37
3233,3093.26,93.41,17.3,31.58,93.33,15.41,29.34
3234,3106.89,93.36,18.33,30.83,93.34,15.41,29.17
3235,3124.47,93.27,18.89,31.4,93.31,15.33,29.14
3236,3142.8,93.3,18.62,31.14,93.32,15.48,29.12
3237,3117.28,93.26,19.16,30.07,93.37,15.47,29.1
3238,3096.61,93.31,19.16,29.84,93.37,15.7,29.06
3239,3099.05,93.53,19.13,31.21,93.38,15.48,28.99
3240,3100.31,93.6,19.2,30.92,93.39,15.64,29.1
3241,3104.16,93.52,20.69,30.92,93.38,15.73,29.23
3242,3101.35,93.87,21.31,34.06,93.36,15.67,29.09
3243,3110.01,93.97,20.98,33.58,93.34,15.38,29.0
3244,3063.02,94.0,21.61,32.84,93.33,15.37,28.97
3245,3086.4,93.96,22.14,33.59,93.34,15.62,29.06
3246,3123.02,93.96,22.13,33.16,93.31,15.5,29.02
3247,3114.0,93.89,21.65,31.86,93.32,15.69,28.93
3248,3120.85,93.81,21.16,30.99,93.33,15.62,29.03
3249,3156.07,93.8,20.18,30.17,93.36,15.56,29.13
3250,3153.58,93.73,20.3,29.95,93.37,15.72,29.18
3251,3156.33,93.63,19.77,31.3,93.37,15.65,29.12
3252,3189.59,93.69,19.47,31.34,93.35,15.65,29.1
3253,3222.99,93.81,20.08,31.77,93.4,15.58,29.13
3254,3191.0,93.96,21.49,32.5,93.36,16.08,29.1
3255,3177.28,94.26,21.8,32.6,93.33,15.77,29.08
3256,3191.37,94.26,21.54,30.92,93.38,15.65,29.15
3257,3195.4,94.19,21.37,31.42,93.41,15.67,29.23
3258,3203.37,94.21,22.15,33.0,93.45,15.56,29.3
3259,3144.0,94.27,22.28,33.97,93.46,15.65,29.4
3260,3105.44,94.2,22.21,33.54,93.52,15.6,29.45
3261,3147.25,94.37,22.29,34.5,93.53,15.73,29.36
3262,3163.16,94.4,20.94,33.06,93.55,15.46,29.46
3263,3169.27,94.58,21.25,34.24,93.55,15.67,29.56
3264,3142.66,94.64,20.47,33.07,93.56,15.71,29.76
3265,3136.12,94.64,20.75,32.59,93.57,15.62,29.79
3266,3150.45,94.78,20.17,32.54,93.57,15.68,29.74
3267,3123.6,94.67,20.63,32.19,93.6,15.49,29.75
3268,3114.14,94.78,20.51,32.95,93.58,15.52,29.72
3269,3126.94,94.68,19.56,31.34,93.59,15.66,29.66
3270,3143.16,94.93,19.5,33.94,93.63,15.43,29.71
3271,3135.62,94.95,21.34,33.33,93.62,15.66,29.73
3272,3158.56,94.93,19.4,31.42,93.63,15.46,29.81
3273,3178.03,94.96,19.62,32.43,93.68,15.67,29.81
3274,3139.31,94.79,18.86,31.22,93.71,15.7,29.69
3275,3171.25,93.8,20.07,31.39,93.77,15.79,29.61
3276,3186.69,92.89,20.7,31.46,93.8,15.66,29.51
3277,3177.95,92.0,20.74,31.98,93.79,15.59,29.57
3278,3159.08,90.65,21.34,31.91,93.8,15.73,29.49
3279,3155.83,89.07,21.32,32.14,93.77,15.51,29.55
3280,3140.83,87.0,21.07,30.55,93.76,15.66,29.62
3281,3108.03,85.98,20.35,29.24,93.72,15.74,29.66
3282,3110.75,84.16,19.85,28.98,93.7,15.62,29.62
3283,3034.57,82.93,19.31,27.84,93.7,15.65,29.58
3284,2990.33,80.94,19.16,27.34,93.67,15.58,29.46
3285,2970.9,80.13,17.49,27.19,93.67,15.73,29.64
3286,2938.38,78.4,18.3,26.65,93.7,15.5,29.59
3287,2927.39,78.93,20.03,30.0,93.71,15.5,29.71
3288,2878.79,79.79,19.87,32.03,93.72,15.52,29.8
3289,2861.43,80.33,20.86,29.03,93.79,15.32,29.71
3290,2878.08,81.4,20.98,33.37,93.82,15.55,29.72
3291,2842.47,82.25,20.63,32.14,93.82,15.67,29.72
3292,2838.07,82.73,20.3,29.94,93.83,15.53,29.58
3293,2833.26,84.11,20.86,35.43,93.88,15.53,29.57
3294,2852.02,85.61,20.81,37.02,93.89,15.6,29.59
3295,2872.1,86.49,21.52,33.68,93.87,15.62,29.56
3296,2888.34,87.87,21.54,37.94,93.9,15.41,29.53
3297,2899.1,89.2,21.11,36.41,93.92,15.51,29.51
3298,2918.15,89.96,21.29,33.36,93.91,15.68,29.66
3299,2933.02,90.83,20.99,34.2,93.92,15.75,29.49
3300,2950.64,91.45,20.89,33.08,93.96,15.74,29.55
3301,2997.72,92.02,21.0,34.23,93.98,15.75,29.59
3302,2986.41,92.37,19.98,31.53,93.98,15.5,29.55
3303,3008.36,92.54,21.21,30.01,94.04,15.45,29.56
3304,3002.46,92.69,21.79,30.0,94.02,15.64,29.71
3305,3055.6,92.84,21.16,28.76,94.02,15.66,29.78
3306,3064.8,92.94,21.05,30.36,94.03,15.72,29.8
3307,3046.6,93.17,21.56,32.08,94.04,15.71,29.91
3308,3052.34,93.41,21.68,32.67,94.05,15.61,29.97
3309,3033.43,93.49,23.04,32.66,94.06,15.57,30.0
3310,3033.14,93.42,22.53,32.93,94.06,15.46,29.92
3311,3058.33,93.5,23.26,33.25,94.06,15.73,29.97
3312,3095.09,93.6,21.9,32.67,94.05,15.7,29.99
3313,3121.69,93.75,20.84,33.01,94.04,15.65,29.9
3314,3121.66,93.81,22.13,32.45,94.02,15.77,29.79
3315,3135.2,93.87,21.6,31.69,94.0,15.69,29.64
3316,3151.78,93.97,20.55,31.21,94.01,15.66,29.63
3317,3195.43,94.09,20.52,31.88,94.01,15.81,29.63
3318,3177.14,94.24,21.55,33.09,94.02,15.83,29.56
3319,3202.8,94.1,20.79,31.04,94.02,15.82,29.67
3320,3172.89,94.05,20.67,30.76,94.02,15.62,29.62
3321,3191.75,94.02,19.12,30.27,94.05,15.51,29.72
3322,3172.23,94.06,18.85,29.38,94.05,15.73,29.74
3323,3153.59,93.87,19.76,29.81,94.09,15.54,29.67
3324,3145.89,94.07,19.26,30.83,94.13,15.5,29.73
3325,3129.18,94.09,18.33,28.72,94.13,15.69,29.79
3326,3138.65,94.12,17.89,28.41,94.17,15.48,29.75
3327,3162.36,93.98,17.61,28.77,94.17,15.72,29.62
3328,3116.2,93.91,18.46,29.7,94.2,15.61,29.6
3329,3114.44,93.77,18.91,30.15,94.2,15.58,29.5
3330,3094.57,93.69,19.47,31.7,94.21,15.69,29.59
3331,3117.35,93.75,19.57,32.95,94.19,15.52,29.55
3332,3146.68,93.55,19.11,32.81,94.19,15.65,29.63
3333,3141.08,93.82,18.7,33.59,94.16,15.81,29.43
3334,3126.13,93.92,19.22,33.49,94.16,15.47,29.44
3335,3095.37,93.95,20.59,32.74,94.17,15.49,29.54
3336,3139.42,93.88,19.77,32.88,94.2,15.61,29.45
3337,3165.11,93.94,19.01,31.14,94.22,15.65,29.45
3338,3121.43,93.98,18.21,30.16,94.2,15.65,29.38
3339,3136.03,93.89,19.05,29.31,94.17,15.6,29.26
3340,3113.39,93.88,19.11,29.12,94.19,15.74,29.27
3341,3105.49,93.76,19.64,28.25,94.2,15.68,29.18
3342,3083.08,93.57,19.26,28.19,94.22,15.62,29.23
3343,3048.34,93.46,19.82,28.74,94.23,15.68,29.31
3344,3057.79,93.64,19.69,29.48,94.24,15.64,29.24
3345,3104.43,93.63,18.47,28.07,94.26,15.6,29.14
3346,3088.67,93.58,19.35,28.65,94.27,15.62,29.24
3347,3111.43,93.61,19.4,29.09,94.24,15.46,29.31
3348,3133.47,93.36,19.2,29.99,94.22,15.59,29.24
3349,3146.22,93.37,19.49,29.74,94.21,15.62,29.1
3350,3182.63,93.41,18.4,30.2,94.22,15.55,29.03
3351,3193.78,93.46,18.91,30.69,94.24,15.67,29.09
3352,3220.0,93.35,18.53,29.26,94.22,15.69,29.15
3353,3183.52,93.27,18.54,29.27,94.26,15.83,29.19
3354,3189.86,93.25,19.58,29.73,94.25,15.62,29.16
3355,3210.47,93.14,20.12,29.75,94.27,15.48,28.99
3356,3182.64,93.13,19.95,30.98,94.27,15.74,29.05
3357,3103.96,93.08,19.86,31.55,94.27,15.62,28.98
3358,3078.46,92.83,17.8,30.01,94.28,15.51,28.97
3359,3067.42,92.95,17.41,31.02,94.33,15.58,28.85
3360,3083.18,92.81,17.78,30.99,94.34,15.41,28.8
3361,3074.2,92.81,17.36,30.82,94.32,15.6,28.82
3362,3078.18,92.99,16.64,30.79,94.36,15.55,28.77
3363,3069.11,92.82,17.34,29.19,94.36,15.44,28.82
3364,3071.07,92.81,18.63,30.11,94.39,15.59,28.64
3365,3074.42,92.96,18.24,31.28,94.4,15.63,28.56
3366,3066.22,92.95,19.1,30.43,94.37,15.56,28.56
3367,3088.58,93.01,19.78,32.15,94.39,15.61,28.71
3368,3118.14,92.76,19.0,32.59,94.38,15.54,28.63
3369,3093.42,92.84,18.54,33.74,94.36,15.59,28.7
3370,3098.86,92.6,20.1,34.73,94.4,15.74,28.79
3371,3070.52,92.64,19.19,34.19,94.4,15.44,28.68
3372,3039.16,92.6,18.76,32.44,94.42,15.69,28.6
3373,3067.96,92.55,20.43,32.79,94.44,15.67,28.6
3374,3112.01,92.47,19.9,32.56,94.44,15.7,28.49
3375,3103.97,92.48,20.97,32.43,94.47,15.44,28.44
3376,3139.35,92.31,20.03,31.77,94.48,15.68,28.58
3377,3120.11,92.19,20.1,30.79,94.48,15.55,28.62
3378,3112.05,92.23,20.95,31.89,94.51,15.6,28.58
3379,3143.21,92.31,20.49,33.23,94.51,15.3,28.59
3380,3118.4,92.22,20.49,34.28,94.51,15.65,28.65
3381,3133.94,92.33,21.06,35.19,94.51,15.72,28.74
3382,3121.62,92.24,20.2,33.79,94.53,15.78,28.76
3383,3103.78,92.19,21.94,34.14,94.55,15.49,28.87
3384,3093.65,92.47,22.69,36.88,94.57,15.31,28.98
3385,3051.32,92.42,22.1,35.55,94.56,15.54,29.05
3386,3083.29,92.52,21.72,35.65,94.57,15.53,28.97
3387,3091.42,92.7,23.15,37.38,94.6,15.53,28.86
3388,3089.91,92.42,22.52,35.86,94.63,15.7,28.78
3389,3076.68,92.18,21.86,34.69,94.68,15.44,28.77
3390,3084.67,91.94,22.55,34.62,94.66,15.53,28.58
3391,3102.92,92.02,21.18,35.68,94.66,15.62,28.57
3392,3095.94,92.12,21.02,36.03,94.69,15.25,28.66
3393,3114.55,92.11,20.95,34.78,94.72,15.67,28.67
3394,3116.3,91.97,20.25,34.95,94.75,15.67,28.63
3395,3110.72,92.15,19.03,35.79,94.74,15.53,28.59
3396,3125.57,92.02,19.15,34.29,94.71,15.6,28.58
3397,3110.24,92.01,19.75,33.64,94.71,15.61,28.56
3398,3082.52,92.2,19.29,33.43,94.68,15.56,28.54
3399,3082.39,92.27,18.42,31.13,94.7,15.26,28.58
3400,3084.87,92.42,19.63,31.5,94.71,15.61,28.68
3401,3082.09,92.44,20.07,30.79,94.71,15.67,28.61
3402,3107.65,92.39,19.75,31.58,94.72,15.59,28.61
3403,3115.96,92.29,20.48,32.43,94.72,15.44,28.62
3404,3111.19,92.37,20.63,32.98,94.74,15.49,28.56
3405,3109.72,92.4,21.99,31.74,94.75,15.5,28.59
3406,3110.3,92.41,22.3,31.99,94.74,15.6,28.69
3407,3119.98,92.6,21.02,31.36,94.75,15.53,28.87
3408,3118.54,92.54,20.37,30.7,94.76,15.62,28.92
3409,3113.45,92.67,19.88,31.98,94.74,15.63,28.9
3410,3086.14,92.85,20.21,32.32,94.71,15.63,28.79
3411,3075.39,93.02,20.01,32.72,94.7,15.6,28.57
3412,3086.38,93.27,19.22,33.63,94.73,15.36,28.68
3413,3094.18,93.23,19.75,32.35,94.74,15.67,28.64
3414,3067.67,93.21,20.56,32.32,94.74,15.59,28.64
3415,3063.02,93.21,20.41,31.16,94.75,15.84,28.7
3416,3051.55,93.18,20.52,30.87,94.76,15.53,28.59
3417,3086.76,93.04,19.68,29.96,94.75,15.45,28.54
3418,3095.55,93.2,19.35,30.13,94.75,15.54,28.68
3419,3106.12,93.03,19.01,28.66,94.78,15.58,28.74
3420,3105.37,92.99,19.54,27.54,94.77,15.44,28.69
3421,3093.67,93.01,19.78,28.65,94.79,15.62,28.67
3422,3086.78,92.93,19.52,28.7,94.79,15.48,28.8
3423,3099.42,92.92,19.25,29.64,94.84,15.44,28.84
3424,3095.1,92.97,17.76,30.03,94.89,15.73,28.8
3425,3107.32,93.05,19.29,31.23,94.88,15.53,28.95
3426,3110.01,92.97,17.67,30.71,94.87,15.62,29.04
3427,3115.74,93.02,18.25,31.33,94.83,15.73,29.03
3428,3121.69,92.99,18.44,32.02,94.83,15.71,28.99
3429,3109.23,92.94,18.36,31.44,94.85,15.45,29.1
3430,3102.6,92.9,18.5,31.36,94.87,15.6,29.07
3431,3121.68,93.06,18.18,32.03,94.86,15.48,28.99
3432,3156.14,92.86,18.86,32.88,94.9,15.54,28.95
3433,3168.35,93.05,18.0,33.15,94.9,15.62,29.21
3434,3104.95,93.04,18.45,32.73,94.87,15.41,29.16
3435,3090.38,93.07,18.05,31.5,94.91,15.64,29.1
3436,3094.83,92.99,17.89,31.27,94.93,15.7,28.98
3437,3074.16,92.91,17.76,30.9,94.92,15.72,29.13
3438,3055.88,93.09,17.92,31.14,94.89,15.46,29.18
3439,3054.4,93.01,18.51,29.79,94.91,15.56,29.35
3440,3068.29,92.97,18.61,30.27,94.91,15.6,29.42
3441,3086.01,92.95,19.48,30.43,94.94,15.52,29.51
3442,3082.12,92.99,20.37,30.31,94.95,15.65,29.42
3443,3076.57,92.79,20.56,30.8,94.98,15.89,29.41
3444,3064.47,92.96,21.11,31.96,94.96,15.8,29.45
3445,3081.62,93.02,22.63,32.29,94.97,15.63,29.54
3446,3094.84,93.04,21.23,32.28,94.97,15.7,29.53
3447,3115.86,93.03,21.95,33.64,94.97,15.7,29.49
3448,3118.75,92.99,22.97,32.22,94.96,15.72,29.46
3449,3092.15,92.89,23.0,32.01,94.96,15.63,29.3
3450,3089.38,93.12,24.32,32.64,94.97,15.48,29.03
3451,3110.97,93.0,25.29,33.83,95.0,15.62,29.12
3452,3077.56,92.97,24.47,33.41,94.99,15.71,29.15
3453,3082.07,93.18,23.91,35.19,95.01,15.78,29.14
3454,3093.69,93.26,23.97,33.87,95.0,15.55,29.25
3455,3137.93,93.27,23.06,32.96,95.02,15.59,29.33
3456,3125.4,93.43,24.99,35.3,95.0,15.74,29.38
3457,3123.76,93.32,25.11,34.67,95.02,15.54,29.49
3458,3158.04,93.22,24.62,35.74,95.03,15.72,29.51
3459,3141.46,93.09,23.01,34.23,95.05,15.72,29.54
3460,3160.28,93.1,22.9,34.0,95.07,15.78,29.55
3461,3162.7,93.11,21.65,33.85,95.04,15.5,29.37
3462,3153.0,93.21,22.12,34.82,95.0,15.83,29.39
3463,3156.97,93.09,19.89,33.56,95.02,15.87,29.12
3464,3149.16,93.2,21.05,33.5,95.03,15.91,29.07
3465,3190.8,93.33,20.66,32.89,95.08,15.73,29.14
3466,3140.35,93.39,19.25,31.87,95.06,15.93,29.11
3467,3131.3,93.14,19.3,30.32,95.12,15.87,29.0
3468,3124.03,93.14,19.37,29.69,95.11,15.98,29.2
3469,3120.59,93.29,19.43,30.66,95.13,15.82,29.32
3470,3142.67,93.42,20.65,30.66,95.16,15.65,29.19
3471,3131.97,93.58,20.96,31.22,95.21,15.85,29.13
3472,3142.17,93.74,21.58,31.52,95.22,16.02,29.05
3473,3146.16,93.86,21.27,30.69,95.22,15.89,29.13
3474,3162.01,93.91,21.51,30.01,95.22,16.01,29.05
3475,3155.78,93.87,20.31,30.29,95.24,15.86,28.9
3476,3159.67,93.88,20.49,30.84,95.21,15.93,28.83
3477,3154.16,93.95,19.86,31.07,95.2,15.96,28.86
3478,3132.03,93.83,20.93,31.06,95.21,16.18,28.98
3479,3163.9,93.66,20.89,30.53,95.19,15.88,28.97
3480,3144.17,93.56,21.32,30.25,95.21,15.84,28.92
3481,3132.48,93.49,21.39,28.55,95.22,16.0,29.12
3482,3114.96,93.45,22.68,28.7,95.21,15.82,29.14
3483,3125.12,93.64,21.25,29.12,95.2,15.72,29.24
3484,3116.96,93.82,21.12,29.71,95.21,15.75,29.22
3485,3149.69,93.88,20.27,28.52,95.23,15.82,29.3
3486,3158.11,93.9,18.61,28.47,95.25,15.91,29.2
3487,3148.63,93.78,17.92,28.02,95.26,15.93,29.16
3488,3128.12,93.8,19.07,28.76,95.24,15.91,29.05
3489,3125.9,93.69,19.13,28.77,95.24,16.0,28.99
3490,3136.08,93.55,19.03,29.41,95.24,15.95,29.06
3491,3133.85,93.56,19.74,30.68,95.23,15.87,28.97
3492,3130.01,93.55,19.85,29.97,95.24,16.08,29.02
3493,3109.12,93.52,20.35,31.42,95.25,15.73,29.15
3494,3156.99,93.72,20.66,32.33,95.25,15.92,29.19
3495,3149.54,93.63,21.02,31.1,95.26,15.97,29.27
3496,3118.69,93.4,20.55,30.4,95.25,15.83,29.34
3497,3098.86,93.63,21.44,33.19,95.24,15.94,29.38
3498,3095.84,93.61,20.31,30.59,95.26,15.8,29.42
3499,3139.35,93.72,20.26,32.01,95.29,15.97,29.58
3500,3134.59,93.56,21.11,29.98,95.23,16.01,29.51
3501,3125.69,93.38,20.86,30.53,95.23,15.99,29.45
3502,3142.09,93.35,20.42,30.35,95.24,15.93,29.38
3503,3158.13,93.29,22.19,30.88,95.25,15.99,29.41
3504,3167.91,93.5,23.2,32.16,95.24,15.97,29.5
3505,3167.96,93.72,23.1,32.28,95.23,16.18,29.5
3506,3141.89,93.8,22.05,30.76,95.23,15.88,29.3
3507,3125.87,93.83,20.23,28.72,95.21,15.91,29.25
3508,3094.59,93.63,20.76,28.18,95.22,15.8,29.31
3509,3094.65,93.53,21.69,29.31,95.23,15.99,29.26
3510,3090.37,93.43,21.82,29.2,95.27,15.87,29.29
3511,3083.48,93.23,20.26,28.13,95.3,15.78,29.19
3512,3093.71,93.25,20.35,28.54,95.32,16.05,29.25
3513,3084.02,93.32,19.95,29.23,95.35,15.99,29.31
3514,3082.25,93.41,20.12,29.98,95.35,15.94,29.36
3515,3078.2,93.4,21.65,30.38,95.36,16.03,29.36
3516,3083.53,93.29,22.1,31.53,95.37,15.99,29.41
3517,3095.68,93.15,22.33,31.7,95.35,15.88,29.43
3518,3071.78,93.09,22.05,31.3,95.35,15.91,29.34
3519,3087.22,93.15,22.19,32.5,95.33,16.06,29.39
3520,3096.5,93.11,21.38,31.27,95.32,15.99,29.42
3521,3107.86,93.15,21.68,31.36,95.3,16.01,29.51
3522,3112.11,93.19,21.37,30.2,95.3,16.01,29.52
3523,3121.12,93.47,20.7,32.81,95.27,15.84,29.36
3524,3114.25,93.66,21.37,34.11,95.27,15.76,29.25
3525,3125.38,93.8,19.51,32.88,95.27,15.83,29.26
3526,3149.0,93.8,19.12,32.54,95.28,16.11,29.28
3527,3137.26,93.9,19.75,33.7,95.27,16.13,29.22
3528,3127.75,93.81,20.75,33.42,95.28,15.87,29.06
3529,3141.52,93.86,21.07,34.64,95.29,16.1,28.96
3530,3129.13,93.71,20.42,32.91,95.31,15.95,28.83
3531,3115.12,93.74,20.34,32.72,95.31,15.85,28.56
3532,3125.08,93.53,20.53,31.03,95.28,15.98,28.61
3533,3117.08,93.54,21.72,30.78,95.28,15.92,28.83
3534,3143.65,93.63,22.32,30.5,95.29,15.89,29.0
3535,3133.1,93.62,22.83,28.88,95.32,16.02,28.87
3536,3117.06,93.69,22.62,29.04,95.35,15.95,28.92
3537,3119.63,93.85,21.58,29.7,95.37,15.97,28.79
3538,3131.25,94.12,20.43,29.69,95.41,15.93,28.71
3539,3139.46,94.25,20.22,28.7,95.44,15.84,28.59
3540,3151.44,94.35,20.81,28.41,95.46,15.96,28.59
3541,3141.09,94.69,20.5,30.14,95.43,16.1,28.6
3542,3166.14,94.73,20.94,28.44,95.41,15.99,28.62
3543,3132.1,94.79,20.25,27.59,95.4,16.1,28.7
3544,3120.02,94.84,19.75,28.31,95.39,16.0,28.67
3545,3126.8,95.0,21.0,29.07,95.38,15.82,28.66
3546,3118.06,94.98,21.53,27.55,95.4,15.96,28.64
3547,3118.31,95.04,21.18,28.62,95.41,15.96,28.57
3548,3105.48,95.21,20.5,27.99,95.44,16.02,28.43
3549,3110.21,95.27,21.26,28.85,95.41,16.11,28.52
3550,3127.79,95.24,21.85,28.24,95.44,16.09,28.48
3551,3123.02,95.18,22.2,28.66,95.47,15.85,28.3
3552,3111.52,95.07,21.85,27.97,95.44,15.88,28.35
3553,3109.48,95.03,20.81,27.84,95.45,16.15,28.2
3554,3139.62,95.22,20.83,28.99,95.49,15.92,28.4
3555,3166.04,95.23,21.9,28.01,95.49,15.87,28.36
3556,3156.59,95.03,20.99,26.64,95.53,15.92,28.42
3557,3167.43,94.83,20.94,26.6,95.53,15.77,28.55
3558,3166.27,94.71,22.17,27.76,95.53,15.93,28.5
3559,3190.84,94.61,21.72,28.49,95.51,15.89,28.49
3560,3190.63,94.71,21.5,28.71,95.55,15.89,28.58
3561,3183.25,95.0,20.43,29.2,95.56,15.97,28.6
3562,3213.37,95.1,20.95,28.6,95.54,15.87,28.6
3563,3188.64,95.02,20.28,27.88,95.53,15.81,28.49
3564,3191.01,94.84,19.02,27.65,95.54,16.08,28.6
3565,3213.37,94.71,18.37,27.41,95.54,15.93,28.63
3566,3218.6,94.61,18.71,27.53,95.55,16.04,28.69
3567,3193.63,94.43,17.58,27.0,95.54,16.09,28.74
3568,3169.4,94.08,16.71,25.0,95.55,15.89,28.82
3569,3136.23,93.94,17.48,25.18,95.59,16.04,28.89
3570,3164.16,93.62,17.67,26.27,95.62,15.98,28.97
3571,3135.56,93.49,17.16,27.24,95.62,15.8,29.06
3572,3147.17,93.36,17.17,28.34,95.62,15.84,29.2
3573,3114.56,93.25,18.83,29.0,95.66,16.02,29.19
3574,3165.63,93.08,19.96,28.87,95.67,15.78,29.18
3575,3131.81,93.08,19.86,28.44,95.68,15.95,29.19
3576,3130.12,92.97,20.51,28.28,95.67,15.75,29.15
3577,3151.91,92.92,20.53,27.55,95.65,15.76,29.04
3578,3132.19,92.94,19.05,26.58,95.65,15.93,29.1
3579,3139.89,92.92,17.56,25.69,95.65,16.01,29.03
3580,3130.08,93.08,17.14,25.73,95.63,15.89,28.95
3581,3134.51,93.03,16.15,25.47,95.64,15.97,29.07
3582,3152.28,93.0,16.73,26.5,95.63,15.89,29.19
3583,3137.72,93.06,16.63,26.93,95.64,16.04,29.04
3584,3163.27,92.92,17.28,27.45,95.61,16.08,29.14
3585,3162.22,92.76,17.88,28.07,95.61,15.95,28.99
3586,3193.47,92.76,18.63,28.15,95.6,16.01,28.93
3587,3164.46,92.64,18.0,29.23,95.6,15.94,29.1
3588,3143.63,92.77,18.65,29.68,95.59,15.96,29.04
3589,3133.93,92.88,18.06,28.22,95.57,15.9,29.03
3590,3106.21,92.92,18.82,28.22,95.57,16.02,29.09
3591,3125.36,92.97,19.92,29.43,95.59,15.83,28.99
3592,3122.01,92.93,20.49,29.21,95.57,15.98,29.06
3593,3098.22,93.1,20.36,31.13,95.56,15.77,29.09
3594,3084.38,93.18,20.8,30.9,95.53,15.89,29.23
3595,3071.35,93.27,19.53,29.91,95.53,15.72,29.21
3596,3094.81,93.07,18.15,28.55,95.52,16.0,29.16
3597,3106.15,93.1,18.71,29.22,95.54,15.98,29.06
3598,3104.47,93.07,19.87,29.62,95.56,15.79,28.92
3599,3098.31,93.14,18.91,30.63,95.58,15.81,29.07
3600,3095.91,93.25,19.07,31.57,95.58,15.74,29.1
3601,3133.79,93.09,19.5,30.04,95.57,15.76,29.14
3602,3126.03,93.01,19.04,29.75,95.55,15.82,29.05
3603,3141.99,93.27,18.98,30.56,95.58,15.97,29.06
3604,3132.66,93.38,19.61,30.99,95.62,15.84,29.03
3605,3165.29,93.51,19.8,30.74,95.62,15.92,28.95
3606,3136.02,93.61,19.95,30.67,95.63,15.83,28.88
3607,3150.56,93.52,19.16,29.4,95.61,15.78,28.91
3608,3132.08,93.57,19.23,28.31,95.61,15.86,28.88
3609,3174.93,93.44,18.98,27.35,95.63,15.81,28.91
3610,3181.99,93.48,18.82,27.66,95.63,15.94,28.96
3611,3140.45,93.6,18.55,28.5,95.6,15.83,28.89
3612,3119.94,93.65,18.69,28.59,95.63,15.94,28.87
3613,3133.58,93.44,18.12,27.32,95.65,15.77,29.05
3614,3144.64,93.35,18.3,27.87,95.68,15.62,29.17
3615,3152.75,93.36,18.17,28.75,95.66,15.9,29.11
3616,3151.21,93.39,17.61,29.19,95.66,15.81,29.07
3617,3140.27,93.47,16.32,28.81,95.66,15.7,28.96
3618,3159.2,93.47,17.44,28.96,95.65,15.98,29.07
3619,3136.61,93.39,18.28,29.35,95.66,15.84,29.03
3620,3134.94,93.32,17.79,30.25,95.59,15.67,29.07
3621,3120.04,93.27,18.54,31.71,95.63,15.84,29.22
3622,3105.18,93.24,17.85,31.76,95.63,15.8,29.18
3623,3097.12,93.25,17.82,31.74,95.65,15.82,29.28
3624,3084.94,93.37,17.66,32.1,95.62,15.63,29.32
3625,3100.15,93.4,17.67,31.62,95.59,15.83,29.33
3626,3072.95,93.36,18.41,31.63,95.6,15.78,29.42
3627,3087.68,93.45,18.28,31.7,95.62,15.88,29.31
3628,3079.32,93.5,18.19,32.75,95.59,15.76,29.46
3629,3084.99,93.33,18.95,32.04,95.61,15.9,29.43
3630,3086.15,93.37,19.11,33.15,95.62,15.91,29.4
3631,3080.59,93.42,18.74,31.33,95.65,15.61,29.35
3632,3110.08,93.42,19.05,31.0,95.68,15.8,29.24
3633,3104.23,93.4,19.93,31.02,95.67,15.66,29.2
3634,3120.16,93.19,20.76,31.55,95.66,15.9,28.99
3635,3134.1,93.23,19.63,31.17,95.67,15.77,28.93
3636,3126.03,93.19,18.64,31.5,95.7,15.82,28.89
3637,3099.33,93.12,19.55,31.47,95.74,15.96,29.01
3638,3083.17,93.01,19.35,30.5,95.73,16.03,29.06
3639,3112.52,93.2,17.74,30.49,95.71,15.65,28.96
3640,3122.87,93.38,17.46,30.08,95.71,15.94,28.87
3641,3125.24,93.52,17.42,30.42,95.7,15.68,28.92
3642,3113.02,93.47,17.42,30.24,95.73,15.95,29.05
3643,3148.98,93.57,18.33,30.49,95.73,15.58,28.96
3644,3128.74,93.76,17.84,30.15,95.71,15.73,28.89
3645,3131.14,93.63,18.8,28.71,95.71,15.75,28.75
3646,3140.55,93.63,19.14,28.81,95.72,15.47,28.68
3647,3112.65,93.72,18.23,29.75,95.71,15.71,28.71
3648,3098.81,93.58,18.14,29.29,95.71,15.66,28.79
3649,3092.67,93.49,18.72,29.93,95.71,15.81,28.91
3650,3114.47,93.7,18.97,31.95,95.71,15.77,29.05
3651,3108.0,93.82,19.43,31.18,95.73,15.82,29.27
3652,3081.96,93.73,19.01,29.24,95.73,15.59,29.29
3653,3057.06,93.58,19.55,28.97,95.73,15.72,29.29
3654,3050.29,93.49,19.26,29.54,95.75,15.78,29.2
3655,3030.75,93.54,21.39,31.12,95.74,15.59,29.27
3656,3058.53,93.53,20.19,30.52,95.77,15.58,29.27
3657,3084.01,93.51,22.32,32.15,95.79,15.74,29.4
3658,3089.66,93.44,21.31,31.87,95.8,15.71,29.26
3659,3089.94,93.59,22.26,32.85,95.79,15.71,29.29
3660,3110.79,93.7,22.75,31.73,95.8,15.83,29.31
3661,3128.88,94.0,21.89,33.71,95.8,15.75,29.33
3662,3111.98,94.29,22.33,33.63,95.82,15.77,29.26
3663,3100.37,94.44,21.78,32.22,95.86,15.79,29.37
3664,3122.07,94.63,21.93,32.6,95.89,15.86,29.53
3665,3132.42,94.69,21.89,32.99,95.93,15.78,29.38
3666,3148.01,94.68,21.43,33.2,95.93,15.96,29.43
3667,3131.27,94.64,20.95,32.57,95.93,15.95,29.14
3668,3119.27,94.54,21.14,32.85,95.93,15.56,29.14
3669,3132.99,94.57,20.32,33.58,95.91,15.76,28.98
3670,3122.24,94.69,19.67,33.96,95.91,15.86,28.96
3671,3096.83,94.82,20.54,34.21,95.9,15.64,28.87
3672,3092.58,95.02,20.95,33.06,95.92,15.83,28.88
3673,3098.43,95.21,19.92,33.48,95.89,15.87,28.89
3674,3141.75,95.3,19.19,32.01,95.92,15.93,28.69
3675,3128.09,95.27,17.58,29.39,95.94,15.71,28.74
3676,3131.98,95.26,18.57,28.52,95.91,15.82,28.67
3677,3177.8,95.3,19.3,28.76,95.9,15.93,28.83
3678,3154.74,95.3,18.52,28.71,95.88,15.94,28.85
3679,3170.31,95.4,19.26,30.64,95.89,15.91,28.76
3680,3156.69,95.34,20.95,30.93,95.89,15.69,28.71
3681,3167.41,95.53,19.74,33.03,95.91,15.94,28.87
3682,3215.8,95.68,19.38,32.53,95.92,16.03,28.94
3683,3227.18,95.82,18.29,31.92,95.92,15.93,28.85
3684,3224.44,95.78,19.25,30.07,95.91,15.97,28.79
3685,3199.71,95.7,19.27,29.63,95.91,15.81,28.79
3686,3193.46,95.64,19.05,28.12,95.92,15.85,28.71
3687,3180.28,95.63,19.35,27.41,95.89,15.99,28.58
3688,3151.01,95.63,19.0,27.87,95.89,15.97,28.63
3689,3112.43,95.78,18.88,27.5,95.87,15.82,28.81
3690,3105.18,95.85,19.27,26.31,95.87,16.01,28.81
3691,3114.51,95.78,18.89,24.83,95.86,15.96,28.8
3692,3145.09,95.64,18.65,25.85,95.87,15.96,28.76
3693,3134.47,95.61,18.68,27.37,95.89,16.09,28.91
3694,3144.82,95.87,19.05,29.36,95.89,16.03,28.96
3695,3115.54,95.7,19.66,28.76,95.92,15.89,29.02
3696,3108.06,95.64,20.18,28.23,95.89,15.8,28.95
3697,3067.98,95.56,18.99,28.7,95.87,15.92,28.92
3698,3127.85,95.77,20.35,30.38,95.9,15.91,28.88
3699,3139.03,95.71,20.39,29.82,95.9,15.98,28.78
3700,3147.58,95.57,20.11,29.83,95.88,15.94,28.76
3701,3161.89,95.49,19.4,28.32,95.84,16.06,28.81
3702,3214.06,95.28,21.07,28.71,95.85,16.08,28.72
3703,3200.78,95.33,22.89,29.98,95.86,15.92,28.69
3704,3178.9,95.39,24.15,29.34,95.85,16.08,28.78
3705,3219.04,95.29,23.86,29.5,95.85,16.11,28.7
3706,3189.62,95.37,23.81,29.08,95.82,16.02,28.79
3707,3215.34,95.52,24.72,30.59,95.84,16.15,28.82
3708,3209.52,95.34,24.07,28.71,95.82,16.12,28.8
3709,3214.65,95.35,24.12,29.45,95.83,15.89,28.62
3710,3181.78,95.39,23.93,30.27,95.83,15.96,28.61
3711,3233.99,95.35,25.1,30.79,95.84,16.09,28.67
3712,3219.85,95.28,25.76,31.11,95.85,15.98,28.82
3713,3200.54,95.16,25.09,32.04,95.86,15.98,28.87
3714,3208.02,94.88,25.81,31.84,95.85,16.0,28.94
3715,3190.56,94.9,25.25,31.41,95.84,16.26,28.8
3716,3196.72,94.97,24.34,32.0,95.82,16.02,28.82
3717,3167.84,94.86,23.69,31.63,95.83,16.09,28.93
3718,3170.46,94.77,23.45,31.44,95.86,16.21,28.87
3719,3157.04,94.64,22.48,30.19,95.85,16.16,28.96
3720,3138.0,93.58,21.81,30.6,95.83,15.95,29.02
3721,3111.86,91.8,20.44,28.96,95.81,16.13,29.06
3722,3118.54,89.76,19.66,30.3,95.82,16.07,29.06
3723,3095.19,88.43,19.79,29.25,95.83,16.06,29.0
3724,3074.44,87.26,20.52,28.58,95.8,16.2,29.15
3725,3064.92,86.12,21.07,29.0,95.83,16.0,29.24
3726,3065.54,84.53,21.14,29.38,95.83,16.06,29.27
3727,3018.28,82.73,19.61,27.75,95.84,16.1,29.25
3728,2995.67,81.51,18.75,28.55,95.83,16.16,29.25
3729,2949.15,80.27,18.48,28.37,95.88,16.08,29.26
3730,2918.63,79.02,19.14,28.18,95.87,16.03,29.26
3731,2914.0,78.02,18.51,28.11,95.87,16.11,29.34
3732,2837.64,76.9,17.39,28.11,95.88,15.96,29.36
3733,2793.73,75.05,18.49,29.25,95.9,16.04,29.21
3734,2833.18,74.06,17.71,29.02,95.92,16.07,29.22
3735,2874.99,73.02,16.68,27.63,95.92,16.06,29.05
3736,2922.13,71.6,16.81,26.75,95.89,16.03,29.0
3737,2898.98,70.26,16.68,25.42,95.93,16.15,29.01
3738,2935.73,69.04,16.19,24.87,95.94,16.23,29.03
3739,2941.41,67.09,16.11,24.8,95.97,16.27,29.18
3740,2923.22,65.3,15.27,24.46,95.97,15.98,28.96
3741,2874.09,63.3,14.81,24.77,95.96,16.19,29.12
3742,2843.74,62.01,14.75,22.97,95.95,15.99,29.04
3743,2844.8,61.07,13.09,22.35,95.95,16.07,29.08
3744,2821.86,60.11,13.96,22.93,95.95,16.17,29.05
3745,2790.47,58.48,12.86,20.22,95.95,16.04,29.12
3746,2744.64,57.9,12.21,20.26,95.95,16.12,29.06
3747,2732.54,56.35,13.15,22.59,95.95,16.05,29.08
3748,2698.73,55.02,13.62,23.07,95.95,16.13,28.89
3749,2662.5,53.83,13.65,23.01,95.92,15.9,28.94
3750,2630.3,53.11,12.22,22.02,95.91,16.01,29.0
3751,2583.9,51.42,11.79,21.63,95.93,16.03,28.96
3752,2536.08,50.48,11.69,22.39,95.93,16.04,29.05
3753,2554.42,49.67,11.65,22.02,95.9,15.93,29.17
3754,2578.5,47.94,12.62,23.12,95.91,15.89,29.1
3755,2569.11,46.71,14.14,23.74,95.9,16.24,29.21
3756,2596.89,45.03,14.39,24.83,95.92,15.88,29.2
3757,2586.96,43.18,13.65,24.9,95.94,15.96,29.15
3758,2574.71,41.59,14.37,24.84,95.91,15.85,29.16
3759,2562.54,40.16,13.54,24.16,95.91,15.97,29.09
3760,2530.3,39.19,11.15,22.54,95.94,15.88,28.84
3761,2488.29,38.13,10.09,22.35,95.92,15.94,28.85
3762,2473.3,37.13,8.21,20.79,95.92,15.85,28.75
3763,2487.89,36.16,8.1,20.6,95.92,15.9,28.91
3764,2477.04,35.48,8.15,20.17,95.95,15.96,29.04
3765,2473.1,35.21,7.06,18.56,95.97,15.92,29.14
3766,2415.16,34.72,6.66,18.17,95.99,15.67,29.15
3767,2385.52,34.53,5.84,16.5,96.0,15.87,29.07
3768,2358.72,34.36,6.14,16.14,96.01,15.73,29.04
3769,2367.76,34.35,5.83,16.57,96.02,15.79,29.23
3770,2364.37,34.12,7.03,17.09,96.01,15.92,29.14
3771,2339.25,34.0,7.44,17.21,95.98,15.66,28.89
3772,2274.32,33.83,8.96,16.81,95.98,15.67,28.99
3773,2239.83,33.74,8.67,17.32,95.96,15.62,29.13
3774,2245.47,33.62,10.49,17.33,95.98,15.77,29.31
3775,2230.9,33.55,10.41,17.76,95.96,15.77,29.35
3776,2221.48,33.41,9.92,18.44,95.98,15.66,29.41
3777,2228.74,33.48,11.86,18.43,95.99,15.73,29.41
3778,2244.68,33.44,10.18,17.12,96.0,15.59,29.22
3779,2220.52,33.49,9.71,16.81,96.0,15.73,29.14
3780,2225.92,33.39,8.38,16.23,96.03,15.77,29.2
3781,2249.74,33.24,7.03,15.14,96.03,15.67,29.11
3782,2265.09,33.02,5.64,13.87,96.03,15.81,29.05
3783,2240.03,33.1,6.57,14.71,96.03,15.83,29.01
3784,2234.72,33.13,5.83,13.82,96.03,15.71,28.98
3785,2239.19,33.12,6.01,13.73,96.03,15.78,29.09
3786,2229.17,33.19,7.12,15.3,96.04,15.75,29.23
3787,2215.24,33.18,7.74,13.97,96.02,15.85,29.21
3788,2175.01,33.41,8.38,15.5,95.99,15.7,29.29
3789,2158.55,33.57,9.56,15.15,95.97,15.64,29.17
3790,2147.91,33.55,10.86,14.87,96.0,15.79,29.2
3791,2126.94,33.54,9.74,14.08,95.99,15.82,29.39
3792,2135.41,33.4,10.12,13.56,95.99,15.6,29.23
3793,2158.58,33.52,9.93,14.85,96.0,15.66,29.28
3794,2152.64,33.46,9.78,16.26,95.99,15.73,29.26
3795,2112.38,33.62,8.65,16.56,95.99,15.55,29.29
3796,2118.6,33.56,8.33,15.02,95.98,15.75,29.35
3797,2131.78,33.55,8.13,14.54,95.96,15.68,29.47
3798,2142.04,33.52,9.43,15.87,95.97,15.67,29.46
3799,2132.04,33.5,8.53,14.89,95.97,15.69,29.49
3800,2115.78,33.93,6.96,17.93,95.95,15.58,29.46
3801,2144.11,34.03,7.29,14.96,95.95,15.71,29.36
3802,2159.14,34.24,6.64,15.75,95.91,15.62,29.36
3803,2151.61,34.24,6.85,15.09,95.9,15.68,29.4
3804,2129.02,34.26,7.69,16.03,95.91,15.73,29.44
3805,2145.59,34.55,7.97,18.34,95.89,15.68,29.25
3806,2137.85,34.6,7.84,17.0,95.89,15.66,29.16
3807,2156.85,34.62,7.93,17.74,95.9,15.7,29.11
3808,2169.57,34.69,8.84,17.65,95.89,15.68,29.02
3809,2220.05,34.9,8.13,17.94,95.9,15.64,29.05
3810,2219.86,34.69,8.89,16.64,95.9,15.58,29.08
3811,2262.05,34.85,8.27,18.7,95.88,15.77,29.14
3812,2261.4,34.99,8.99,19.11,95.87,15.55,29.03
3813,2245.2,34.94,7.85,18.18,95.88,15.5,28.96
3814,2223.07,34.86,8.49,18.08,95.88,15.59,29.12
3815,2207.26,34.84,8.55,18.53,95.89,15.56,29.07
3816,2218.8,34.68,8.77,17.38,95.9,15.47,29.05
3817,2221.31,34.38,9.64,17.35,95.9,15.6,29.03
3818,2183.73,34.34,9.0,16.76,95.86,15.71,29.17
3819,2206.28,34.01,9.06,16.49,95.87,15.43,29.24
3820,2235.15,34.01,9.38,16.55,95.85,15.58,29.35
3821,2193.55,33.99,9.18,16.7,95.84,15.45,29.38
3822,2215.03,34.03,9.83,17.49,95.85,15.51,29.28
3823,2247.58,34.09,10.13,18.74,95.87,15.64,29.42
3824,2205.29,33.94,9.63,16.36,95.88,15.52,29.46
3825,2195.52,33.97,10.66,18.0,95.9,15.5,29.39
3826,2179.73,34.01,11.05,17.67,95.89,15.55,29.52
3827,2201.18,33.83,10.24,18.16,95.88,15.45,29.45
3828,2191.04,33.69,9.51,17.44,95.88,15.49,29.56
3829,2184.01,34.13,9.58,20.34,95.87,15.5,29.62
3830,2200.14,34.9,10.36,21.93,95.85,15.54,29.48
3831,2242.27,35.87,9.05,22.06,95.88,15.49,29.58
3832,2254.31,37.2,9.2,24.91,95.89,15.45,29.61
3833,2258.82,37.59,9.05,17.34,95.88,15.66,29.78
3834,2272.69,38.67,8.6,20.79,95.86,15.55,29.73
3835,2310.92,39.92,8.62,22.86,95.87,15.44,29.83
3836,2307.96,40.5,9.25,18.99,95.88,15.54,29.82
3837,2334.94,41.06,9.31,18.54,95.9,15.54,29.68
3838,2347.54,42.32,9.8,24.54,95.87,15.42,29.63
3839,2355.46,42.75,9.06,20.74,95.86,15.64,29.59
3840,2355.64,44.1,9.81,26.76,95.9,15.55,29.43
3841,2386.41,44.48,8.97,21.75,95.91,15.53,29.43
3842,2452.88,45.72,11.04,29.13,95.95,15.7,29.5
3843,2456.25,46.78,13.05,28.81,95.96,15.67,29.56
3844,2516.02,47.86,13.12,28.8,95.95,15.58,29.49
3845,2551.73,49.17,12.8,30.34,95.97,15.67,29.37
3846,2577.36,49.61,13.67,24.49,95.96,15.54,29.34
3847,2552.6,50.08,14.26,25.23,96.0,15.71,29.44
3848,2556.78,51.43,16.29,31.17,96.04,15.75,29.54
3849,2568.75,52.38,18.13,29.6,96.02,15.56,29.51
3850,2557.96,53.21,16.42,28.32,96.02,15.75,29.39
3851,2545.74,54.13,17.49,28.64,96.06,15.57,29.29
3852,2547.49,54.88,17.27,27.61,96.08,15.41,29.24
3853,2592.76,55.33,17.55,25.25,96.06,15.5,29.31
3854,2579.53,55.95,18.07,26.14,96.06,15.55,29.4
3855,2599.26,56.54,18.51,25.64,96.11,15.62,29.47
3856,2584.17,57.04,19.08,24.75,96.12,15.6,29.41
3857,2567.17,57.3,18.23,21.52,96.15,15.65,29.45
3858,2605.68,57.68,17.21,22.0,96.15,15.43,29.29
3859,2605.5,58.01,17.99,22.71,96.18,15.69,29.31
3860,2610.63,58.27,17.02,22.38,96.2,15.61,29.16
3861,2617.43,57.24,18.18,22.19,96.21,15.61,29.16
3862,2586.87,55.52,17.09,20.92,96.2,15.7,29.36
3863,2562.52,53.97,16.4,20.24,96.22,15.67,29.41
3864,2532.82,52.96,15.9,20.69,96.24,15.58,29.25
3865,2520.49,51.68,14.36,20.0,96.23,15.6,29.23
3866,2507.1,50.99,12.96,19.61,96.28,15.55,29.18
3867,2472.28,50.05,13.64,21.3,96.28,15.53,29.13
3868,2566.37,49.05,12.14,20.86,96.26,15.44,29.3
3869,2598.8,47.53,14.15,21.28,96.27,15.52,29.39
3870,2619.78,45.87,13.84,20.4,96.27,15.46,29.39
3871,2653.3,44.28,12.78,19.86,96.23,15.54,29.3
3872,2632.75,43.36,12.98,20.6,96.25,15.44,29.23
3873,2613.5,42.02,10.83,20.02,96.27,15.69,29.3
3874,2604.63,40.62,10.57,20.8,96.25,15.67,29.26
3875,2555.78,39.62,10.42,20.62,96.28,15.68,28.98
3876,2533.37,38.87,9.42,18.33,96.29,15.51,29.13
3877,2552.41,37.66,9.02,18.64,96.28,15.47,29.14
3878,2559.51,36.73,10.36,19.17,96.29,15.49,29.1
3879,2544.32,36.26,10.49,19.1,96.33,15.46,29.18
3880,2532.56,35.51,10.76,19.97,96.37,15.53,29.18
3881,2507.7,35.41,10.06,19.31,96.37,15.45,29.27
3882,2465.82,35.16,8.99,19.07,96.34,15.61,29.22
3883,2469.29,34.89,8.89,18.16,96.33,15.46,29.13
3884,2418.29,34.61,7.03,16.07,96.33,15.41,29.11
3885,2412.01,34.6,6.43,15.44,96.32,15.41,29.21
3886,2374.95,34.28,5.77,14.85,96.34,15.35,29.1
3887,2341.62,33.95,4.54,14.7,96.37,15.58,29.0
3888,2333.15,34.03,5.62,14.82,96.37,15.35,29.08
3889,2355.7,34.01,5.94,15.79,96.36,15.58,28.99
3890,2363.23,34.02,5.83,15.16,96.36,15.39,28.9
3891,2348.46,34.06,6.78,15.61,96.36,15.11,28.8
3892,2330.63,34.2,5.84,15.92,96.32,15.19,28.69
3893,2329.81,34.28,5.2,15.65,96.35,15.35,28.51
3894,2341.1,34.27,6.56,16.09,96.34,15.53,28.47
3895,2289.36,34.33,8.74,18.7,96.35,15.24,28.43
3896,2277.99,34.46,9.46,18.88,96.36,15.31,28.39
3897,2250.37,34.57,9.94,18.97,96.37,15.2,28.55
3898,2243.07,34.6,9.48,18.19,96.38,15.4,28.67
3899,2214.55,34.38,9.07,18.35,96.41,15.39,28.79
3900,2179.24,34.45,9.37,18.93,96.43,15.22,28.87
3901,2157.48,34.26,10.51,18.89,96.4,15.22,28.86
3902,2154.87,34.41,10.86,18.74,96.43,15.04,28.74
3903,2176.64,34.59,11.62,18.9,96.43,15.23,28.71
3904,2167.05,34.54,10.71,16.72,96.41,15.2,28.69
3905,2157.99,34.58,11.14,16.76,96.45,15.16,28.83
3906,2175.26,34.6,10.48,15.94,96.46,15.44,28.8
3907,2187.9,34.56,10.54,15.63,96.47,15.2,28.74
3908,2228.05,34.68,11.02,16.54,96.46,15.3,28.75
3909,2248.8,34.9,10.6,16.94,96.46,15.29,28.78
3910,2227.34,34.89,9.72,15.11,96.49,15.05,28.88
3911,2216.26,34.96,10.07,15.05,96.53,15.41,28.94
3912,2234.27,34.85,9.94,14.9,96.51,15.36,28.83
3913,2217.46,34.87,10.06,14.52,96.49,15.46,28.69
3914,2215.15,35.03,10.65,15.29,96.5,14.99,28.53
3915,2185.75,35.03,11.64,14.85,96.48,15.2,28.53
3916,2168.57,35.07,12.02,13.39,96.45,15.25,28.55
3917,2205.1,35.09,12.24,15.68,96.44,15.29,28.39
3918,2216.2,35.31,11.73,17.37,96.43,14.98,28.34
3919,2210.39,35.41,11.33,16.8,96.43,15.18,28.37
3920,2208.1,35.39,11.56,16.03,96.43,15.25,28.29
3921,2250.35,35.44,11.14,16.56,96.44,15.16,28.31
3922,2239.56,35.41,11.39,15.53,96.43,15.19,28.23
3923,2250.97,35.14,10.6,15.78,96.44,15.36,28.19
3924,2267.97,34.91,12.07,15.29,96.41,15.17,28.19
3925,2293.69,34.82,12.01,14.65,96.38,15.16,28.25
3926,2270.01,34.81,11.91,14.24,96.4,15.31,28.2
3927,2238.19,34.79,11.32,15.26,96.41,15.31,28.12
3928,2217.34,34.88,12.76,15.62,96.43,15.37,28.11
3929,2235.82,34.93,11.5,15.46,96.41,15.21,28.01
3930,2277.98,35.11,10.87,14.88,96.39,15.19,27.83
3931,2290.21,35.09,11.46,14.4,96.42,15.45,27.73
3932,2271.73,34.98,11.5,15.86,96.41,15.22,27.71
3933,2292.25,34.95,10.88,16.24,96.39,15.14,27.65
3934,2277.33,35.04,10.4,15.11,96.44,15.09,27.64
3935,2256.96,35.03,10.12,14.64,96.39,15.22,27.8
3936,2249.62,35.09,10.22,14.87,96.38,15.41,27.73
3937,2238.15,35.02,11.43,16.03,96.36,15.2,27.73
3938,2226.6,35.14,11.83,16.94,96.37,15.1,27.93
3939,2256.61,35.37,12.59,17.11,96.37,15.14,28.02
3940,2246.36,35.13,11.98,15.5,96.36,15.3,27.99
3941,2215.19,34.98,12.19,15.1,96.35,15.23,27.97
3942,2230.55,34.88,10.72,13.23,96.38,15.05,27.98
3943,2211.92,34.68,10.78,13.32,96.37,15.24,28.16
3944,2194.98,34.44,10.78,13.52,96.36,14.99,28.15
3945,2212.42,34.32,12.14,14.66,96.38,15.09,28.09
3946,2199.8,34.4,13.2,16.44,96.38,15.06,28.02
3947,2192.82,34.18,12.65,15.69,96.39,15.29,27.96
3948,2196.06,34.12,11.71,14.41,96.4,15.03,27.84
3949,2192.73,34.23,10.95,14.39,96.4,14.99,27.81
3950,2188.22,34.45,10.71,15.22,96.43,15.16,27.72
3951,2146.92,34.56,11.72,15.87,96.44,14.86,27.9
3952,2154.58,34.58,11.88,15.65,96.44,15.11,27.87
3953,2198.71,34.86,12.24,17.59,96.46,14.95,27.89
3954,2217.85,34.91,12.69,16.46,96.43,15.13,27.77
3955,2214.01,34.9,11.62,15.87,96.45,15.08,27.72
3956,2227.62,34.94,10.9,17.46,96.48,15.16,27.6
3957,2242.84,34.97,11.23,17.51,96.5,15.14,27.61
3958,2226.19,34.92,10.48,16.85,96.52,14.96,27.79
3959,2252.2,34.72,9.2,16.53,96.53,15.7,27.85
3960,2252.47,34.68,8.41,15.77,96.53,15.05,27.89
3961,2243.69,34.72,9.42,15.25,96.5,15.16,28.22
3962,2273.38,34.6,9.16,13.94,96.49,15.15,28.16
3963,2224.63,34.35,9.41,13.48,96.53,15.27,28.24
3964,2201.02,34.55,8.73,15.42,96.52,15.06,28.1
3965,2216.97,34.55,9.15,15.53,96.54,14.86,28.05
3966,2230.34,34.36,9.0,14.77,96.54,15.0,27.9
3967,2261.3,34.32,9.44,15.11,96.55,14.89,27.89
3968,2209.89,34.29,9.1,14.98,96.56,14.98,27.88
3969,2227.05,34.19,9.57,14.83,96.54,14.8,27.82
3970,2198.94,34.05,9.17,15.66,96.56,14.93,27.87
3971,2208.47,34.17,9.23,17.08,96.56,14.99,27.83
3972,2207.32,34.21,9.1,16.91,96.57,14.97,27.87
3973,2226.34,34.5,9.34,18.58,96.54,14.79,28.0
3974,2221.72,34.57,9.65,16.31,96.52,15.11,27.85
3975,2243.85,34.79,9.39,18.29,96.52,14.97,27.81
3976,2226.43,34.81,9.36,17.44,96.57,14.96,27.83
3977,2226.9,34.92,9.62,18.34,96.59,15.0,27.88
3978,2233.53,35.02,10.11,17.97,96.55,15.26,28.03
3979,2268.93,35.02,10.03,17.01,96.53,15.26,28.04
3980,2280.61,34.67,9.31,17.15,96.56,15.21,28.02
3981,2277.04,34.47,9.43,17.98,96.59,15.04,27.94
3982,2282.02,34.33,10.01,19.43,96.59,14.94,27.96
3983,2294.62,34.27,8.93,18.39,96.59,15.05,27.89
3984,2291.5,34.34,8.0,18.25,96.55,15.0,27.84
3985,2261.72,34.51,7.74,17.02,96.5,14.92,27.82
3986,2269.26,34.57,7.83,14.66,96.51,15.14,27.83
3987,2263.09,34.72,6.35,15.13,96.53,15.18,27.8
3988,2252.0,34.81,7.21,14.6,96.49,14.88,27.78
3989,2234.19,34.88,7.37,13.2,96.49,14.95,27.79
3990,2245.56,34.89,5.75,11.63,96.49,15.2,27.55
3991,2254.76,35.02,5.35,12.84,96.48,15.14,27.48
3992,2234.06,35.12,5.62,13.17,96.5,15.17,27.38
3993,2213.39,35.22,4.69,11.8,96.47,15.04,27.48
3994,2257.09,35.45,6.11,14.48,96.5,15.28,27.48
3995,2275.66,35.62,6.74,14.19,96.51,14.82,27.42
3996,2277.54,35.77,7.7,14.92,96.5,14.96,27.46
3997,2288.91,35.69,7.11,14.02,96.49,15.03,27.42
3998,2278.53,35.86,7.82,15.46,96.51,15.06,27.38
3999,2274.21,35.67,7.52,13.75,96.49,14.99,27.36
4000,2274.51,35.7,7.63,14.15,96.56,14.84,27.35
4001,2293.91,35.72,8.17,14.79,96.59,15.05,27.36
4002,2262.72,35.63,8.3,14.58,96.6,14.99,27.3
4003,2243.7,35.63,9.13,15.06,96.61,15.16,27.3
4004,2223.34,35.67,9.35,16.22,96.62,15.18,27.38
4005,2245.07,35.32,9.04,15.68,96.64,15.02,27.41
4006,2245.56,35.39,9.85,17.02,96.68,15.04,27.3
4007,2229.32,35.29,10.71,16.72,96.68,15.04,27.4
4008,2228.85,35.25,10.71,17.82,96.68,14.98,27.46
4009,2220.83,35.3,11.73,17.45,96.65,14.96,27.6
4010,2197.55,35.28,11.37,17.91,96.63,15.02,27.65
4011,2231.81,35.39,11.19,18.29,96.65,15.03,27.73
4012,2233.06,35.33,11.08,19.13,96.66,15.1,27.95
4013,2262.59,35.31,10.86,19.4,96.65,14.93,27.99
4014,2232.31,35.1,10.53,19.63,96.62,14.87,27.91
4015,2244.84,35.1,9.9,19.19,96.66,15.05,27.78
4016,2216.16,35.02,9.11,19.12,96.69,14.82,27.99
4017,2268.23,34.89,9.28,19.76,96.7,14.83,28.18
4018,2229.9,34.82,10.3,19.68,96.69,15.0,28.1
4019,2266.89,34.76,10.91,20.48,96.73,15.25,28.04
4020,2262.3,34.67,11.12,17.87,96.75,14.72,28.02
4021,2254.55,34.54,12.0,17.68,96.75,15.17,28.14
4022,2264.05,34.69,11.87,18.61,96.75,14.78,27.99
4023,2241.31,34.65,10.89,17.66,96.77,15.1,27.78
4024,2255.2,34.54,10.5,18.28,96.79,14.8,27.94
4025,2268.38,34.48,10.39,18.06,96.81,14.93,27.94
4026,2263.19,34.55,9.96,17.96,96.8,14.97,27.96
4027,2263.95,34.61,10.48,18.79,96.83,14.96,27.97
4028,2298.2,34.58,11.16,19.6,96.79,15.12,28.0
4029,2303.13,34.77,9.75,20.68,96.78,15.03,27.88
4030,2278.49,34.73,9.65,19.14,96.76,14.8,27.78
4031,2286.41,34.62,7.35,20.04,96.76,14.74,27.78
4032,2266.92,34.5,7.53,19.82,96.79,14.98,27.61
4033,2246.42,34.55,7.7,20.02,96.82,14.95,27.62
4034,2252.54,34.31,9.34,21.33,96.86,14.73,27.58
4035,2227.73,34.31,10.57,22.51,96.86,14.91,27.57
4036,2227.08,34.24,11.24,22.92,96.9,14.98,27.62
4037,2237.52,34.02,10.33,21.57,96.93,14.86,27.55
4038,2271.17,34.04,9.47,21.29,96.9,14.84,27.39
4039,2275.07,34.09,8.65,21.3,96.87,14.93,27.41
4040,2236.63,34.08,9.98,22.49,96.88,14.66,27.41
4041,2206.02,34.07,9.24,23.87,96.91,14.89,27.31
4042,2240.39,34.11,9.01,23.27,96.97,14.71,27.34
4043,2223.52,34.21,8.42,23.55,96.98,14.8,27.29
4044,2190.56,34.15,7.55,21.39,96.98,14.98,27.24
4045,2171.87,34.08,8.04,21.03,96.98,15.09,27.07
4046,2192.57,34.23,8.42,21.22,96.92,14.92,27.15
4047,2196.28,34.2,6.78,20.66,96.99,14.8,27.05
4048,2210.92,34.35,6.12,21.27,96.99,14.97,27.08
4049,2209.77,34.28,6.7,20.43,96.96,14.98,27.04
4050,2187.4,34.27,6.95,20.14,96.96,14.75,27.07
4051,2153.7,34.18,6.92,19.95,96.98,14.79,27.19
4052,2145.12,34.42,7.82,21.74,96.97,14.74,27.28
4053,2157.23,34.54,6.93,19.95,96.99,14.99,27.38
4054,2141.24,34.48,6.75,17.59,96.99,14.8,27.44
4055,2171.0,34.5,7.48,17.03,97.01,14.87,27.51
4056,2156.53,34.39,7.2,15.47,97.0,15.06,27.4
4057,2131.57,34.48,7.76,16.27,97.05,14.85,27.42
4058,2143.79,34.66,7.15,16.1,97.02,14.86,27.44
4059,2169.28,34.62,6.76,15.75,97.03,14.69,27.56
4060,2204.85,34.46,5.65,15.65,97.02,14.65,27.55
4061,2171.9,34.21,4.42,13.65,96.99,14.88,27.62
4062,2203.78,34.18,4.58,13.63,97.02,15.02,27.64
4063,2207.82,34.32,5.53,13.39,97.01,14.79,27.73
4064,2195.54,34.35,5.89,12.25,97.04,15.07,27.73
4065,2212.29,34.52,7.3,13.54,96.99,15.21,27.83
4066,2240.69,34.58,7.27,12.58,96.98,14.91,27.67
4067,2204.84,34.67,5.88,13.74,96.99,14.89,27.54
4068,2198.26,34.58,6.56,14.14,97.02,14.71,27.36
4069,2190.25,34.6,6.04,13.94,96.99,14.94,27.37
4070,2207.02,34.63,6.54,15.42,96.98,15.01,27.44
4071,2236.65,34.43,5.04,14.11,97.01,15.07,27.53
4072,2234.59,34.4,5.3,14.04,97.0,14.99,27.48
4073,2225.93,34.42,6.33,15.28,96.97,15.1,27.5
4074,2233.37,34.42,7.15,14.7,97.0,14.82,27.46
4075,2226.42,34.45,7.23,15.47,96.99,14.68,27.57
4076,2182.28,34.54,7.5,16.05,96.96,14.76,27.64
4077,2197.75,34.57,7.36,16.19,96.92,15.03,27.7
4078,2220.79,34.6,7.39,17.65,96.92,14.77,27.72
4079,2243.11,34.65,8.16,18.4,96.94,15.0,27.82
4080,2217.46,34.59,7.74,17.81,96.94,14.75,27.84
4081,2231.06,34.72,7.49,17.34,96.91,14.89,27.84
4082,2260.47,34.6,6.47,16.46,96.91,14.91,27.83
4083,2305.63,34.5,7.33,16.6,96.91,14.83,27.74
4084,2304.71,34.64,7.39,17.38,96.88,14.84,27.77
4085,2312.93,34.49,6.63,15.94,96.87,14.87,27.68
4086,2278.75,34.13,7.61,16.51,96.86,15.13,27.75
4087,2245.03,33.89,7.74,15.66,96.84,15.02,27.74
4088,2257.68,33.87,7.31,15.76,96.86,15.08,27.85
4089,2208.45,33.87,8.22,15.16,96.87,14.87,27.74
4090,2209.12,33.82,8.06,13.86,96.89,14.88,27.99
4091,2236.7,34.12,7.08,15.39,96.92,14.68,27.85
4092,2247.61,34.29,8.16,15.56,96.95,14.64,27.73
4093,2255.94,34.14,7.61,13.96,96.96,14.86,27.64
4094,2250.03,34.34,10.31,16.48,96.96,14.95,27.78
4095,2238.93,34.57,9.98,16.36,96.94,15.17,27.74
4096,2279.39,34.45,8.31,13.93,96.92,14.76,27.75
4097,2296.37,34.41,9.83,15.19,96.92,15.09,27.71
4098,2302.49,34.26,9.74,14.85,96.9,14.78,27.62
4099,2291.23,34.22,9.91,15.32,96.88,14.93,27.72
4100,2269.32,34.23,10.16,14.46,96.88,14.83,27.81
4101,2283.05,34.2,9.0,14.33,96.89,14.96,27.94
4102,2265.97,34.06,7.3,14.25,96.89,15.01,27.94
4103,2258.77,33.97,9.07,15.29,96.88,15.29,27.78
4104,2261.51,33.73,7.84,15.59,96.87,15.04,27.67
4105,2256.4,33.77,9.31,16.88,96.88,14.77,27.75
4106,2280.45,34.03,9.87,18.84,96.9,14.83,27.64
4107,2243.77,33.99,9.96,17.76,96.91,14.82,27.65
4108,2240.87,34.22,9.64,18.74,96.94,14.59,27.61
4109,2280.34,34.23,11.47,18.65,96.95,14.88,27.71
4110,2288.99,34.12,10.7,18.3,96.94,15.45,27.77
4111,2275.28,34.26,10.11,20.19,96.96,14.9,27.84
4112,2283.55,34.28,10.59,19.8,97.0,14.77,27.77
4113,2272.78,34.14,9.93,18.25,96.99,14.82,27.82
4114,2293.04,34.07,9.06,18.13,96.99,14.94,27.68
4115,2297.6,34.04,9.05,17.38,97.01,14.73,27.66
4116,2268.38,34.11,9.66,18.41,97.03,14.8,27.49
4117,2266.42,34.26,11.22,20.04,97.01,14.93,27.41
4118,2269.26,34.35,12.75,19.7,97.01,14.75,27.38
4119,2272.92,34.47,11.04,18.45,96.98,14.77,27.58
4120,2273.57,34.51,11.74,18.38,97.01,14.69,27.41
4121,2279.0,34.55,10.74,17.36,96.99,14.83,27.35
4122,2280.47,34.54,9.87,16.21,97.0,14.75,27.36
4123,2260.64,34.84,9.55,17.58,97.01,14.71,27.54
4124,2246.49,34.49,9.06,16.03,97.02,14.67,27.6
4125,2237.2,34.36,8.24,14.64,97.02,15.19,27.67
4126,2235.25,34.29,6.5,13.55,97.03,14.8,27.68
4127,2227.01,34.29,7.94,15.99,97.05,14.9,27.64
4128,2247.56,34.35,8.84,18.3,97.01,15.37,27.65
4129,2224.68,34.44,8.93,19.15,97.03,15.0,27.57
4130,2189.02,34.43,8.21,18.13,97.06,14.84,27.68
4131,2232.84,34.51,9.36,19.71,97.01,14.96,27.53
4132,2216.13,34.65,9.4,19.58,96.98,14.78,27.64
4133,2240.44,34.76,9.0,17.22,97.0,14.74,27.65
4134,2252.44,34.93,7.82,16.86,97.01,14.78,27.6
4135,2235.1,34.91,8.42,15.67,97.0,14.82,27.46
4136,2232.43,34.82,8.27,15.69,97.0,15.01,27.44
4137,2225.56,34.54,8.59,16.18,97.03,14.7,27.56
4138,2232.71,34.58,8.84,17.85,97.02,14.75,27.52
4139,2217.31,34.7,9.47,18.42,96.99,14.94,27.57
4140,2214.69,34.51,9.64,16.97,96.99,14.7,27.51
4141,2216.08,34.67,9.47,17.75,97.02,14.63,27.64
4142,2239.96,34.63,9.91,17.55,97.03,15.47,27.55
4143,2231.57,34.78,10.71,18.61,97.03,14.95,27.56
4144,2213.58,34.83,11.85,17.77,97.04,14.64,27.66
4145,2206.68,34.9,10.76,17.93,97.02,14.83,27.64
4146,2218.85,34.86,11.52,16.97,97.0,14.9,27.58
4147,2186.21,34.85,10.05,15.68,97.01,14.95,27.63
4148,2216.82,34.75,10.81,16.5,97.04,14.72,27.69
4149,2219.6,34.73,10.21,15.78,97.03,14.98,27.62
4150,2230.84,34.79,10.84,16.3,97.04,14.89,27.6
4151,2235.89,34.66,11.9,16.47,97.03,15.06,27.83
4152,2223.17,34.77,11.9,17.14,97.05,14.77,27.77
4153,2203.18,34.67,11.66,15.71,97.03,14.9,27.84
4154,2193.66,34.72,11.43,16.29,97.04,14.76,27.73
4155,2168.6,34.64,10.9,15.1,97.03,14.83,27.78
4156,2185.86,34.93,11.85,18.68,97.05,14.64,27.86
4157,2191.35,35.06,11.64,17.43,97.09,14.75,27.87
4158,2168.57,35.13,9.77,16.8,97.04,14.66,27.81
4159,2168.49,35.32,10.6,18.48,97.06,14.83,27.67
4160,2193.66,35.27,11.2,17.37,97.1,14.67,27.58
4161,2228.84,35.35,11.16,17.32,97.07,14.5,27.6
4162,2207.6,35.34,10.41,17.06,97.04,14.86,27.54
4163,2256.67,35.15,9.44,15.87,97.05,14.72,27.52
4164,2236.5,35.1,8.86,14.72,97.03,14.64,27.4
4165,2204.13,35.1,9.13,15.28,97.04,14.77,27.41
4166,2244.61,35.07,7.74,14.89,97.03,14.68,27.29
4167,2223.73,35.02,8.3,14.6,97.03,15.01,27.27
4168,2256.29,34.91,8.52,14.6,97.0,14.98,27.25
4169,2240.76,34.84,9.69,14.54,96.97,14.85,27.19
4170,2233.16,34.55,10.27,16.49,96.98,14.51,27.19
4171,2205.67,34.47,9.65,16.94,96.98,14.84,27.16
4172,2231.23,34.17,8.32,15.92,96.99,14.77,27.08
4173,2250.71,34.19,7.82,15.76,97.01,14.59,27.18
4174,2232.54,34.27,9.17,17.1,97.0,14.65,27.13
4175,2228.53,34.28,9.47,15.99,97.03,14.93,26.96
4176,2241.31,34.51,10.1,17.34,97.04,14.97,26.95
4177,2229.98,34.57,9.61,15.99,97.04,14.74,27.07
4178,2257.14,34.6,10.04,15.55,97.02,14.75,26.96
4179,2251.88,34.74,8.88,16.74,97.01,14.9,27.09
4180,2240.38,34.93,9.83,16.84,96.98,14.62,27.08
4181,2209.11,34.97,8.94,15.56,96.97,14.53,27.16
4182,2188.47,35.17,7.56,16.11,97.01,14.82,27.22
4183,2208.64,35.15,9.61,17.02,97.04,14.88,27.36
4184,2218.95,35.12,9.76,17.06,97.06,14.69,27.26
4185,2240.92,35.34,9.98,20.21,97.08,14.68,27.22
4186,2232.77,35.47,8.55,18.65,97.09,14.86,27.36
4187,2203.84,35.39,9.2,17.78,97.05,14.86,27.29
4188,2202.93,35.58,10.09,19.9,97.05,14.64,27.37
4189,2252.66,35.56,9.92,20.23,97.05,15.06,27.43
4190,2235.99,35.54,10.65,20.04,97.07,14.6,27.5
4191,2241.38,35.72,11.62,22.28,97.08,14.82,27.42
4192,2198.87,35.77,11.9,21.79,97.12,14.35,27.41
4193,2199.48,35.81,10.01,20.27,97.1,14.59,27.33
4194,2201.09,35.68,9.1,19.45,97.1,14.8,27.41
4195,2218.03,35.71,10.56,20.1,97.1,14.5,27.41
4196,2220.22,35.79,10.62,19.43,97.08,14.75,27.48
4197,2198.11,35.79,10.63,18.93,97.06,14.62,27.4
4198,2196.06,35.83,9.94,18.9,97.08,14.52,27.27
4199,2203.88,35.93,9.49,19.23,97.12,14.64,27.32
4200,2195.91,36.06,10.57,19.78,97.13,14.6,27.22
4201,2190.95,35.84,11.72,18.8,97.2,14.61,27.27
4202,2224.66,35.97,12.27,21.68,97.17,14.76,27.3
4203,2221.66,36.0,12.51,21.17,97.24,14.72,27.37
4204,2241.88,36.25,12.9,23.47,97.24,14.69,27.47
4205,2247.18,36.27,12.58,22.13,97.21,14.89,27.47
4206,2229.45,36.11,11.37,22.3,97.22,14.46,27.35
4207,2231.97,36.17,10.15,21.35,97.27,14.67,27.31
4208,2247.23,36.22,11.22,21.45,97.3,14.77,27.46
4209,2289.78,36.29,11.12,21.15,97.3,14.83,27.48
4210,2278.43,36.57,11.56,22.03,97.34,14.84,27.35
4211,2281.98,36.52,11.59,20.38,97.32,14.66,27.42
4212,2304.05,36.36,11.66,20.17,97.33,14.77,27.41
4213,2330.34,36.37,11.79,19.19,97.38,14.94,27.35
4214,2315.48,36.42,12.22,19.34,97.39,14.97,27.27
4215,2310.27,36.1,11.39,18.33,97.36,14.63,27.43
4216,2331.49,36.12,12.23,19.54,97.35,14.96,27.33
4217,2337.59,36.1,11.43,18.01,97.34,14.83,27.3
4218,2353.78,36.17,11.53,18.21,97.39,14.78,27.4
4219,2370.65,36.23,10.47,17.3,97.39,14.84,27.54
4220,2372.68,36.19,10.31,17.55,97.41,14.72,27.67
4221,2365.72,36.12,9.76,16.95,97.4,14.73,27.63
4222,2343.03,36.06,9.82,17.7,97.41,14.49,27.9
4223,2332.39,36.13,10.47,18.27,97.42,14.79,27.75
4224,2323.72,36.0,10.5,18.22,97.41,14.7,27.77
4225,2343.73,35.93,12.03,19.68,97.41,14.91,27.84
4226,2340.72,35.91,12.47,18.88,97.4,14.87,27.8
4227,2337.65,35.82,12.05,18.52,97.45,14.96,27.94
4228,2310.73,35.72,11.78,18.61,97.45,14.57,27.89
4229,2330.31,35.55,11.91,18.86,97.49,14.82,27.99
4230,2308.15,35.57,12.3,18.07,97.49,14.84,27.89
4231,2297.87,35.52,11.09,17.98,97.49,15.24,27.96
4232,2320.53,35.46,11.49,18.28,97.48,14.9,27.9
4233,2329.28,35.08,10.37,17.95,97.5,15.01,28.07
4234,2301.23,34.9,10.76,17.79,97.48,14.66,28.12
4235,2271.31,34.7,11.55,15.61,97.49,14.75,28.26
4236,2261.87,34.54,11.63,16.15,97.53,14.87,28.31
4237,2245.6,34.54,9.59,15.87,97.58,14.56,28.32
4238,2212.8,34.47,8.19,14.97,97.58,14.89,28.39
4239,2197.68,34.29,8.8,14.13,97.54,14.76,28.48
4240,2142.13,33.95,6.94,12.92,97.55,14.73,28.52
4241,2165.79,33.74,7.71,14.22,97.57,14.85,28.3
4242,2184.14,33.52,8.69,14.49,97.54,14.76,28.18
4243,2212.28,33.61,9.75,15.69,97.57,14.64,28.28
4244,2214.45,33.41,9.55,14.98,97.62,14.57,28.19
4245,2199.64,33.28,9.91,15.4,97.61,14.66,28.27
4246,2215.89,33.22,10.05,14.67,97.63,14.71,28.34
4247,2194.67,33.14,8.83,14.12,97.64,14.71,28.3
4248,2162.83,32.95,9.5,15.19,97.65,14.86,28.12
4249,2159.09,32.96,10.63,15.09,97.65,14.96,28.13
4250,2167.5,33.02,11.11,15.56,97.63,14.85,28.31
4251,2150.35,33.05,10.57,15.99,97.64,14.8,28.22
4252,2131.29,33.12,11.1,17.01,97.65,14.63,28.18
4253,2129.58,33.46,12.17,19.41,97.69,14.54,28.04
4254,2145.0,33.48,12.87,18.16,97.71,14.51,28.13
4255,2148.57,33.67,13.47,19.71,97.71,14.84,28.15
4256,2207.95,33.86,11.92,19.16,97.69,14.67,28.04
4257,2204.95,33.98,12.08,19.68,97.66,14.99,28.21
4258,2221.55,34.22,12.49,20.14,97.67,14.66,28.32
4259,2193.76,34.48,13.19,19.75,97.64,14.91,28.23
4260,2209.72,34.38,13.27,17.23,97.65,14.6,28.14
4261,2202.96,34.39,14.18,17.25,97.65,15.02,28.29
4262,2205.92,34.45,12.31,16.47,97.66,15.36,28.28
4263,2243.35,34.59,12.59,16.91,97.64,14.88,28.18
4264,2235.82,34.77,12.79,16.44,97.61,14.9,28.01
4265,2210.79,34.79,13.23,16.05,97.62,14.75,27.91
4266,2193.37,34.95,14.22,16.72,97.6,14.65,27.8
4267,2204.33,34.94,13.08,15.96,97.57,14.84,27.65
4268,2213.58,35.03,14.02,17.62,97.57,14.84,27.62
4269,2223.68,35.5,14.51,22.18,97.54,14.86,27.56
4270,2207.0,35.82,14.08,20.74,97.56,14.57,27.5
4271,2257.75,35.71,12.95,18.47,97.58,14.58,27.63
4272,2291.49,35.86,12.89,18.94,97.57,14.66,27.65
4273,2294.12,35.86,12.84,17.26,97.57,14.96,27.72
4274,2264.99,36.12,12.98,18.61,97.6,14.8,27.8
4275,2302.2,36.23,12.25,17.13,97.61,14.5,27.78
4276,2327.01,36.45,12.64,17.33,97.56,15.0,27.86
4277,2328.37,36.55,12.13,16.83,97.53,14.47,27.89
4278,2351.14,36.46,12.91,16.0,97.52,14.81,27.91
4279,2337.12,36.41,14.0,16.98,97.53,15.12,28.12
4280,2315.02,36.36,12.97,17.29,97.54,14.79,28.26
4281,2317.26,36.22,12.74,16.68,97.55,14.79,28.08
4282,2285.63,36.3,13.3,18.43,97.54,14.84,28.15
4283,2267.5,36.39,13.25,18.77,97.54,15.08,28.07
4284,2284.26,36.37,11.87,17.76,97.55,14.8,28.1
4285,2292.4,36.28,12.39,16.72,97.53,14.78,28.05
4286,2266.64,36.25,11.68,15.21,97.52,14.93,27.94
4287,2262.93,36.12,11.69,16.55,97.53,14.63,27.96
4288,2240.71,36.09,10.74,17.18,97.5,14.78,28.05
4289,2238.26,36.05,11.31,18.6,97.48,15.0,28.12
4290,2233.54,36.0,10.86,19.72,97.49,14.66,28.18
4291,2260.47,35.84,11.5,20.94,97.48,14.86,28.16
4292,2260.79,35.83,11.19,20.8,97.49,14.89,28.15
4293,2260.67,36.08,10.82,22.39,97.51,14.98,28.15
4294,2257.1,35.98,11.08,20.26,97.49,14.85,28.23
4295,2228.38,36.19,10.23,21.07,97.47,14.94,28.33
4296,2236.14,36.17,11.66,20.81,97.49,14.72,28.32
4297,2253.6,36.01,11.65,21.24,97.48,14.76,28.28
4298,2264.38,36.14,11.12,21.58,97.51,14.86,28.48
4299,2282.11,36.01,10.7,19.02,97.54,14.95,28.46
4300,2298.48,36.01,10.65,17.88,97.56,15.12,28.45
4301,2341.87,35.98,11.4,18.72,97.55,15.16,28.52
4302,2312.51,35.92,10.55,17.87,97.55,15.04,28.49
4303,2313.76,35.86,10.21,18.24,97.55,14.94,28.39
4304,2316.79,35.81,10.16,17.31,97.55,14.79,28.42
4305,2305.7,35.68,11.38,18.75,97.59,14.9,28.41
4306,2290.83,35.82,12.12,19.1,97.58,14.91,28.57
4307,2301.42,35.92,13.24,20.43,97.57,14.91,28.7
4308,2308.89,35.96,12.98,18.84,97.54,14.59,28.65
4309,2286.02,35.88,13.84,19.26,97.51,14.82,28.62
4310,2251.07,35.82,14.48,18.64,97.52,14.8,28.65
4311,2247.08,35.86,14.62,18.97,97.52,15.11,28.75
4312,2239.78,35.82,14.79,19.57,97.57,14.86,28.69
4313,2258.54,35.8,13.84,19.94,97.55,14.94,28.71
4314,2245.6,35.96,15.01,20.63,97.6,14.63,28.68
4315,2249.73,36.07,14.38,19.64,97.63,15.08,28.68
4316,2222.99,36.11,14.42,18.0,97.63,15.08,28.61
4317,2202.29,36.01,14.54,16.47,97.59,14.94,28.63
4318,2200.26,36.14,13.06,16.26,97.57,15.17,28.62
4319,2208.48,36.09,12.73,14.97,97.6,14.78,28.83
4320,2205.51,36.31,12.75,15.4,97.62,14.73,28.78
4321,2223.18,36.49,12.49,15.36,97.59,14.93,28.74
4322,2202.22,36.59,12.29,14.99,97.62,14.79,28.74
4323,2215.08,36.77,13.37,16.21,97.61,14.8,28.66
4324,2225.35,36.63,12.39,14.44,97.57,14.92,28.71
4325,2209.62,36.72,11.21,14.36,97.56,14.92,28.77
4326,2230.37,36.9,10.74,14.83,97.56,14.95,28.9
4327,2200.43,36.87,11.28,14.72,97.6,14.78,28.93
4328,2202.67,36.6,11.85,14.64,97.6,15.0,28.89
4329,2234.64,36.68,12.21,14.41,97.59,14.82,28.82
4330,2203.13,36.81,12.81,14.89,97.53,14.72,28.9
4331,2232.55,36.62,12.76,14.19,97.56,14.9,28.79
4332,2221.45,36.67,12.11,13.26,97.56,14.73,28.94
4333,2222.87,36.64,11.17,12.73,97.58,14.63,29.0
4334,2263.36,36.57,10.06,12.2,97.59,15.13,28.93
4335,2256.52,36.34,9.89,12.41,97.6,14.78,29.04
4336,2295.73,36.37,10.57,13.67,97.66,14.77,29.03
4337,2290.97,36.28,10.72,13.46,97.66,14.99,28.9
4338,2292.57,36.5,10.79,15.55,97.63,15.1,28.81
4339,2311.73,36.41,9.89,13.99,97.66,14.82,28.91
4340,2322.37,36.3,11.98,14.89,97.63,14.82,28.98
4341,2323.14,36.22,11.14,14.6,97.66,14.83,29.08
4342,2310.92,36.13,11.14,14.65,97.63,15.05,29.16
4343,2277.89,35.99,11.84,14.0,97.63,14.87,29.22
4344,2249.72,35.92,11.7,12.77,97.64,15.08,29.22
4345,2280.41,35.77,10.89,13.79,97.64,14.9,29.23
4346,2315.12,35.79,11.47,14.74,97.64,15.08,29.22
4347,2313.11,35.71,10.26,14.0,97.65,14.88,29.17
4348,2272.93,35.59,11.63,15.38,97.64,15.06,29.09
4349,2257.17,35.44,11.69,17.62,97.64,14.71,29.14
4350,2240.36,35.1,11.32,16.3,97.63,14.69,29.23
4351,2230.34,35.04,10.05,15.85,97.65,14.6,29.14
4352,2214.61,35.01,9.12,16.02,97.63,14.59,29.08
4353,2228.91,34.99,9.16,14.96,97.66,15.43,29.04
4354,2234.44,34.66,10.75,14.58,97.68,14.71,28.92
4355,2266.24,34.71,10.87,16.0,97.68,14.77,28.76
4356,2253.3,34.49,11.05,15.78,97.66,14.76,28.86
4357,2253.93,34.5,11.25,15.54,97.63,14.68,28.79
4358,2265.91,34.52,13.01,15.28,97.63,14.94,28.75
4359,2280.84,34.36,12.34,15.45,97.65,14.71,28.74
4360,2249.3,34.42,13.37,15.2,97.63,14.54,28.84
4361,2254.27,34.39,12.7,14.16,97.63,14.63,28.9
4362,2253.38,34.42,11.86,13.62,97.64,14.82,28.85
4363,2255.34,34.36,11.6,13.42,97.63,14.81,28.7
4364,2251.96,34.34,11.36,12.82,97.64,14.85,28.58
4365,2281.55,34.23,11.65,12.71,97.65,14.37,28.64
4366,2255.91,34.44,9.72,14.22,97.68,14.67,28.65
4367,2232.17,34.4,9.85,13.32,97.66,14.83,28.64
4368,2213.22,34.27,9.37,13.32,97.63,14.91,28.63
4369,2213.93,35.39,9.42,20.77,97.66,14.74,28.7
4370,2230.38,36.13,8.82,17.83,97.66,15.0,28.63
4371,2239.25,37.73,9.49,23.96,97.64,14.64,28.62
4372,2282.52,38.8,9.72,21.68,97.65,14.62,28.48
4373,2307.29,40.03,10.1,22.49,97.67,15.12,28.74
4374,2333.88,41.24,9.49,23.01,97.7,14.9,28.73
4375,2335.34,41.73,9.97,19.28,97.69,14.86,28.65
4376,2402.52,42.23,9.71,19.95,97.73,14.96,28.62
4377,2425.03,42.53,8.7,19.81,97.7,14.93,28.56
4378,2485.31,43.71,9.13,25.77,97.74,14.62,28.52
4379,2500.14,44.99,9.4,26.02,97.76,14.76,28.46
4380,2545.32,45.51,9.93,22.12,97.77,15.0,28.43
4381,2562.56,46.49,10.17,25.19,97.82,14.85,28.46
4382,2630.53,47.43,9.66,24.35,97.8,14.95,28.32
4383,2679.86,48.15,9.56,21.93,97.78,14.84,28.44
4384,2720.71,48.76,8.76,21.39,97.82,14.82,28.51
4385,2727.56,49.16,10.23,21.67,97.79,15.05,28.54
4386,2787.82,49.38,11.6,22.18,97.81,14.85,28.36
4387,2844.53,49.6,12.93,23.24,97.82,15.62,28.3
4388,2846.41,49.78,12.49,24.05,97.8,15.34,28.35
4389,2859.74,49.87,13.58,24.15,97.8,14.7,28.75
4390,2809.9,50.1,13.91,24.65,97.82,14.82,28.83
4391,2709.33,50.32,13.23,24.1,97.82,14.83,28.93
4392,2756.4,49.27,12.64,22.06,97.82,15.08,28.91
4393,2785.38,47.66,12.45,21.03,97.78,15.15,28.78
4394,2771.95,46.47,12.48,20.21,97.75,14.86,28.8
4395,2721.89,45.47,12.69,19.73,97.75,14.88,28.68
4396,2719.91,43.95,12.57,20.29,97.7,14.98,28.56
4397,2683.23,43.01,12.16,18.89,97.73,14.99,28.41
4398,2634.79,41.69,13.14,18.35,97.71,14.94,28.45
4399,2627.27,40.93,12.83,18.9,97.71,14.65,28.38
4400,2632.81,39.77,12.49,18.55,97.72,15.02,28.37
4401,2602.1,38.97,12.13,18.19,97.68,14.62,28.33
4402,2600.4,38.46,11.88,17.9,97.7,14.68,28.2
4403,2585.45,37.99,10.64,18.89,97.72,14.88,28.18
4404,2529.46,37.65,9.82,18.74,97.75,14.65,28.11
4405,2496.19,37.4,11.83,19.53,97.76,14.66,28.03
4406,2498.05,37.15,10.36,19.09,97.72,14.49,27.96
4407,2466.45,37.07,10.57,19.31,97.71,14.79,27.88
4408,2465.68,36.9,10.81,20.71,97.78,14.37,27.92
4409,2439.02,36.63,11.56,20.44,97.83,14.57,27.92
4410,2437.58,36.47,11.72,20.51,97.87,15.04,27.85
4411,2430.29,36.37,13.08,20.9,97.83,14.22,27.82
4412,2410.99,36.47,13.03,21.98,97.87,14.58,28.01
4413,2412.08,36.27,13.83,22.78,97.87,14.64,27.89
4414,2355.8,36.22,14.29,22.05,97.93,14.51,27.92
4415,2328.08,36.14,15.11,22.4,97.9,14.62,27.89
4416,2316.57,36.19,14.66,22.43,97.93,14.42,28.03
4417,2339.54,36.24,14.55,21.29,97.95,14.65,28.06
4418,2306.33,36.14,13.82,21.18,97.97,14.7,28.03
4419,2303.43,35.77,13.57,22.05,97.94,14.67,28.08
4420,2308.68,35.9,13.46,23.22,97.98,14.72,28.12
4421,2310.61,35.78,11.46,20.98,97.97,14.64,28.13
4422,2304.65,35.67,11.21,19.66,97.94,14.31,27.96
4423,2290.56,35.9,11.92,21.62,97.98,14.52,28.04
4424,2286.07,36.01,10.72,19.52,97.98,14.7,28.09
4425,2307.11,36.13,9.93,18.65,97.96,14.57,28.02
4426,2292.83,36.2,10.91,18.77,98.03,14.64,28.0
4427,2250.83,36.13,11.91,19.06,98.02,14.44,27.93
4428,2265.59,35.95,11.23,18.55,98.04,14.57,27.82
4429,2300.08,36.13,11.35,19.64,98.08,14.58,27.61
4430,2279.34,36.17,11.19,18.57,98.07,14.54,27.56
4431,2310.89,36.36,12.12,19.27,98.08,14.89,27.47
4432,2321.29,36.34,11.5,17.72,98.08,14.68,27.38
4433,2296.92,36.38,11.09,16.56,98.09,14.57,27.42
4434,2284.74,36.33,12.07,17.3,98.14,14.66,27.59
4435,2273.63,36.44,11.13,19.69,98.15,14.48,27.7
4436,2282.15,36.44,10.64,18.87,98.13,14.7,27.68
4437,2281.73,36.3,10.7,19.69,98.17,14.7,27.56
4438,2306.42,36.12,11.86,19.91,98.2,14.73,27.58
4439,2321.49,35.96,10.73,18.44,98.23,14.55,27.56
4440,2287.18,36.07,10.16,20.38,98.21,14.64,27.62
4441,2259.95,36.06,10.63,19.01,98.21,14.72,27.71
4442,2277.49,36.13,11.21,20.35,98.25,14.82,27.64
4443,2270.52,36.19,11.31,20.32,98.26,14.43,27.37
4444,2271.18,36.18,11.1,20.64,98.24,14.32,27.29
4445,2287.36,36.38,11.21,21.73,98.26,14.61,27.31
4446,2308.03,36.5,9.96,19.89,98.26,14.48,27.33
4447,2284.21,36.5,10.07,18.51,98.27,14.48,27.24
4448,2244.77,36.61,11.33,21.2,98.27,14.44,27.18
4449,2252.89,36.71,10.21,20.78,98.28,14.45,27.17
4450,2244.13,36.58,9.59,21.32,98.27,14.69,27.06
4451,2253.86,36.41,9.33,20.7,98.28,14.56,27.11
4452,2259.0,36.38,9.15,20.94,98.26,14.62,27.05
4453,2244.89,36.15,10.72,20.26,98.31,14.74,27.03
4454,2293.24,36.09,9.92,20.01,98.25,14.37,27.0
4455,2294.21,36.18,9.08,21.74,98.27,14.47,27.13
4456,2283.13,36.13,9.8,20.56,98.34,14.56,27.13
4457,2287.07,36.16,9.34,19.91,98.38,14.6,27.16
4458,2298.58,36.04,10.05,20.45,98.43,14.52,27.17
4459,2284.45,35.9,9.9,20.21,98.43,14.41,27.19
4460,2330.59,35.77,10.28,21.76,98.43,14.25,27.13
4461,2292.86,35.66,9.01,20.66,98.4,14.55,27.09
4462,2261.17,35.59,9.47,20.5,98.45,14.6,27.11
4463,2229.97,35.46,9.7,20.45,98.41,15.07,27.28
4464,2234.55,35.41,9.53,19.38,98.44,14.7,27.22
4465,2248.52,35.56,8.67,18.91,98.42,14.37,27.22
4466,2244.64,35.55,8.98,17.03,98.42,14.47,27.24
4467,2256.61,35.4,9.66,14.9,98.46,14.63,27.22
4468,2268.25,35.67,9.41,16.6,98.45,14.63,27.42
4469,2263.23,35.89,9.18,15.42,98.44,14.58,27.38
4470,2275.24,35.96,9.94,14.69,98.43,14.88,27.38
4471,2272.76,35.81,11.33,15.77,98.45,14.63,27.44
4472,2265.84,35.69,11.95,15.43,98.47,14.57,27.67
4473,2258.83,35.83,12.02,16.94,98.48,14.65,27.82
4474,2267.95,35.94,11.69,15.77,98.42,14.72,27.79
4475,2295.13,35.88,11.51,14.83,98.49,14.58,27.81
4476,2269.76,35.84,10.31,15.78,98.47,14.91,27.82
4477,2261.38,35.71,10.16,15.49,98.49,14.46,27.82
4478,2266.88,35.65,11.05,16.94,98.51,14.93,27.78
4479,2302.72,35.51,10.98,18.87,98.49,14.63,27.87
4480,2306.73,35.43,10.38,18.29,98.46,14.64,27.9
4481,2286.31,35.62,9.87,18.65,98.45,14.69,27.9
4482,2267.1,35.75,9.93,16.66,98.41,14.67,27.8
4483,2289.19,35.9,9.03,16.87,98.42,14.69,27.82
4484,2283.25,36.07,8.5,17.14,98.38,14.56,27.67
4485,2259.8,36.01,9.89,17.19,98.39,14.52,27.6
4486,2284.22,36.04,9.1,18.21,98.36,14.81,27.62
4487,2291.63,36.11,8.6,17.52,98.35,14.56,27.62
4488,2267.15,35.94,8.98,18.49,98.31,14.85,27.81
4489,2242.83,35.94,8.74,18.0,98.28,14.53,27.85
4490,2205.53,35.99,8.98,18.46,98.26,14.78,28.04
4491,2205.3,36.17,9.87,19.43,98.24,14.68,28.06
4492,2223.59,36.22,8.69,17.66,98.25,14.56,28.13
4493,2252.12,36.1,9.44,16.83,98.21,14.87,28.24
4494,2264.9,35.89,9.04,16.91,98.21,14.37,28.18
4495,2241.23,35.87,8.92,16.07,98.21,14.82,28.06
4496,2241.05,35.78,10.57,16.59,98.18,14.86,28.09
4497,2275.37,35.87,9.45,16.65,98.21,14.67,28.01
4498,2265.96,35.77,9.98,16.08,98.23,14.75,28.03
4499,2282.43,35.56,10.89,15.26,98.25,14.66,27.99
4500,2293.68,35.49,10.26,12.92,98.27,14.57,27.88
4501,2305.99,35.56,9.74,14.14,98.31,14.48,28.05
4502,2310.22,35.58,9.49,14.93,98.31,14.88,27.91
4503,2320.34,35.6,9.0,13.02,98.31,14.65,27.99
4504,2285.55,35.78,9.25,14.65,98.27,14.85,28.0
4505,2314.35,35.6,10.05,14.36,98.25,14.82,27.91
4506,2273.74,35.74,9.83,14.23,98.25,14.64,27.87
4507,2279.26,35.44,10.59,14.62,98.26,14.72,27.77
4508,2277.19,35.45,11.66,16.09,98.26,14.64,27.79
4509,2263.98,35.46,11.85,17.11,98.25,14.4,27.78
4510,2245.95,35.52,12.12,18.79,98.24,14.67,27.76
4511,2260.1,35.45,11.43,18.93,98.25,14.57,27.63
4512,2276.72,35.43,9.19,17.48,98.3,14.7,27.88
4513,2272.1,35.24,9.74,17.65,98.28,14.55,27.86
4514,2264.88,35.29,10.43,18.48,98.28,14.73,27.9
4515,2290.6,35.38,10.63,19.99,98.37,14.61,27.89
4516,2279.4,35.43,11.32,19.66,98.36,14.6,27.86
4517,2277.35,35.48,10.78,18.86,98.37,14.42,28.01
4518,2271.98,35.4,11.12,17.43,98.36,14.67,27.83
4519,2323.66,35.82,12.4,21.43,98.35,14.68,27.8
4520,2302.92,35.89,12.74,19.48,98.32,14.5,27.66
4521,2317.43,35.71,13.55,18.76,98.34,14.64,27.64
4522,2279.0,35.6,14.28,19.45,98.36,14.49,27.58
4523,2259.82,35.57,12.88,18.56,98.37,14.77,27.5
4524,2256.9,35.69,13.23,18.43,98.33,14.76,27.55
4525,2257.2,35.6,12.41,18.45,98.35,14.73,27.3
4526,2254.03,35.56,11.29,16.49,98.36,14.85,27.28
4527,2255.06,35.63,10.97,16.98,98.42,14.68,27.29
4528,2244.13,35.55,12.28,17.04,98.43,14.35,27.16
4529,2274.23,35.6,11.64,16.1,98.46,14.54,27.36
4530,2253.38,35.46,10.07,15.53,98.51,14.79,27.35
4531,2269.41,35.39,8.91,14.78,98.56,15.02,27.35
4532,2281.58,35.29,9.4,16.42,98.56,14.81,27.38
4533,2259.42,35.28,8.86,16.91,98.55,14.88,27.34
4534,2250.91,35.21,7.33,16.46,98.55,14.93,27.46
4535,2250.33,35.17,6.47,14.29,98.52,14.63,27.69
4536,2283.93,35.24,6.99,14.78,98.53,14.7,27.73
4537,2271.91,35.13,7.92,14.33,98.54,14.9,27.83
4538,2340.9,35.07,7.76,15.64,98.56,14.84,27.94
4539,2344.92,35.22,8.58,17.1,98.52,14.91,27.98
4540,2340.59,35.29,9.49,17.27,98.51,14.93,28.15
4541,2348.29,35.42,8.98,18.33,98.51,14.51,28.21
4542,2301.75,35.22,8.99,18.48,98.53,14.65,28.15
4543,2319.64,35.33,8.66,20.12,98.55,15.0,28.13
4544,2285.74,35.38,9.25,20.04,98.6,14.53,27.99
4545,2300.0,35.38,8.84,19.33,98.58,14.66,28.01
4546,2282.93,35.38,7.99,19.08,98.56,14.67,27.77
4547,2265.11,35.57,8.33,20.08,98.53,14.85,27.68
4548,2302.91,35.83,9.52,21.61,98.54,14.78,27.7
4549,2298.7,35.86,10.01,19.84,98.54,14.82,27.58
4550,2266.4,35.82,10.82,20.32,98.51,14.77,27.61
4551,2287.23,35.59,11.48,20.5,98.53,14.88,27.61
4552,2261.57,35.61,11.38,20.63,98.49,14.6,27.6
4553,2289.49,35.41,10.77,19.3,98.53,15.09,27.54
4554,2286.11,35.42,10.01,18.79,98.53,14.67,27.68
4555,2256.77,35.27,8.73,18.32,98.52,14.71,27.73
4556,2271.64,34.96,9.81,18.54,98.55,14.54,27.79
4557,2279.57,35.14,9.65,17.8,98.63,14.79,27.7
4558,2233.54,35.2,8.35,15.53,98.69,14.79,27.72
4559,2233.75,34.98,9.49,15.95,98.72,14.54,27.77
4560,2241.87,35.09,9.67,17.92,98.74,14.65,27.88
4561,2247.37,34.98,10.47,17.41,98.73,15.11,27.78
4562,2244.64,35.16,10.3,18.06,98.71,14.69,27.75
4563,2260.76,35.17,9.64,17.74,98.72,14.87,27.66
4564,2271.66,35.22,10.06,18.11,98.71,14.53,27.62
4565,2270.74,35.26,10.49,18.77,98.74,14.91,27.51
4566,2264.42,35.24,10.22,18.12,98.75,14.82,27.4
4567,2266.01,35.09,11.25,18.17,98.76,14.88,27.47
4568,2252.95,35.16,11.91,19.39,98.77,14.91,27.44
4569,2233.05,35.12,12.17,19.4,98.77,14.97,27.46
4570,2212.02,34.88,11.06,18.54,98.76,14.58,27.44
4571,2213.08,34.75,9.94,17.22,98.75,14.9,27.6
4572,2199.63,34.83,10.94,16.82,98.79,14.66,27.57
4573,2199.84,34.57,9.08,14.54,98.77,14.57,27.54
4574,2229.61,34.54,9.09,14.37,98.74,14.9,27.51
4575,2223.43,34.3,9.28,14.8,98.75,15.02,27.44
4576,2223.47,34.06,8.94,13.58,98.73,14.57,27.47
4577,2215.62,33.97,9.0,12.6,98.73,14.76,27.38
4578,2239.69,33.98,9.42,13.52,98.74,14.9,27.38
4579,2266.94,33.88,8.98,14.8,98.71,14.61,27.53
4580,2247.33,33.71,9.76,15.94,98.69,14.71,27.64
4581,2256.21,34.02,10.38,16.86,98.68,14.97,27.53
4582,2291.63,34.1,10.22,16.03,98.71,15.27,27.6
4583,2258.37,34.29,9.62,17.2,98.72,14.72,27.67
4584,2272.39,34.32,9.58,15.96,98.71,14.57,27.62
4585,2231.39,34.44,11.36,16.99,98.71,14.5,27.67
4586,2231.81,34.59,10.68,17.25,98.72,14.67,27.55
4587,2229.43,34.64,11.85,17.57,98.71,14.87,27.74
4588,2195.99,34.71,10.29,17.25,98.72,14.66,27.73
4589,2223.55,34.87,9.64,18.24,98.68,14.82,27.64
4590,2229.59,35.04,9.32,18.37,98.74,14.56,27.63
4591,2214.32,35.16,10.21,17.89,98.73,14.62,27.54
4592,2227.49,35.39,10.35,18.32,98.75,14.73,27.53
4593,2251.74,35.55,11.45,17.99,98.78,14.86,27.49
4594,2221.31,35.89,11.22,18.57,98.77,14.52,27.42
4595,2166.4,35.75,11.06,16.72,98.75,14.35,27.53
4596,2181.47,35.89,10.77,16.99,98.8,14.49,27.64
4597,2181.45,36.05,12.41,18.65,98.77,14.85,27.66
4598,2222.75,35.96,11.28,16.75,98.79,14.92,27.68
4599,2224.36,35.97,10.76,16.8,98.79,14.64,27.79
4600,2240.39,36.18,10.02,18.55,98.77,14.4,27.83
4601,2245.0,36.25,10.53,18.3,98.8,14.7,27.74
4602,2222.15,36.35,9.63,16.64,98.78,14.49,27.69
4603,2233.92,36.3,11.14,16.85,98.74,14.59,27.7
4604,2216.61,36.23,11.11,16.29,98.78,14.5,27.73
4605,2200.57,36.22,11.35,15.44,98.78,14.59,27.74
4606,2192.5,36.26,11.62,16.1,98.8,15.21,27.74
4607,2183.81,36.28,11.47,15.12,98.81,14.37,27.66
4608,2195.84,36.3,11.44,15.49,98.82,15.23,27.69
4609,2202.9,36.34,11.41,16.92,98.79,14.65,27.68
4610,2222.2,36.27,11.7,17.16,98.83,14.12,27.91
4611,2202.16,36.36,10.94,17.24,98.8,14.33,27.95
4612,2210.53,36.29,10.07,16.34,98.8,14.42,27.97
4613,2212.95,36.21,10.73,17.34,98.79,14.53,28.19
4614,2227.85,36.07,10.67,17.17,98.78,14.36,28.18
4615,2241.32,36.07,9.01,16.32,98.79,14.27,28.23
4616,2250.85,36.03,8.74,15.6,98.77,14.26,28.04
4617,2236.37,35.99,10.11,15.49,98.8,14.3,28.14
4618,2244.68,36.1,10.03,16.96,98.83,14.59,28.13
4619,2241.79,36.22,9.68,16.66,98.81,14.64,28.18
4620,2274.27,36.01,8.53,16.11,98.76,14.6,28.1
4621,2278.65,36.06,8.26,16.85,98.74,14.84,28.08
4622,2281.28,36.0,7.52,15.61,98.74,14.62,27.96
4623,2255.94,35.9,8.12,15.21,98.75,14.27,28.1
4624,2246.16,35.63,8.35,15.77,98.78,14.57,28.14
4625,2254.16,35.55,8.23,15.93,98.79,14.47,28.05
4626,2254.63,35.61,7.84,16.1,98.79,14.67,28.14
4627,2256.41,35.81,9.38,17.9,98.79,14.55,28.12
4628,2222.95,35.54,8.88,17.15,98.81,14.37,28.13
4629,2212.54,35.54,8.44,16.92,98.82,14.55,28.16
4630,2213.89,35.48,8.4,16.45,98.87,14.44,28.14
4631,2244.33,35.43,8.48,16.72,98.85,14.64,27.89
4632,2209.71,35.53,9.07,16.83,98.9,14.45,27.92
4633,2196.37,35.46,9.91,16.62,98.9,14.11,27.87
4634,2168.63,35.59,10.67,17.59,98.86,14.62,27.85
4635,2188.13,35.35,12.55,17.06,98.89,14.77,27.8
4636,2221.73,35.33,10.94,16.37,98.92,14.43,27.56
4637,2235.22,35.46,11.1,17.11,98.96,14.69,27.54
4638,2251.7,35.55,10.62,17.45,99.0,14.58,27.42
4639,2233.79,35.47,12.17,16.82,99.0,14.59,27.38
4640,2245.86,35.4,12.1,16.34,99.01,14.9,27.46
4641,2233.16,35.43,10.28,15.62,98.98,14.54,27.54
4642,2237.65,35.23,10.6,16.13,98.98,14.5,27.5
4643,2250.82,35.29,10.78,17.27,99.01,14.56,27.63
4644,2245.8,35.16,11.31,17.32,99.02,14.4,27.72
4645,2262.85,35.05,10.59,17.69,99.01,14.44,27.65
4646,2257.55,34.97,10.79,18.58,99.07,14.74,27.56
4647,2260.01,34.7,10.49,18.51,99.07,14.61,27.41
4648,2294.43,34.71,9.9,17.9,99.09,14.36,27.45
4649,2297.63,34.89,10.26,18.92,99.11,14.4,27.39
4650,2274.94,34.79,10.35,16.8,99.14,14.21,27.47
4651,2260.09,34.67,11.14,17.37,99.19,14.23,27.45
4652,2273.63,34.57,11.04,17.06,99.16,14.21,27.4
4653,2288.63,34.52,11.41,17.4,99.17,14.3,27.41
4654,2278.98,34.39,10.28,16.9,99.18,14.35,27.36
4655,2240.59,34.3,11.35,16.89,99.18,14.55,27.37
4656,2218.9,34.37,10.61,17.14,99.2,14.56,27.44
4657,2222.23,34.26,11.26,16.96,99.19,14.5,27.46
4658,2234.35,34.47,11.43,17.91,99.2,14.5,27.45
4659,2254.13,34.59,11.45,16.83,99.17,14.36,27.44
4660,2211.0,34.64,11.92,16.72,99.14,14.58,27.25
4661,2230.8,34.6,10.01,15.03,99.14,14.29,27.28
4662,2258.82,34.57,9.53,16.45,99.14,14.52,27.32
4663,2206.86,34.56,10.17,17.46,99.12,14.46,27.38
4664,2210.05,34.59,11.69,17.06,99.13,14.16,27.53
4665,2227.46,34.49,11.49,17.39,99.12,14.59,27.54
4666,2198.86,34.53,9.4,17.59,99.12,14.47,27.68
4667,2191.13,34.36,9.19,16.75,99.14,14.34,27.69
4668,2204.64,34.19,9.2,17.06,99.2,14.48,27.77
4669,2195.84,34.33,10.22,18.14,99.23,14.63,27.72
4670,2190.64,34.21,10.22,17.77,99.2,14.54,27.67
4671,2198.61,34.39,9.25,18.2,99.18,14.59,27.62
4672,2177.88,34.38,10.08,18.04,99.15,14.57,27.78
4673,2162.55,34.46,10.56,18.51,99.15,14.51,27.96
4674,2180.24,34.55,9.97,18.06,99.11,14.48,28.04
4675,2205.17,34.51,10.54,18.32,99.07,14.08,28.2
4676,2216.91,34.71,10.14,20.05,99.11,14.64,28.07
4677,2245.83,34.63,9.87,17.04,99.12,14.46,27.97
4678,2251.53,34.54,9.45,14.78,99.09,14.56,27.9
4679,2284.76,34.5,9.24,15.27,99.09,14.8,27.86
4680,2284.45,35.53,10.56,21.71,99.11,14.54,27.9
4681,2290.87,36.1,9.37,17.73,99.1,14.55,27.76
4682,2302.2,36.51,10.55,17.28,99.1,14.39,27.84
4683,2298.72,37.72,11.28,24.84,99.11,14.44,27.99
4684,2295.49,38.2,11.13,19.5,99.09,14.39,28.07
4685,2297.62,39.43,11.72,25.19,99.1,14.47,28.13
4686,2310.1,40.1,11.24,21.2,99.11,14.66,28.09
4687,2377.25,40.79,10.25,20.37,99.12,15.01,27.95
4688,2438.16,42.07,10.27,24.03,99.12,14.88,27.94
4689,2454.78,43.24,9.45,22.43,99.16,14.53,28.09
4690,2471.23,43.92,8.91,18.52,99.18,14.68,28.09
4691,2456.94,44.96,8.4,20.29,99.17,14.32,28.04
4692,2473.88,45.95,10.22,20.39,99.18,14.78,28.13
4693,2499.01,47.11,9.95,21.77,99.18,14.52,28.19
4694,2531.54,47.64,10.4,18.9,99.17,14.72,28.1
4695,2561.6,48.32,11.81,20.19,99.23,14.89,28.08
4696,2606.3,48.76,12.76,20.2,99.24,14.72,28.04
4697,2662.31,49.76,12.99,23.75,99.23,14.6,28.04
4698,2609.32,51.13,13.41,26.19,99.27,14.54,28.16
4699,2611.73,52.3,14.09,24.08,99.29,14.35,28.07
4700,2598.19,53.59,16.33,26.18,99.3,14.68,28.18
4701,2599.18,54.02,16.56,23.12,99.32,14.65,28.16
4702,2577.79,54.98,17.25,27.35,99.33,14.42,28.28
4703,2584.14,56.07,19.24,29.02,99.4,14.75,28.3
4704,2590.23,56.64,19.18,25.26,99.36,14.81,28.29
4705,2619.89,57.53,20.01,29.17,99.35,14.77,28.34
4706,2631.25,57.97,19.99,26.44,99.35,14.55,28.31
4707,2647.83,58.58,20.07,27.33,99.34,14.59,28.13
4708,2637.56,59.34,19.08,27.46,99.35,14.97,28.06
4709,2665.77,60.03,18.03,28.5,99.41,14.38,28.05
4710,2645.26,61.07,17.78,30.5,99.43,14.93,27.92
4711,2644.8,61.79,18.52,29.3,99.46,14.47,27.88
4712,2664.07,62.36,19.08,28.59,99.48,14.76,27.74
4713,2655.32,63.03,20.04,29.59,99.52,14.39,27.68
4714,2656.58,64.03,20.02,31.35,99.52,14.38,27.68
4715,2660.49,64.67,20.26,30.46,99.51,14.46,27.74
4716,2692.76,65.31,20.51,30.8,99.55,15.04,27.74
4717,2714.0,66.24,20.36,31.51,99.56,14.98,27.72
4718,2759.96,67.42,20.2,33.68,99.58,14.83,27.66
4719,2820.11,67.94,18.81,29.43,99.6,14.67,27.67
4720,2846.06,69.28,19.05,34.99,99.65,14.58,27.58
4721,2857.31,70.28,19.16,32.89,99.68,14.88,27.48
4722,2889.5,71.32,20.28,33.48,99.68,14.8,27.5
4723,2896.28,72.2,21.31,33.68,99.73,14.82,27.51
4724,2923.17,73.2,21.44,36.06,99.76,14.9,27.51
4725,3003.64,74.61,23.32,38.23,99.76,14.85,27.76
4726,2956.5,75.8,23.42,36.92,99.77,14.84,27.73
4727,2930.18,77.08,24.26,37.45,99.75,14.71,27.67
4728,2901.64,78.18,24.03,35.56,99.75,14.92,27.65
4729,2874.11,78.95,22.84,31.58,99.77,14.94,27.55
4730,2869.92,79.57,22.28,31.0,99.79,14.87,27.61
4731,2834.58,80.46,23.45,32.77,99.79,14.8,27.54
4732,2820.01,78.78,22.63,26.63,99.81,14.95,27.57
4733,2779.0,77.52,21.71,27.03,99.82,14.77,27.45
4734,2794.69,75.59,21.22,26.5,99.88,15.13,27.36
4735,2862.08,74.73,20.46,26.19,99.9,15.41,27.21
4736,2878.36,73.01,21.01,25.46,99.92,14.99,27.16
4737,2864.47,71.47,22.03,25.16,99.92,15.03,27.28
4738,2894.8,70.46,21.43,26.27,99.92,15.03,27.33
4739,2905.01,69.19,21.3,26.72,99.91,14.84,27.47
4740,2957.63,68.7,21.51,28.04,99.91,15.08,27.53
4741,2981.31,67.51,21.0,27.23,99.9,14.99,27.57
4742,2978.79,65.78,19.71,26.89,99.87,14.92,27.73
4743,2946.56,64.26,18.91,27.1,99.85,14.89,27.72
4744,2915.52,62.32,18.8,27.13,99.83,15.28,27.71
4745,2892.86,60.72,18.67,27.94,99.88,14.86,27.72
4746,2866.7,59.09,16.77,27.11,99.93,15.22,27.87
4747,2816.97,57.8,16.13,26.38,99.93,14.82,27.82
4748,2756.59,56.93,15.3,23.84,99.92,14.91,27.72
4749,2766.35,56.07,15.83,24.31,99.93,14.79,27.71
4750,2732.24,55.02,15.02,24.17,99.98,14.66,27.66
4751,2705.78,53.99,14.47,24.54,99.99,14.99,27.71
4752,2648.87,52.1,13.91,23.19,100.02,15.03,27.76
4753,2640.63,51.32,14.42,23.19,100.03,14.93,27.69
4754,2699.06,49.94,15.0,22.32,100.05,15.04,27.79
4755,2719.71,48.12,15.12,21.13,100.1,15.11,27.64
4756,2733.1,46.8,15.69,21.76,100.05,14.94,27.66
4757,2734.69,44.79,16.27,22.81,100.06,15.01,27.64
4758,2722.72,43.24,14.33,22.83,100.05,14.92,27.85
4759,2716.7,42.42,14.49,23.04,100.07,14.95,27.84
4760,2697.42,40.67,13.84,23.96,100.09,15.22,27.78
4761,2659.72,39.04,12.51,22.66,100.08,15.04,27.76
4762,2602.22,38.24,12.05,22.67,100.11,14.64,27.88
4763,2564.77,36.46,12.45,21.33,100.16,14.93,27.9
4764,2540.25,35.14,13.37,19.02,100.17,15.0,27.86
4765,2509.07,33.79,11.93,17.92,100.15,14.85,27.9
4766,2486.93,32.44,12.18,17.78,100.15,15.09,27.92
4767,2465.71,31.69,13.48,18.36,100.18,15.22,28.0
4768,2422.39,29.84,14.5,18.31,100.15,14.88,27.94
4769,2379.93,30.91,11.75,23.98,100.18,14.76,28.01
4770,2351.05,31.67,13.63,24.03,100.18,14.83,28.02
4771,2313.46,32.63,14.48,26.06,100.15,14.64,27.95
4772,2311.87,33.35,12.51,23.25,100.16,15.17,27.97
4773,2325.26,34.11,12.0,21.55,100.16,14.84,28.07
4774,2338.27,35.24,13.37,23.78,100.1,14.87,28.06
4775,2346.51,36.34,13.9,25.14,100.08,14.61,28.0
4776,2342.17,37.12,13.47,22.76,100.12,14.78,27.95
4777,2341.17,37.98,13.65,23.98,100.13,15.19,27.96
4778,2351.63,39.21,14.4,27.17,100.16,14.54,27.8
4779,2351.63,39.64,13.79,22.13,100.15,15.12,27.64
4780,2377.24,40.57,13.86,25.39,100.15,14.61,27.71
4781,2340.43,40.94,14.48,21.63,100.14,15.11,27.88
4782,2356.86,41.54,13.87,24.55,100.15,14.74,27.73
4783,2388.37,42.45,12.98,25.59,100.15,14.39,27.75
4784,2467.18,42.94,12.54,24.08,100.16,14.89,27.71
4785,2489.97,43.67,12.09,26.12,100.18,14.74,27.63
4786,2513.39,44.17,11.8,25.11,100.2,14.89,27.61
4787,2519.16,44.72,10.67,24.82,100.24,14.77,27.5
4788,2581.41,45.74,11.48,27.11,100.28,15.2,27.48
4789,2591.07,46.73,12.71,26.7,100.28,14.74,27.48
4790,2660.12,47.39,12.33,24.38,100.3,14.91,27.41
4791,2667.57,47.88,12.03,23.73,100.29,15.03,27.21
4792,2715.36,49.17,12.56,29.71,100.28,14.98,27.31
4793,2665.78,50.46,12.48,29.84,100.31,14.88,27.28
4794,2616.91,51.4,13.76,28.23,100.33,14.83,27.29
4795,2610.86,52.58,13.56,30.49,100.33,15.04,27.29
4796,2617.99,53.97,13.79,30.33,100.35,14.94,27.3
4797,2596.46,54.59,13.44,23.95,100.38,15.04,27.41
4798,2586.89,55.87,14.89,27.6,100.41,14.78,27.32
4799,2574.63,56.76,15.03,26.17,100.42,14.96,27.19
4800,2580.28,57.47,16.85,24.6,100.39,14.85,27.17
4801,2561.76,58.14,17.17,24.65,100.36,14.77,27.21
4802,2516.96,58.84,18.13,24.65,100.4,14.51,27.11
4803,2499.38,59.99,18.06,27.75,100.4,15.14,27.04
4804,2519.65,60.65,17.26,24.75,100.41,15.05,27.06
4805,2526.09,61.97,17.62,29.44,100.37,14.89,26.96
4806,2555.24,63.04,17.32,27.95,100.36,15.04,26.92
4807,2573.48,63.33,15.61,23.48,100.38,14.67,27.0
4808,2588.11,63.88,16.62,26.74,100.38,14.99,26.95
4809,2604.14,64.38,16.73,27.56,100.38,14.79,27.06
4810,2655.88,65.66,16.65,32.34,100.39,14.85,27.08
4811,2691.67,66.87,17.43,31.87,100.37,14.69,27.11
4812,2753.48,67.8,17.74,30.89,100.38,14.94,27.1
4813,2781.49,68.52,19.02,31.83,100.39,14.89,26.89
4814,2769.77,69.46,19.52,33.24,100.47,15.04,26.82
4815,2782.27,70.7,19.66,35.86,100.46,15.2,26.74
4816,2821.01,71.75,20.39,35.73,100.46,14.93,26.86
4817,2861.25,72.68,20.42,35.74,100.47,14.96,26.73
4818,2883.14,73.47,20.58,35.94,100.42,15.08,26.77
4819,2900.3,73.95,21.4,33.35,100.43,14.74,26.65
4820,2920.84,74.46,20.24,32.36,100.45,15.1,26.67
4821,2882.56,75.21,19.58,33.43,100.47,15.04,26.67
4822,2854.77,76.28,19.52,36.12,100.45,15.05,26.81
4823,2813.64,77.47,19.66,37.58,100.47,15.32,26.9
4824,2808.01,78.33,20.78,35.96,100.47,14.95,26.99
4825,2804.11,78.79,19.54,33.6,100.48,15.12,27.05
4826,2797.0,79.73,19.79,36.13,100.44,15.24,27.02
4827,2781.66,80.48,19.51,34.14,100.47,15.13,27.27
4828,2799.08,81.38,21.15,34.75,100.52,14.83,27.22
4829,2829.03,81.84,21.77,32.4,100.51,15.1,27.11
4830,2821.03,82.25,21.79,31.79,100.54,15.43,27.16
4831,2815.83,83.74,22.95,39.55,100.58,15.02,27.16
4832,2834.73,84.3,21.71,34.03,100.57,15.1,27.17
4833,2821.41,85.04,23.38,35.68,100.52,14.7,27.2
4834,2812.89,86.6,23.02,40.58,100.53,14.98,26.97
4835,2820.91,87.37,23.99,35.92,100.52,14.9,27.09
4836,2851.0,88.5,24.5,37.13,100.49,15.33,27.01
4837,2856.86,89.51,24.69,35.81,100.48,15.48,27.09
4838,2883.49,90.69,25.73,38.19,100.5,15.08,26.96
4839,2870.66,91.76,26.45,37.72,100.51,15.06,27.0
4840,2914.7,92.57,26.27,35.5,100.54,15.26,26.97
4841,2972.13,93.4,25.7,36.86,100.52,15.3,26.99
4842,2977.36,94.08,25.57,37.33,100.49,15.01,26.97
4843,3009.89,94.38,25.09,35.88,100.44,15.01,26.97
4844,3027.18,94.98,25.18,38.02,100.41,14.88,26.88
4845,3050.51,95.52,25.77,38.14,100.39,15.59,26.91
4846,3065.24,95.96,25.82,37.48,100.41,15.27,26.94
4847,3077.22,96.08,25.48,35.56,100.42,15.16,27.01
4848,3077.58,96.31,24.56,36.24,100.38,15.13,27.07
4849,3073.27,96.49,24.49,36.25,100.34,15.01,27.09
4850,3112.62,96.42,22.73,34.86,100.31,15.35,26.97
4851,3091.46,96.54,21.91,32.58,100.31,15.09,26.98
4852,3106.54,96.59,22.28,33.27,100.31,15.28,27.28
4853,3119.37,96.72,22.87,34.11,100.37,15.23,27.36
4854,3130.55,96.65,22.61,32.2,100.37,15.08,27.09
4855,3154.5,96.65,22.55,32.44,100.38,15.31,27.14
4856,3154.09,96.48,22.63,32.68,100.38,15.17,27.17
4857,3174.17,96.45,22.95,31.71,100.35,15.26,27.14
4858,3218.41,96.51,22.57,31.76,100.35,15.09,27.08
4859,3214.4,96.67,21.65,31.23,100.34,15.46,27.05
4860,3174.05,96.86,21.94,30.83,100.34,15.31,27.05
4861,3176.8,96.76,23.36,30.82,100.37,15.28,26.97
4862,3177.23,96.84,22.37,30.63,100.37,15.26,27.1
4863,3190.22,96.8,22.08,30.31,100.44,15.33,27.11
4864,3153.58,96.83,21.62,30.84,100.42,15.56,27.01
4865,3168.96,96.94,23.49,31.87,100.42,15.3,27.11
4866,3166.69,96.81,22.42,31.49,100.45,15.54,26.95
4867,3189.68,96.97,22.18,33.56,100.5,15.68,26.89
4868,3182.99,96.93,21.72,32.99,100.57,15.36,26.93
4869,3204.74,96.98,20.61,33.34,100.55,15.17,27.12
4870,3175.89,97.01,19.57,33.28,100.59,15.21,27.02
4871,3182.49,97.28,20.26,35.24,100.59,15.16,26.85
4872,3168.15,97.15,20.85,34.23,100.61,15.29,26.76
4873,3165.98,97.36,20.48,34.36,100.6,15.13,26.77
4874,3229.03,97.49,21.68,34.46,100.58,15.33,26.81
4875,3209.32,97.31,19.77,33.05,100.6,15.4,27.0
4876,3203.1,97.2,18.84,32.51,100.6,15.15,27.15
4877,3181.98,97.16,18.34,33.98,100.58,15.52,27.19
4878,3180.54,97.2,18.57,33.93,100.6,15.32,27.13
4879,3182.8,97.32,18.47,32.93,100.61,15.27,27.23
4880,3172.91,97.27,18.52,32.13,100.64,15.33,27.17
4881,3210.31,97.16,19.1,33.04,100.64,15.52,27.12
4882,3235.17,97.26,20.46,33.54,100.65,15.25,27.06
4883,3214.97,97.27,21.12,33.06,100.6,15.34,26.95
4884,3232.09,97.1,21.1,32.94,100.62,15.22,26.93
4885,3221.12,97.13,20.99,32.94,100.59,15.34,26.9
4886,3196.77,97.11,21.83,32.49,100.61,15.19,26.98
4887,3185.66,96.95,23.2,33.75,100.65,15.53,27.0
4888,3164.94,96.84,23.44,35.26,100.67,15.46,26.89
4889,3191.14,96.98,22.82,35.19,100.69,15.16,26.8
4890,3176.45,96.65,22.79,33.18,100.72,14.92,26.85
4891,3206.72,96.56,23.01,33.04,100.7,15.57,26.82
4892,3209.78,96.52,22.31,33.8,100.71,15.35,26.74
4893,3202.04,96.62,22.86,34.28,100.76,15.47,26.68
4894,3193.74,96.73,22.89,34.61,100.77,15.5,26.7
4895,3232.12,96.82,23.62,34.15,100.79,15.42,26.83
4896,3230.65,96.9,22.57,34.97,100.82,15.41,26.79
4897,3218.92,96.99,21.01,34.04,100.86,15.15,26.85
4898,3235.68,96.97,20.64,33.54,100.93,15.47,26.95
4899,3245.72,97.2,20.77,34.36,100.92,15.49,26.88
4900,3222.2,97.09,19.3,31.59,100.93,15.26,26.81
4901,3220.81,96.89,18.93,31.41,100.92,15.48,26.82
4902,3183.84,96.94,20.14,32.09,100.97,15.37,26.71
4903,3187.68,97.04,20.65,33.27,100.95,15.45,26.75
4904,3198.21,97.1,20.78,31.79,100.95,15.31,26.83
4905,3209.93,97.14,19.93,30.76,100.96,15.08,26.93
4906,3191.51,97.15,20.99,30.45,100.95,15.26,26.87
4907,3179.96,96.96,20.6,30.4,100.96,15.55,26.85
4908,3189.7,96.97,20.67,29.83,100.95,15.71,26.96
4909,3218.13,96.92,20.98,30.07,100.97,15.27,27.14
4910,3219.52,96.86,21.07,29.77,100.96,15.25,27.22
4911,3208.24,96.91,22.23,30.54,100.99,15.5,27.13
4912,3229.58,97.06,22.59,30.95,101.05,15.35,27.19
4913,3230.92,96.93,22.65,29.54,101.11,15.47,27.11
4914,3233.14,96.97,22.38,30.14,101.03,15.29,27.18
4915,3247.01,96.83,22.54,31.02,101.06,15.32,27.11
4916,3242.0,97.09,22.29,33.19,101.06,15.24,26.91
4917,3221.31,97.21,22.33,33.21,101.08,15.27,26.89
4918,3219.85,97.51,22.03,35.16,101.09,15.38,26.97
4919,3244.16,97.63,21.55,33.79,101.09,15.24,27.03
4920,3281.35,97.82,20.82,35.45,101.12,15.27,27.06
4921,3251.72,97.9,20.63,35.08,101.2,15.1,27.11
4922,3282.92,97.89,20.36,33.74,101.18,15.59,27.15
4923,3270.78,97.99,21.91,34.33,101.19,15.31,27.15
4924,3267.99,97.94,22.57,33.98,101.19,15.41,27.08
4925,3298.71,97.84,22.27,34.57,101.2,15.28,27.13
4926,3282.34,97.61,21.77,34.01,101.24,15.48,27.32
4927,3271.22,97.7,22.19,33.87,101.22,15.44,27.34
4928,3254.55,97.69,23.58,34.34,101.28,15.53,27.4
4929,3253.19,97.53,23.92,33.56,101.31,15.72,27.44
4930,3256.57,97.4,22.21,33.13,101.31,15.34,27.44
4931,3239.53,97.35,22.73,33.26,101.31,15.31,27.37
4932,3267.57,97.34,23.35,32.61,101.35,15.48,27.44
4933,3248.51,97.36,24.84,34.58,101.38,15.47,27.42
4934,3257.26,97.53,24.3,35.27,101.41,15.55,27.39
4935,3255.89,97.68,24.11,34.19,101.45,15.83,27.3
4936,3279.36,97.77,24.17,34.03,101.41,15.45,27.32
4937,3258.01,97.6,23.2,31.74,101.38,15.13,27.31
4938,3267.27,97.77,22.34,32.83,101.38,15.41,27.32
4939,3312.67,97.86,22.54,33.41,101.36,15.4,27.11
4940,3274.54,97.87,21.12,34.19,101.38,15.42,27.18
4941,3251.63,97.8,20.01,33.58,101.39,15.61,27.18
4942,3291.68,97.83,20.74,33.59,101.41,15.37,27.09
4943,3281.74,97.67,21.12,33.61,101.41,15.45,27.13
4944,3278.31,97.67,22.07,34.94,101.45,15.4,27.01
4945,3266.47,97.66,22.3,35.2,101.47,15.27,27.18
4946,3295.48,97.56,22.13,35.71,101.45,15.03,27.22
4947,3254.84,97.33,23.01,36.21,101.52,15.43,27.05
4948,3276.1,97.26,22.42,36.23,101.56,15.28,27.07
4949,3240.46,97.34,22.01,35.16,101.56,15.31,27.08
4950,3207.38,97.27,21.81,33.22,101.56,15.5,27.08
4951,3187.24,96.97,22.04,31.97,101.57,15.4,27.0
4952,3189.33,97.11,21.9,31.92,101.57,15.33,27.0
4953,3178.96,97.09,20.57,29.84,101.55,15.34,26.9
4954,3168.47,97.02,20.35,31.2,101.55,15.49,26.8
4955,3156.88,97.2,20.43,31.79,101.53,15.49,27.0
4956,3147.94,97.41,20.65,32.21,101.56,15.33,26.99
4957,3139.61,97.41,20.28,30.62,101.56,15.82,26.87
4958,3155.73,97.38,20.71,31.06,101.58,15.37,26.81
4959,3152.09,97.42,19.42,30.88,101.58,15.42,26.86
4960,3108.66,97.47,19.9,30.11,101.55,15.46,26.75
4961,3124.85,97.75,21.54,32.72,101.58,15.25,26.8
4962,3155.04,97.9,21.05,31.51,101.53,15.49,26.78
4963,3160.47,97.82,21.05,30.17,101.53,15.63,26.73
4964,3145.43,97.81,20.81,29.91,101.53,15.49,26.64
4965,3171.8,97.63,20.6,30.67,101.5,15.66,26.61
4966,3151.98,97.58,19.78,29.88,101.51,15.38,26.62
4967,3155.98,97.5,21.45,30.71,101.51,15.31,26.62
4968,3165.73,97.56,21.71,31.61,101.51,15.1,26.57
4969,3196.17,97.6,21.08,31.63,101.53,15.42,26.59
4970,3213.08,97.78,20.49,32.57,101.55,15.28,26.69
4971,3220.93,97.75,20.56,30.54,101.51,15.52,26.51
4972,3241.06,97.74,18.83,30.18,101.52,15.7,26.57
4973,3216.7,97.62,19.85,29.86,101.5,15.33,26.42
4974,3249.98,97.56,19.51,28.72,101.51,15.15,26.34
4975,3186.11,97.55,19.93,28.47,101.49,15.21,26.36
4976,3221.22,97.75,20.44,29.86,101.52,15.47,26.35
4977,3206.44,97.7,21.23,31.32,101.55,15.22,26.29
4978,3218.46,97.8,21.62,32.92,101.57,15.16,26.47
4979,3250.08,97.7,22.11,33.22,101.53,15.52,26.55
4980,3259.84,97.64,22.77,33.18,101.49,15.21,26.43
4981,3264.66,97.71,22.33,33.31,101.5,15.13,26.33
4982,3279.06,97.68,23.88,35.44,101.5,15.35,26.35
4983,3244.13,97.53,23.83,34.66,101.5,15.36,26.42
4984,3216.57,97.5,23.48,34.5,101.52,15.32,26.53
4985,3224.1,97.43,22.52,35.42,101.5,15.26,26.61
4986,3221.06,97.4,22.15,34.55,101.52,15.11,26.67
4987,3215.54,97.22,22.31,34.54,101.55,15.07,26.61
4988,3241.08,97.02,22.21,34.45,101.53,15.39,26.66
4989,3262.1,97.07,23.52,34.58,101.47,15.09,26.6
4990,3239.15,97.18,22.96,35.1,101.48,15.01,26.68
4991,3246.29,97.11,23.26,33.69,101.53,15.37,26.73
4992,3211.5,96.95,22.08,33.61,101.58,15.45,26.65
4993,3181.39,97.01,23.7,34.65,101.59,15.05,26.72
4994,3168.28,96.87,22.42,34.34,101.57,15.38,26.94
4995,3173.76,96.77,23.88,34.64,101.59,14.8,26.96
4996,3167.01,96.94,23.52,35.71,101.62,15.17,27.01
4997,3183.06,97.07,21.49,35.35,101.62,15.28,27.01
4998,3187.55,96.94,22.47,33.78,101.63,15.29,27.02
4999,3213.21,96.71,22.34,32.85,101.65,15.44,26.87
5000,3223.86,96.66,21.78,33.09,101.64,15.13,26.88
5001,3201.24,96.57,22.16,33.69,101.63,15.56,26.88
5002,3220.16,96.49,22.52,33.91,101.61,15.22,27.02
5003,3200.99,96.37,22.63,34.45,101.65,15.48,26.89
5004,3210.34,96.47,23.37,35.02,101.67,15.13,26.88
5005,3200.66,96.55,23.32,35.65,101.64,15.08,26.95
5006,3229.18,96.71,23.63,36.15,101.66,15.22,26.88
5007,3242.53,96.88,22.98,35.38,101.68,15.15,26.89
5008,3226.04,96.95,23.38,35.83,101.7,15.08,26.8
5009,3216.99,96.77,22.67,35.49,101.72,15.18,26.74
5010,3281.28,96.58,21.55,34.82,101.74,15.47,26.63
5011,3246.63,96.61,21.29,34.29,101.74,15.39,26.54
5012,3227.45,96.68,21.01,34.61,101.77,15.19,26.43
5013,3212.13,96.73,21.73,33.89,101.74,15.22,26.52
5014,3189.4,96.94,20.54,34.4,101.76,15.18,26.48
5015,3172.52,97.09,21.49,34.2,101.75,15.61,26.45
5016,3176.62,97.11,20.9,33.24,101.8,15.4,26.4
5017,3191.85,97.26,18.97,31.83,101.79,15.45,26.4
5018,3162.78,97.05,18.16,29.82,101.78,15.33,26.34
5019,3159.14,97.0,18.14,30.05,101.83,14.87,26.3
5020,3149.23,96.75,18.73,31.03,101.9,15.19,26.31
5021,3133.22,96.72,18.79,30.88,101.91,15.07,26.46
5022,3162.29,96.69,17.99,31.23,101.92,15.34,26.48
5023,3152.22,96.68,17.61,29.92,101.9,15.2,26.41
5024,3131.41,96.75,16.97,29.71,101.87,15.14,26.4
5025,3158.02,96.62,17.53,29.89,101.91,14.98,26.16
5026,3188.33,96.53,17.74,30.1,101.91,15.11,26.17
5027,3195.04,96.64,18.56,31.73,101.92,15.05,26.15
5028,3177.06,96.67,17.34,30.49,101.9,15.48,26.13
5029,3174.37,96.58,17.22,30.1,101.91,15.05,26.03
5030,3165.54,96.73,19.24,32.2,101.9,15.08,26.06
5031,3170.89,96.94,19.98,32.53,101.91,15.15,26.2
5032,3190.06,96.72,19.79,30.62,101.95,15.46,26.37
5033,3192.09,96.83,19.12,31.45,101.93,14.91,26.31
5034,3194.39,96.77,20.14,30.51,101.95,15.07,26.32
5035,3186.35,96.71,21.4,32.07,101.98,15.15,26.25
5036,3203.0,96.81,20.44,31.09,101.99,15.21,26.37
5037,3211.37,96.83,19.61,30.14,102.0,15.19,26.38
5038,3174.75,96.87,19.93,31.55,101.96,15.48,26.35
5039,3144.26,96.91,20.31,33.04,101.94,15.21,26.38
5040,3143.59,95.95,20.69,32.68,101.95,15.19,26.35
5041,3166.48,95.06,22.11,33.97,102.03,16.12,26.46
5042,3187.07,94.19,21.13,34.05,101.99,15.26,26.49
5043,3191.27,92.53,21.02,33.34,101.99,15.42,26.37
5044,3174.36,91.81,21.46,33.58,101.96,15.3,26.29
5045,3187.1,90.35,21.81,32.86,101.92,15.06,26.46
5046,3150.35,89.2,21.03,31.05,101.92,15.34,26.47
5047,3120.93,87.76,20.33,30.88,101.92,15.13,26.53
5048,3071.35,87.1,19.81,30.78,101.93,15.31,26.49
5049,3047.42,86.31,21.06,30.15,101.9,15.23,26.47
5050,3011.32,84.93,20.02,29.36,101.89,14.96,26.56
5051,3023.59,83.69,19.58,28.27,101.89,15.26,26.5
5052,3024.08,81.81,20.03,28.0,101.92,15.16,26.63
5053,2993.28,80.22,18.92,27.06,101.97,15.13,26.65
5054,2977.2,80.97,19.38,32.35,101.92,15.08,26.58
5055,2942.99,81.44,17.95,29.81,101.96,15.03,26.59
5056,2877.39,82.23,18.5,30.79,101.97,15.2,26.55
5057,2859.0,83.14,18.96,33.15,102.01,15.0,26.58
5058,2877.86,84.45,19.69,36.48,102.05,15.08,26.75
5059,2892.63,85.81,19.56,37.57,102.09,14.86,26.73
5060,2891.54,86.56,20.03,34.59,102.11,15.1,26.75
5061,2916.68,87.55,20.38,37.03,102.13,15.34,26.79
5062,2916.9,88.2,21.61,35.74,102.1,15.03,26.76
5063,2905.6,88.73,22.13,35.41,102.1,15.19,26.75
5064,2937.71,90.07,21.36,40.25,102.12,15.06,26.67
5065,2939.21,90.31,20.61,32.93,102.08,15.33,26.72
5066,2976.05,91.14,20.42,37.21,102.09,15.0,26.63
5067,2951.64,92.28,21.06,38.97,102.07,14.96,26.6
5068,2961.74,93.09,21.21,37.15,102.12,14.92,26.67
5069,2996.28,93.8,21.3,36.96,102.16,14.95,26.73
5070,3026.68,94.31,23.68,37.1,102.24,14.97,26.7
5071,3040.23,94.77,23.14,35.79,102.24,15.18,26.82
5072,3063.74,95.15,24.15,35.89,102.24,15.29,26.74
5073,3081.75,95.33,23.73,33.83,102.29,15.32,26.85
5074,3064.77,95.48,21.71,32.94,102.25,15.2,26.82
5075,3072.94,95.6,21.78,33.39,102.3,15.19,26.85
5076,3092.38,95.69,22.57,34.79,102.29,15.24,26.82
5077,3115.84,95.94,22.97,36.37,102.3,14.92,26.75
5078,3124.91,95.97,22.93,35.49,102.3,15.35,26.9
5079,3123.59,96.14,22.77,35.31,102.32,15.16,27.04
5080,3106.26,96.04,22.13,34.2,102.28,15.07,26.99
5081,3133.3,96.1,22.7,33.94,102.27,14.84,27.0
5082,3154.76,96.18,22.16,34.77,102.28,15.09,27.01
5083,3179.65,96.05,21.46,33.18,102.33,15.34,27.15
5084,3160.45,96.15,21.73,33.06,102.34,15.09,27.0
5085,3167.02,95.97,21.35,32.81,102.34,15.02,27.08
5086,3156.66,95.95,22.27,34.29,102.34,15.36,26.98
5087,3162.75,96.04,22.49,35.53,102.33,15.06,26.76
5088,3226.07,96.33,21.81,36.43,102.33,15.4,26.69
5089,3241.21,96.45,20.81,34.18,102.32,15.17,26.93
5090,3221.08,96.46,20.31,32.83,102.31,15.39,26.89
5091,3214.92,96.67,22.3,34.85,102.31,15.42,26.98
5092,3206.82,96.54,21.92,33.24,102.25,15.29,27.04
5093,3209.33,96.46,22.38,32.6,102.28,15.11,27.04
5094,3177.91,96.37,21.13,32.93,102.28,15.2,27.07
5095,3187.74,96.51,20.26,34.37,102.29,15.15,26.92
5096,3147.26,96.45,20.13,34.56,102.34,15.07,26.9
5097,3121.35,96.46,21.52,33.57,102.39,15.21,27.07
5098,3171.31,96.27,20.37,32.6,102.41,15.09,27.04
5099,3167.62,96.33,19.9,32.92,102.41,14.91,27.04
5100,3200.53,96.38,20.69,33.18,102.39,15.07,27.03
5101,3183.95,96.13,21.93,32.88,102.35,14.91,27.27
5102,3143.17,95.96,22.12,32.08,102.37,14.94,27.27
5103,3129.3,96.1,22.55,32.29,102.39,15.03,27.4
5104,3191.38,95.99,21.61,32.92,102.43,15.0,27.41
5105,3162.65,95.87,20.42,31.22,102.41,15.06,27.52
5106,3201.1,95.85,19.49,29.92,102.36,15.14,27.44
5107,3205.66,95.83,18.87,28.94,102.34,15.06,27.43
5108,3204.97,95.76,19.19,29.35,102.39,15.28,27.38
5109,3187.51,95.97,18.44,30.23,102.4,15.02,27.41
5110,3168.9,95.83,18.82,29.43,102.41,14.98,27.5
5111,3182.28,95.91,18.76,29.56,102.4,14.97,27.52
5112,3209.53,96.08,18.55,30.36,102.36,14.99,27.62
5113,3211.44,96.2,19.5,30.57,102.35,15.2,27.58
5114,3224.05,96.28,18.86,31.46,102.33,15.03,27.55
5115,3212.52,96.4,20.22,33.52,102.35,15.22,27.57
5116,3255.01,96.5,20.95,33.68,102.42,15.26,27.59
5117,3253.08,96.51,20.11,33.42,102.38,15.33,27.56
5118,3287.04,96.35,21.1,33.87,102.4,15.01,27.44
5119,3255.87,96.21,20.14,33.82,102.45,15.07,27.56
5120,3246.89,96.04,21.19,34.31,102.41,15.24,27.53
5121,3261.49,96.05,21.38,34.9,102.43,15.13,27.6
5122,3255.07,96.01,20.01,34.75,102.46,14.99,27.58
5123,3256.79,96.03,19.02,34.63,102.52,15.42,27.62
5124,3228.48,96.08,18.85,34.46,102.5,15.24,27.64
5125,3215.89,96.18,19.74,35.65,102.55,14.75,27.61
5126,3195.67,96.22,19.69,34.86,102.54,15.05,27.65
5127,3194.13,96.3,19.64,34.41,102.56,15.13,27.86
5128,3190.55,96.24,19.74,32.64,102.57,15.08,27.87
5129,3180.18,96.23,18.21,32.24,102.55,14.94,27.94
5130,3193.79,95.98,19.08,33.02,102.54,15.1,27.95
5131,3172.62,96.16,20.36,33.07,102.53,15.11,27.96
5132,3132.89,96.21,21.02,31.94,102.57,15.39,27.96
5133,3129.91,96.25,20.64,32.29,102.61,15.17,27.94
5134,3182.08,96.39,19.97,32.75,102.64,15.6,27.97
5135,3194.78,96.5,19.21,32.35,102.64,15.32,27.82
5136,3179.0,96.65,18.5,32.9,102.64,14.94,27.84
5137,3191.74,96.67,20.51,32.8,102.65,14.82,27.83
5138,3190.96,96.59,20.44,32.87,102.63,15.27,27.76
5139,3200.35,96.42,21.16,32.29,102.59,15.32,27.87
5140,3217.94,96.24,21.76,32.83,102.59,15.1,27.79
5141,3219.13,96.13,21.73,31.8,102.59,15.01,27.55
5142,3218.96,96.28,20.92,31.46,102.58,14.93,27.6
5143,3246.24,96.28,21.28,30.58,102.63,15.03,27.5
5144,3250.68,96.26,20.32,30.76,102.61,14.83,27.27
5145,3247.25,96.1,20.81,31.04,102.64,15.49,27.35
5146,3240.75,96.04,19.93,30.16,102.62,15.36,27.42
5147,3222.64,95.97,19.62,30.71,102.64,15.21,27.43
5148,3193.83,96.15,19.43,31.89,102.68,15.66,27.39
5149,3207.63,96.2,20.67,32.49,102.71,15.31,27.22
5150,3231.64,96.33,18.76,31.66,102.75,15.52,27.17
5151,3235.49,96.14,20.78,32.74,102.77,15.26,27.15
5152,3241.77,96.25,20.15,34.28,102.78,15.13,27.05
5153,3217.86,96.16,20.07,34.05,102.75,15.29,27.13
5154,3202.57,96.04,20.42,34.3,102.7,15.3,27.12
5155,3175.75,96.07,20.69,34.66,102.72,14.89,27.11
5156,3173.31,96.09,21.34,34.89,102.72,15.36,27.11
5157,3195.6,95.99,21.73,33.8,102.7,15.29,27.16
5158,3182.02,96.05,23.25,34.13,102.73,15.21,27.19
5159,3182.48,95.97,23.54,33.73,102.73,15.2,27.09
5160,3198.23,95.95,23.12,32.82,102.76,15.22,27.11
5161,3222.48,96.13,22.49,34.87,102.8,15.23,27.08
5162,3185.95,96.04,21.81,33.62,102.77,14.97,26.93
5163,3178.4,96.19,22.78,36.14,102.82,15.16,27.0
5164,3167.23,96.28,23.99,36.51,102.82,15.35,26.99
5165,3155.24,96.39,24.48,35.55,102.87,15.2,27.02
5166,3154.05,96.44,21.57,34.98,102.83,15.16,26.85
5167,3120.5,96.24,19.65,33.22,102.85,15.38,26.8
5168,3123.82,96.5,19.85,35.73,102.81,15.41,26.75
5169,3135.29,96.65,19.85,36.1,102.85,14.93,26.9
5170,3124.41,96.85,20.03,37.09,102.91,15.52,26.82
5171,3127.23,97.06,21.18,38.15,102.9,14.94,26.75
5172,3140.73,97.28,22.19,38.59,102.91,15.18,26.79
5173,3154.22,97.2,22.16,36.98,102.92,15.0,26.72
5174,3130.5,97.21,20.78,37.47,102.93,15.25,26.73
5175,3156.3,97.22,19.78,36.99,102.95,15.51,26.81
5176,3179.25,97.22,19.91,36.43,102.94,15.31,26.98
5177,3168.97,96.91,20.3,36.49,102.95,15.24,27.1
5178,3207.52,96.72,19.34,36.79,103.01,15.12,27.12
5179,3217.42,96.9,20.07,38.64,103.01,15.36,27.09
5180,3222.89,96.94,18.73,36.11,102.99,15.18,27.05
5181,3234.58,96.96,16.78,35.78,102.95,15.09,27.0
5182,3211.07,97.16,16.56,36.9,102.94,14.83,27.02
5183,3204.43,97.1,18.05,35.57,102.92,15.21,27.09
5184,3218.06,96.98,19.51,35.25,102.92,15.1,27.02
5185,3200.48,96.74,18.33,35.49,102.89,15.1,27.09
5186,3194.01,96.8,17.36,36.28,102.9,15.35,27.22
5187,3207.86,96.84,18.3,37.37,102.89,15.11,27.26
5188,3214.41,96.94,18.21,36.37,102.88,14.91,27.42
5189,3215.17,97.07,19.6,36.59,102.89,15.23,27.32
5190,3217.08,97.14,20.32,36.22,102.92,15.04,27.17
5191,3214.66,97.26,21.14,37.75,102.94,14.98,27.25
5192,3232.67,97.2,20.42,37.05,102.96,15.08,27.2
5193,3272.37,96.95,20.78,36.82,102.94,15.44,27.21
5194,3271.03,96.84,22.36,37.21,102.96,15.2,27.11
5195,3289.41,96.78,22.28,37.48,103.0,14.86,27.08
5196,3270.86,96.74,22.06,37.54,103.0,14.86,26.96
5197,3249.76,96.77,21.57,38.32,103.01,15.26,26.9
5198,3228.34,96.61,20.17,38.2,103.05,15.18,26.86
5199,3206.55,96.52,19.32,38.24,103.05,15.03,26.88
5200,3200.66,96.73,18.82,38.25,103.05,15.26,27.01
5201,3218.2,96.55,17.66,35.7,103.08,14.97,27.06
5202,3235.71,96.61,16.73,34.7,103.13,15.2,26.9
5203,3220.27,96.62,15.15,33.79,103.13,15.32,26.93
5204,3210.91,96.73,15.11,33.74,103.13,14.86,26.89
5205,3210.36,96.96,16.3,35.2,103.13,15.25,26.89
5206,3215.36,97.17,16.57,35.44,103.18,15.08,26.84
5207,3227.2,97.28,16.77,34.94,103.19,15.03,26.84
5208,3218.2,97.32,17.79,35.29,103.17,15.36,26.78
5209,3215.27,97.45,19.48,35.7,103.19,14.73,26.73
5210,3244.44,97.47,21.42,34.65,103.25,15.05,26.86
5211,3236.82,97.36,21.45,33.84,103.21,14.96,26.83
5212,3224.65,97.5,21.2,35.04,103.21,15.08,26.74
5213,3223.18,97.34,20.8,35.32,103.21,15.03,26.73
5214,3226.03,97.54,21.36,37.66,103.18,15.39,26.67
5215,3196.15,97.57,21.17,35.99,103.21,14.88,26.51
5216,3191.53,97.41,20.98,36.21,103.23,15.01,26.48
5217,3204.43,97.32,20.87,34.93,103.22,15.79,26.66
5218,3247.15,97.32,20.09,35.84,103.19,14.94,26.71
5219,3232.58,97.16,18.27,35.16,103.22,15.09,26.76
5220,3246.1,97.28,18.02,36.18,103.25,15.35,26.62
5221,3246.53,97.27,19.43,34.34,103.26,14.78,26.61
5222,3267.33,97.4,20.74,35.9,103.3,15.25,26.68
5223,3250.38,97.49,21.52,37.11,103.37,14.91,26.66
5224,3270.08,97.53,21.05,36.68,103.36,15.05,26.73
5225,3293.04,97.54,20.38,36.03,103.37,14.99,26.77
5226,3313.81,97.42,21.7,36.14,103.34,15.03,26.7
5227,3332.47,97.76,20.89,37.3,103.38,15.05,26.74
5228,3324.37,97.87,20.96,35.84,103.4,15.26,26.87
5229,3325.4,97.82,22.28,34.63,103.42,15.22,26.85
5230,3306.3,97.85,22.23,34.99,103.42,15.12,26.83
5231,3254.02,98.0,21.91,36.06,103.46,15.05,26.77
5232,3258.33,97.99,22.71,35.07,103.44,15.36,26.84
5233,3252.97,97.78,22.56,35.14,103.51,14.99,26.82
5234,3271.09,97.87,22.57,35.6,103.55,14.94,26.86
5235,3284.62,97.72,23.58,35.7,103.6,14.89,26.81
5236,3257.45,97.78,21.28,35.6,103.58,15.26,26.82
5237,3302.05,97.82,21.52,35.97,103.57,15.16,26.8
5238,3301.81,97.87,20.85,36.23,103.6,15.1,26.74
5239,3268.21,97.9,20.68,36.07,103.6,15.07,26.88
5240,3241.84,97.91,20.77,36.29,103.58,14.94,26.8
5241,3198.58,98.06,20.29,36.73,103.63,15.17,26.83
5242,3219.65,98.0,20.51,36.04,103.64,14.72,27.02
5243,3212.23,97.99,20.83,36.4,103.66,15.0,27.12
5244,3200.3,98.21,21.09,37.43,103.66,14.52,27.05
5245,3194.71,98.45,21.26,37.75,103.72,14.81,26.95
5246,3196.2,98.31,21.11,35.34,103.69,15.04,27.02
5247,3214.77,98.24,20.99,33.86,103.71,15.24,27.08
5248,3186.03,98.09,21.03,33.72,103.74,14.75,27.12
5249,3171.67,97.91,20.23,32.68,103.77,14.83,27.0
5250,3189.22,97.63,21.29,34.52,103.77,15.08,26.93
5251,3182.79,97.49,21.14,33.71,103.84,15.27,26.93
5252,3200.7,97.51,20.78,34.29,103.86,14.48,26.99
5253,3195.37,97.68,21.16,34.65,103.91,15.27,27.23
5254,3232.23,97.71,21.03,33.84,103.94,15.18,27.19
5255,3237.83,97.87,22.06,34.21,103.98,14.95,27.08
5256,3263.09,97.83,22.64,32.66,104.05,15.36,27.02
5257,3271.39,97.98,22.59,33.88,104.01,15.16,27.04
5258,3281.23,98.34,23.33,35.18,104.02,15.19,27.01
5259,3263.11,98.32,23.26,33.57,104.02,14.7,26.95
5260,3284.61,98.09,22.07,34.13,104.06,15.09,26.96
5261,3283.71,97.87,22.64,33.1,104.05,15.14,26.94
5262,3258.66,97.76,20.92,33.13,104.09,15.22,27.0
5263,3213.02,97.79,18.09,31.25,104.13,14.62,27.27
5264,3218.98,97.91,18.97,31.95,104.14,14.82,27.29
5265,3251.58,97.88,19.49,30.55,104.17,14.84,27.29
5266,3232.44,98.07,20.0,30.92,104.18,14.98,27.19
5267,3215.31,98.03,21.18,28.85,104.18,15.09,27.02
5268,3213.67,98.25,21.22,30.16,104.16,15.11,27.12
5269,3240.67,98.31,20.9,29.44,104.18,14.74,27.16
5270,3205.04,98.15,21.51,29.13,104.2,14.59,27.16
5271,3197.01,97.98,20.86,27.74,104.16,14.59,27.32
5272,3183.25,98.09,20.7,27.17,104.13,14.77,27.3
5273,3202.27,97.97,20.9,27.04,104.13,14.79,27.4
5274,3204.52,97.88,21.14,28.07,104.15,14.87,27.4
5275,3202.0,97.8,20.82,28.41,104.18,14.91,27.33
5276,3203.28,97.87,20.45,30.33,104.18,14.65,27.26
5277,3223.96,98.02,19.65,30.71,104.17,14.91,27.23
5278,3248.37,97.97,19.12,30.1,104.24,14.98,27.3
5279,3268.7,98.13,20.81,31.91,104.18,14.72,27.33
5280,3277.5,98.17,20.61,30.73,104.24,14.84,27.32
5281,3300.85,98.02,20.77,30.61,104.24,15.28,27.24
5282,3274.18,97.92,19.56,30.77,104.28,14.76,27.28
5283,3277.22,97.7,21.72,32.31,104.28,15.1,27.35
5284,3318.36,97.55,20.91,32.47,104.3,14.9,27.26
5285,3270.65,97.69,20.01,33.93,104.31,15.06,27.26
5286,3255.16,97.68,20.02,33.3,104.33,15.05,27.31
5287,3231.18,97.59,19.37,33.09,104.35,14.87,27.18
5288,3236.61,97.5,19.78,34.26,104.35,15.03,27.13
5289,3263.5,97.35,18.65,33.24,104.36,14.68,27.2
5290,3268.74,97.22,19.74,34.6,104.39,15.53,27.41
5291,3258.37,97.2,20.57,33.96,104.38,14.64,27.32
5292,3263.62,96.92,20.47,33.6,104.32,14.67,27.38
5293,3250.17,96.64,19.14,31.55,104.31,15.04,27.49
5294,3247.85,96.59,18.62,31.53,104.28,15.12,27.45
5295,3254.13,96.52,18.85,32.6,104.28,15.03,27.52
5296,3282.38,96.62,18.09,32.25,104.3,14.89,27.46
5297,3280.26,96.48,17.48,31.19,104.26,14.71,27.43
5298,3274.18,96.5,18.62,31.54,104.26,15.04,27.32
5299,3305.02,96.41,18.92,31.51,104.27,14.77,27.34
5300,3252.39,96.49,19.21,31.15,104.29,14.8,27.4
5301,3244.08,96.51,19.76,30.97,104.27,14.86,27.38
5302,3224.42,96.67,19.78,33.02,104.31,14.69,27.52
5303,3216.92,96.53,19.79,31.62,104.27,14.88,27.61
5304,3226.86,96.38,20.22,31.98,104.29,14.8,27.66
5305,3244.19,96.65,21.02,34.17,104.28,14.88,27.67
5306,3229.59,96.73,21.4,32.75,104.31,14.81,27.64
5307,3240.75,96.66,22.47,32.97,104.41,15.01,27.51
5308,3218.73,96.55,22.28,32.5,104.44,14.72,27.54
5309,3191.19,96.45,21.02,32.2,104.49,14.55,27.58
5310,3194.96,96.58,21.89,33.29,104.54,14.93,27.7
5311,3192.02,96.48,21.55,31.3,104.6,14.87,27.71
5312,3223.11,96.39,20.82,29.89,104.58,14.91,27.66
5313,3262.83,96.32,21.34,28.84,104.64,14.58,27.53
5314,3242.76,96.34,21.55,28.9,104.69,14.82,27.52
5315,3200.87,96.32,20.41,29.02,104.67,14.9,27.64
5316,3173.69,96.39,20.98,29.19,104.7,15.16,27.65
5317,3161.76,96.57,22.52,30.5,104.72,14.6,27.75
5318,3172.06,96.52,22.56,29.16,104.71,14.77,27.67
5319,3171.42,96.48,22.14,28.61,104.77,14.97,27.74
5320,3150.5,96.49,20.64,29.86,104.72,14.48,27.63
5321,3193.76,96.52,22.27,30.36,104.73,15.4,27.72
5322,3208.28,96.38,21.67,29.18,104.72,15.0,27.6
5323,3242.9,96.5,20.47,29.16,104.64,14.79,27.65
5324,3202.22,96.6,20.61,29.28,104.64,15.16,27.63
5325,3228.11,96.48,21.4,28.85,104.63,15.2,27.68
5326,3223.2,96.69,22.39,30.94,104.61,14.92,27.73
5327,3213.68,96.64,21.66,29.02,104.55,14.96,27.73
5328,3214.33,96.83,21.56,29.95,104.54,14.81,27.79
5329,3200.65,96.9,21.48,28.89,104.49,14.75,27.9
5330,3199.6,96.76,22.16,28.89,104.54,15.08,28.03
5331,3220.95,96.87,22.52,30.59,104.54,14.73,28.07
5332,3181.44,96.9,22.55,30.7,104.49,15.02,28.22
5333,3216.7,96.98,23.11,32.58,104.53,14.77,28.27
5334,3225.17,97.06,21.8,31.22,104.57,14.61,28.39
5335,3222.75,97.12,22.04,30.54,104.52,14.91,28.38
5336,3241.26,97.03,22.06,29.77,104.56,14.99,28.34
5337,3246.44,97.19,21.95,30.94,104.57,14.9,28.38
5338,3234.1,97.22,21.62,29.38,104.55,14.75,28.42
5339,3217.68,97.27,21.65,29.15,104.53,14.51,28.44
5340,3248.93,97.34,21.12,29.99,104.55,15.01,28.47
5341,3217.47,97.43,23.29,31.76,104.58,14.69,28.54
5342,3216.15,97.48,24.13,32.46,104.58,14.79,28.52
5343,3190.22,97.29,24.64,32.56,104.57,15.14,28.19
5344,3205.48,97.31,23.82,32.07,104.6,14.61,28.32
5345,3206.43,97.22,22.73,31.58,104.62,14.45,28.26
5346,3183.43,97.02,22.33,32.23,104.64,14.74,28.14
5347,3171.5,97.17,22.32,33.55,104.64,14.74,28.09
5348,3180.13,97.48,21.14,34.85,104.67,14.35,28.07
5349,3192.04,97.33,21.47,33.75,104.7,14.16,28.02
5350,3158.67,97.47,22.31,34.44,104.67,14.2,27.93
5351,3153.77,97.49,20.36,33.32,104.72,14.7,27.88
5352,3166.96,97.58,19.71,33.21,104.7,14.31,27.96
5353,3200.26,97.73,20.86,34.51,104.74,14.58,28.11
5354,3222.4,97.88,21.2,35.51,104.75,14.62,28.17
5355,3215.97,97.99,20.52,36.06,104.76,14.34,28.29
5356,3240.0,98.1,21.17,36.53,104.75,14.48,28.18
5357,3234.84,98.2,20.7,36.42,104.77,14.91,28.18
5358,3173.41,97.98,20.51,36.18,104.77,14.54,28.19
5359,3211.3,98.08,19.66,35.65,104.84,14.62,28.12
5360,3224.56,98.05,19.77,36.03,104.88,14.83,28.06
5361,3231.7,98.26,20.79,37.53,104.84,14.16,28.13
5362,3234.37,98.31,20.42,36.25,104.88,14.52,28.28
5363,3243.27,98.46,21.04,36.57,104.93,14.52,28.27
5364,3244.48,98.28,20.97,34.53,104.87,14.45,28.16
5365,3239.14,98.07,21.8,35.74,104.91,14.7,28.2
5366,3226.67,97.96,21.32,35.57,104.87,14.39,28.05
5367,3231.16,98.06,22.55,36.23,104.81,14.4,28.12
5368,3215.64,97.96,22.91,35.7,104.8,14.69,28.14
5369,3196.49,97.84,22.88,35.15,104.86,14.57,28.17
5370,3207.98,97.81,22.88,33.79,104.81,14.55,28.21
5371,3231.41,97.63,22.28,33.45,104.87,14.49,28.25
5372,3216.06,97.62,21.68,32.08,104.81,14.41,28.27
5373,3206.04,97.57,21.78,32.27,104.82,14.55,28.14
5374,3175.14,97.45,20.7,32.89,104.81,14.77,28.12
5375,3155.47,97.38,20.21,32.06,104.76,14.31,28.18
5376,3138.72,97.32,19.49,32.26,104.76,14.33,28.31
5377,3169.34,97.32,20.05,32.07,104.76,14.47,28.27
5378,3141.03,97.05,20.57,32.06,104.76,14.25,28.3
5379,3159.96,96.87,21.57,31.84,104.75,14.57,28.4
5380,3161.57,96.79,21.19,32.17,104.74,14.86,28.42
5381,3179.65,96.64,20.47,32.93,104.8,14.34,28.48
5382,3206.01,96.56,19.29,32.65,104.83,14.67,28.55
5383,3204.91,96.5,19.62,33.08,104.82,14.63,28.67
5384,3227.48,96.47,20.81,33.91,104.77,14.65,28.74
5385,3254.98,96.35,20.71,33.67,104.75,14.17,28.96
5386,3275.57,96.56,20.81,35.94,104.77,14.47,28.84
5387,3252.4,96.35,20.76,33.99,104.73,15.59,28.99
5388,3206.38,96.36,20.93,32.61,104.71,14.04,29.0
5389,3203.7,96.43,21.71,32.59,104.7,14.09,29.07
5390,3207.89,96.45,23.12,33.24,104.72,14.29,29.07
5391,3169.45,96.59,23.32,33.65,104.7,14.61,29.07
5392,3175.7,96.4,23.48,32.91,104.77,14.48,29.1
5393,3127.77,96.24,22.98,32.31,104.74,14.37,28.95
5394,3168.39,96.26,22.64,32.6,104.74,14.77,28.91
5395,3182.53,96.33,22.35,33.72,104.84,14.54,28.72
5396,3168.91,96.36,21.88,34.29,104.83,14.41,28.7
5397,3176.23,96.45,21.87,33.8,104.85,14.7,28.65
5398,3185.0,96.4,22.23,34.07,104.92,13.91,28.55
5399,3197.17,96.37,22.09,34.1,104.86,14.49,28.83
5400,3199.85,96.51,21.77,33.8,104.86,14.76,28.94
5401,3219.95,96.59,21.77,33.87,104.84,14.37,28.81
5402,3193.69,96.8,20.98,35.59,104.87,14.28,28.79
5403,3194.01,96.87,21.6,34.22,104.84,14.59,28.84
5404,3232.08,96.75,21.16,33.55,104.86,14.9,28.79
5405,3222.67,96.9,20.24,32.81,104.84,14.45,28.82
5406,3226.9,97.02,20.7,32.75,104.84,14.62,28.77
5407,3205.99,97.03,21.09,32.27,104.89,14.63,28.63
5408,3251.4,97.25,20.46,34.95,104.85,14.38,28.48
5409,3253.42,97.19,20.96,33.04,104.86,14.69,28.5
5410,3224.3,97.15,21.42,33.74,104.87,14.8,28.52
5411,3245.93,97.02,22.91,34.51,104.87,14.27,28.49
5412,3221.65,97.1,22.53,36.32,104.92,14.61,28.39
5413,3233.23,96.41,22.27,35.6,104.84,14.13,28.4
5414,3246.5,95.36,21.58,35.05,104.85,14.49,28.51
5415,3274.44,94.29,21.82,35.59,104.87,14.79,28.43
5416,3256.98,92.62,21.61,35.41,104.85,14.34,28.58
5417,3234.03,91.31,22.19,35.85,104.83,14.29,28.54
5418,3167.72,89.94,21.55,35.33,104.85,14.29,28.53
5419,3137.09,88.64,21.68,33.75,104.92,14.32,28.44
5420,3101.33,87.51,21.21,33.5,104.96,14.24,28.51
5421,3074.77,85.85,19.47,32.73,104.93,14.4,28.39
5422,3041.47,84.81,19.87,31.88,104.92,14.31,28.54
5423,3035.21,83.92,18.31,31.24,104.94,14.56,28.37
5424,2998.82,82.75,18.16,29.39,104.94,14.08,28.53
5425,2984.4,81.73,18.02,29.31,104.91,14.39,28.5
5426,2957.71,81.05,17.99,29.55,104.95,14.24,28.51
5427,2920.64,79.95,17.99,29.89,104.98,14.14,28.61
5428,2883.11,78.93,17.96,29.99,104.97,14.21,28.7
5429,2864.88,77.58,18.17,29.04,104.94,13.98,28.7
5430,2867.45,76.32,17.97,27.67,104.97,14.27,28.67
5431,2824.38,75.18,19.94,28.78,104.94,14.44,28.82
5432,2866.26,74.14,19.33,28.86,105.01,14.2,28.69
5433,2905.58,72.87,18.06,28.71,105.09,14.41,28.88
5434,2921.8,71.11,16.73,29.23,105.08,14.33,28.85
5435,2897.24,70.18,17.18,27.83,105.11,13.95,28.77
5436,2916.36,69.27,15.77,28.53,105.07,14.07,28.65
5437,2887.56,68.0,14.78,27.31,105.05,14.28,28.6
5438,2860.04,67.43,13.76,27.22,105.11,14.88,28.43
5439,2836.61,66.64,14.29,27.06,105.09,14.2,28.4
5440,2837.82,66.27,15.45,27.06,105.14,14.38,28.36
5441,2820.85,65.86,14.67,25.41,105.16,14.29,28.21
5442,2795.41,65.54,15.05,24.88,105.16,14.41,28.29
5443,2807.4,65.17,12.95,24.43,105.22,14.2,28.26
5444,2808.7,64.97,12.56,24.51,105.26,14.26,28.23
5445,2824.21,64.61,13.28,25.48,105.22,14.23,28.17
5446,2806.92,64.38,13.2,24.75,105.26,14.48,28.14
5447,2809.47,65.28,14.64,31.3,105.23,14.3,28.14
5448,2833.0,66.3,13.42,31.73,105.26,14.34,28.12
5449,2815.5,67.29,13.53,32.04,105.26,14.08,28.13
5450,2817.0,68.09,14.5,31.55,105.32,14.33,28.11
5451,2853.65,68.57,15.21,29.67,105.29,14.2,27.98
5452,2869.96,69.42,16.1,32.47,105.33,13.93,28.01
5453,2887.67,70.97,17.04,37.52,105.39,14.42,28.02
5454,2907.4,71.5,16.3,31.74,105.48,14.41,28.04
5455,2955.03,72.72,16.3,37.17,105.52,14.1,28.04
5456,2976.47,73.71,18.67,36.2,105.54,14.55,28.03
5457,2999.42,74.45,17.83,33.49,105.51,14.23,27.98
5458,2953.97,75.56,17.15,36.27,105.57,14.58,27.92
5459,2887.52,76.96,18.39,37.16,105.62,13.78,27.93
5460,2873.75,77.51,17.7,32.53,105.64,14.06,28.08
5461,2840.15,78.78,19.73,36.74,105.6,14.11,28.08
5462,2806.85,79.97,22.3,36.72,105.6,14.57,28.02
5463,2772.37,81.2,22.28,36.84,105.6,14.26,28.14
5464,2748.24,81.71,22.34,31.34,105.62,14.44,28.07
5465,2717.03,83.11,21.16,35.6,105.68,14.05,28.27
5466,2716.86,83.66,21.96,29.74,105.67,14.07,28.25
5467,2729.43,84.09,20.02,29.05,105.67,14.23,28.2
5468,2774.64,85.43,19.47,34.73,105.72,14.17,28.19
5469,2798.16,86.62,20.08,34.43,105.74,13.9,28.2
5470,2824.8,87.25,20.71,31.59,105.7,14.83,28.11
5471,2871.37,88.18,19.82,33.4,105.63,13.96,28.31
5472,2832.73,89.2,19.83,33.64,105.71,13.9,28.34
5473,2865.85,89.84,18.77,32.01,105.76,14.23,28.36
5474,2896.29,90.76,19.04,32.73,105.79,14.56,28.32
5475,2934.97,91.38,18.76,30.18,105.78,14.63,28.22
5476,2919.31,92.29,18.8,33.17,105.77,14.15,28.27
5477,2933.37,93.16,19.86,33.81,105.72,14.4,28.14
5478,2941.24,93.93,20.48,32.14,105.73,14.36,28.06
5479,2943.14,94.52,21.18,31.86,105.78,14.27,28.0
5480,3018.6,95.04,21.24,30.89,105.83,14.48,28.14
5481,3028.59,95.55,21.96,32.31,105.85,14.32,28.08
5482,3068.51,95.95,21.97,32.77,105.87,14.82,28.11
5483,3099.74,96.26,21.57,33.87,105.87,14.8,28.16
5484,3085.28,96.6,22.08,33.97,105.89,13.87,28.29
5485,3091.32,96.73,21.64,31.69,105.87,14.64,28.17
5486,3108.71,96.88,21.34,31.47,105.93,14.52,28.3
5487,3130.66,96.85,22.11,30.65,105.91,14.79,28.25
5488,3149.3,97.04,22.82,32.53,105.92,14.53,28.29
5489,3194.28,97.16,22.41,30.98,105.88,14.59,28.18
5490,3217.26,97.32,23.0,31.66,105.9,14.43,28.17
5491,3232.12,97.41,21.78,30.25,105.91,14.39,28.07
5492,3251.81,97.59,21.52,30.64,105.93,14.56,27.97
5493,3277.14,97.79,20.93,31.91,105.92,14.5,27.84
5494,3259.69,97.8,20.9,31.53,105.91,14.31,27.82
5495,3225.04,97.65,21.46,32.12,105.95,14.3,27.85
5496,3213.66,97.42,21.81,32.67,105.95,14.48,27.76
5497,3189.29,97.65,22.14,33.87,105.89,14.59,27.76
5498,3176.85,97.92,22.24,34.11,105.86,14.39,27.63
5499,3187.58,97.91,21.95,31.26,105.86,14.39,27.58
5500,3183.78,97.82,22.78,30.73,105.89,14.58,27.66
5501,3204.88,98.05,21.44,31.92,105.89,14.02,27.65
5502,3215.49,97.84,20.83,29.67,105.85,14.55,27.6
5503,3226.51,97.98,21.21,31.39,105.84,14.57,27.6
5504,3203.61,97.91,22.38,30.98,105.88,14.47,27.54
5505,3192.02,98.12,22.03,31.95,105.97,14.22,27.65
5506,3160.94,98.04,21.69,30.13,105.97,14.41,27.81
5507,3182.85,97.95,20.55,30.27,105.91,14.77,27.78
5508,3227.97,97.69,20.12,30.9,105.91,14.81,28.0
5509,3232.89,97.79,20.79,31.2,105.91,14.57,27.95
5510,3239.6,97.87,22.08,31.37,105.93,14.62,27.85
5511,3229.86,98.02,21.78,31.59,105.94,14.01,27.79
5512,3227.45,98.01,21.03,30.79,106.02,14.6,27.71
5513,3254.97,97.95,21.04,31.24,106.01,14.5,27.89
5514,3255.29,98.08,19.78,31.53,106.07,14.7,27.84
5515,3266.63,98.01,20.85,31.84,106.07,14.68,27.75
5516,3288.94,97.86,19.85,31.49,106.08,14.47,27.67
5517,3304.59,97.91,20.2,30.96,106.16,14.53,27.81
5518,3297.21,97.99,20.53,32.4,106.16,14.59,27.92
5519,3291.86,97.83,21.04,32.82,106.15,14.61,27.84
5520,3277.52,97.86,21.22,31.97,106.12,14.49,27.7
5521,3283.05,97.95,21.21,32.56,106.08,14.24,27.62
5522,3269.31,97.83,21.49,33.05,106.06,14.55,27.74
5523,3273.34,97.99,22.16,34.04,106.02,14.86,27.83
5524,3290.61,97.88,23.44,34.2,106.06,14.52,27.83
5525,3250.67,97.84,22.28,34.34,106.08,14.68,27.93
5526,3211.81,97.77,20.64,33.63,106.05,14.47,28.1
5527,3213.49,97.65,19.4,34.62,106.02,14.75,28.1
5528,3228.71,97.61,18.07,34.45,106.05,14.54,28.07
5529,3234.17,97.63,17.37,34.16,106.08,14.65,28.01
5530,3208.52,97.56,16.63,33.31,106.12,14.64,27.95
5531,3228.76,97.65,16.74,33.76,106.16,14.6,27.84
5532,3266.46,97.54,17.81,33.19,106.22,14.58,27.7
5533,3243.74,97.48,18.59,32.42,106.2,15.12,27.56
5534,3227.76,97.76,18.43,33.28,106.24,14.42,27.67
5535,3228.75,97.74,18.22,31.38,106.25,15.23,27.49
5536,3227.18,97.76,20.08,32.8,106.31,14.77,27.63
5537,3252.65,97.79,20.63,33.34,106.35,14.55,27.49
5538,3255.92,97.64,20.76,33.29,106.3,14.74,27.66
5539,3247.08,97.57,20.84,34.76,106.36,14.36,27.59
5540,3233.66,97.66,20.63,36.21,106.31,14.4,27.46
5541,3203.6,97.64,22.23,35.25,106.35,14.5,27.58
5542,3235.16,97.59,21.91,35.6,106.36,14.51,27.72
5543,3247.57,97.53,21.9,34.56,106.38,14.39,27.6
5544,3244.06,97.67,20.52,34.92,106.43,14.5,27.56
5545,3245.24,97.78,20.07,33.46,106.4,14.53,27.54
5546,3241.81,97.77,19.69,32.14,106.38,15.24,27.59
5547,3205.75,97.76,20.17,32.6,106.4,14.71,27.64
5548,3180.88,97.69,19.59,31.87,106.38,14.56,27.62
5549,3183.21,97.57,19.73,31.11,106.4,14.58,27.43
5550,3184.5,97.48,19.33,30.48,106.4,14.82,27.41
5551,3188.81,97.26,18.57,29.56,106.46,14.95,27.47
5552,3225.91,97.07,17.85,29.85,106.41,14.77,27.48
5553,3217.99,96.9,17.97,30.81,106.42,14.87,27.44
5554,3201.5,96.85,18.31,30.72,106.4,14.44,27.36
5555,3203.9,96.97,18.43,32.28,106.42,14.79,27.32
5556,3176.97,97.0,17.98,31.02,106.42,14.64,27.46
5557,3184.86,97.07,18.16,31.26,106.5,14.62,27.39
5558,3174.04,97.05,18.13,32.12,106.51,14.66,27.43
5559,3183.14,96.96,17.54,31.71,106.47,14.81,27.4
5560,3183.46,97.07,17.96,33.29,106.46,14.7,27.48
5561,3185.61,97.24,19.75,33.69,106.46,14.69,27.51
5562,3202.69,97.2,19.71,32.62,106.43,14.83,27.5
5563,3218.86,97.05,18.62,31.56,106.44,14.24,27.47
5564,3259.62,97.14,20.03,32.86,106.41,14.51,27.4
5565,3268.68,97.16,21.09,33.05,106.42,14.72,27.46
5566,3257.9,97.1,22.18,33.8,106.45,14.53,27.55
5567,3240.51,97.04,21.98,33.14,106.43,14.6,27.7
5568,3244.99,97.11,21.24,33.14,106.41,15.29,27.72
5569,3270.95,97.11,20.45,33.4,106.4,14.34,27.56
5570,3282.56,97.35,21.5,34.37,106.44,14.53,27.69
5571,3261.43,97.3,22.68,31.42,106.44,14.41,27.67
5572,3266.28,97.35,21.76,31.07,106.42,14.47,27.78
5573,3265.29,97.36,19.63,30.52,106.42,14.58,27.93
5574,3281.08,97.38,19.72,30.9,106.45,15.14,27.92
5575,3279.55,97.35,19.08,29.89,106.45,14.74,27.97
5576,3277.14,97.28,18.66,29.9,106.45,14.6,27.92
5577,3246.21,97.3,18.67,29.74,106.39,14.71,27.9
5578,3258.84,97.28,19.18,28.84,106.41,14.71,27.92
5579,3226.33,97.37,18.74,28.99,106.46,14.48,28.05
5580,3228.15,97.48,19.09,30.09,106.44,14.53,28.13
5581,3217.67,97.69,19.24,30.6,106.47,14.7,28.14
5582,3207.88,97.97,17.68,29.48,106.46,14.68,28.39
5583,3223.68,98.05,18.45,30.11,106.45,14.51,28.31
5584,3225.73,98.06,18.32,29.09,106.48,14.73,28.13
5585,3179.04,97.93,17.54,28.92,106.49,14.49,28.01
5586,3182.54,98.01,17.32,30.09,106.49,14.46,28.1
5587,3182.19,98.09,17.85,30.65,106.56,14.69,28.11
5588,3214.26,97.9,18.17,30.32,106.59,14.7,28.11
5589,3192.54,97.95,18.95,29.51,106.62,14.37,28.02
5590,3236.7,97.86,19.47,30.65,106.59,14.73,27.97
5591,3253.25,97.74,18.65,29.62,106.58,14.6,27.9
5592,3243.78,97.57,16.48,29.58,106.61,14.43,27.97
5593,3232.34,97.42,16.98,30.59,106.58,14.32,27.97
5594,3218.77,97.56,17.92,30.89,106.6,14.86,28.02
5595,3225.7,97.44,18.02,29.24,106.64,14.43,28.05
5596,3210.32,97.58,18.88,30.22,106.67,14.52,28.0
5597,3210.47,97.66,18.29,30.44,106.76,14.61,27.84
5598,3190.49,97.46,18.24,29.47,106.72,14.86,27.72
5599,3208.17,97.22,17.74,29.51,106.72,14.56,27.97
5600,3212.54,97.11,18.57,29.56,106.73,14.62,28.15
5601,3203.28,97.06,18.04,30.01,106.74,14.49,28.3
5602,3200.29,97.06,19.93,30.32,106.76,14.29,28.25
5603,3188.6,97.07,19.59,29.77,106.81,14.49,28.25
5604,3199.08,97.16,20.37,29.94,106.84,14.57,28.17
5605,3177.29,97.32,20.07,29.6,106.9,14.37,28.0
5606,3201.82,97.33,21.2,30.19,106.89,14.31,27.94
5607,3209.18,97.42,22.22,30.98,106.91,14.14,28.05
5608,3202.51,97.27,21.79,29.7,106.95,14.94,28.12
5609,3217.36,97.24,21.88,28.76,106.95,14.33,28.05
5610,3226.59,97.25,22.77,29.28,106.94,15.01,28.05
5611,3206.37,97.37,22.86,29.55,106.97,14.69,28.08
5612,3235.14,97.25,21.89,28.1,106.97,14.5,28.0
5613,3184.65,97.41,21.89,28.6,106.99,14.49,28.05
5614,3212.29,97.43,21.17,28.01,106.99,14.35,28.11
5615,3211.13,97.38,21.23,27.38,106.96,14.85,28.12
5616,3233.71,97.58,20.63,28.61,107.06,14.61,28.13
5617,3262.58,97.62,20.95,28.87,107.01,14.92,28.07
5618,3249.91,97.62,19.48,27.87,107.06,14.7,28.01
5619,3239.22,97.5,18.69,27.0,107.1,15.01,27.93
5620,3243.43,97.42,18.25,27.93,107.12,14.67,27.88
5621,3218.05,97.4,18.35,28.02,107.1,15.16,27.88
5622,3212.21,97.53,17.43,28.55,107.14,14.75,27.98
5623,3205.91,97.7,17.13,29.24,107.16,15.03,27.8
5624,3185.46,97.74,18.12,28.87,107.21,14.68,27.81
5625,3182.36,97.76,19.1,29.32,107.19,14.96,27.92
5626,3203.68,97.79,17.24,27.78,107.22,14.9,27.78
5627,3221.34,97.96,17.19,28.27,107.18,14.52,27.61
5628,3220.03,97.99,18.57,29.59,107.15,14.7,27.78
5629,3223.7,97.95,19.09,28.99,107.15,14.5,27.9
5630,3220.33,98.13,19.67,30.54,107.14,14.54,27.67
5631,3188.18,98.06,20.22,30.94,107.12,14.73,27.78
5632,3174.33,97.89,19.49,31.16,107.14,14.8,27.62
5633,3202.24,97.99,19.83,32.28,107.09,14.5,27.72
5634,3230.88,97.84,20.29,31.36,107.09,14.69,27.67
5635,3214.92,97.89,20.44,31.27,107.06,14.4,27.58
5636,3240.74,97.96,20.18,31.21,107.04,14.4,27.56
5637,3216.9,97.99,20.2,31.22,107.06,14.68,27.61
5638,3209.56,97.98,19.34,31.69,107.06,14.69,27.58
5639,3210.74,97.81,19.96,31.99,106.99,14.77,27.58
5640,3208.53,97.85,18.9,31.42,106.98,14.82,27.48
5641,3197.68,97.73,18.42,30.85,106.97,14.7,27.46
5642,3204.54,97.64,19.18,31.57,106.97,14.99,27.51
5643,3223.14,97.51,19.55,32.02,106.95,15.1,27.44
5644,3194.84,97.56,19.3,31.94,106.97,14.76,27.58
5645,3201.78,97.65,18.1,30.89,106.95,14.71,27.5
5646,3224.4,97.58,18.31,31.37,107.01,15.18,27.47
5647,3216.58,97.62,18.06,31.27,107.01,14.5,27.52
5648,3207.46,97.67,18.72,31.74,106.98,14.74,27.5
5649,3193.12,97.59,18.49,30.77,107.01,14.59,27.6
5650,3237.64,97.68,17.35,30.57,107.02,14.74,27.59
5651,3266.31,97.77,16.61,30.87,107.1,14.17,27.64
5652,3254.63,97.51,16.67,29.38,107.11,15.11,27.67
5653,3274.15,97.52,17.15,28.95,107.11,15.21,27.74
5654,3256.35,97.38,16.56,29.83,107.16,14.97,27.75
5655,3247.55,97.18,16.35,30.36,107.2,14.58,27.85
5656,3221.24,96.92,17.4,30.93,107.27,14.74,27.84
5657,3182.89,96.88,18.59,30.41,107.23,14.92,27.78
5658,3174.46,96.75,19.0,30.73,107.28,14.83,27.72
5659,3169.47,96.54,18.91,30.63,107.28,14.71,27.72
5660,3181.75,96.44,18.56,30.25,107.33,14.79,27.67
5661,3197.85,96.63,19.28,31.74,107.32,15.06,27.58
5662,3195.78,96.49,19.13,29.52,107.32,15.09,27.4
5663,3176.13,96.27,19.99,28.34,107.29,14.75,27.28
5664,3165.77,96.22,20.81,29.04,107.23,14.76,27.5
5665,3201.17,96.04,21.09,29.6,107.19,15.14,27.44
5666,3212.2,95.92,20.61,29.81,107.2,15.14,27.62
5667,3237.61,95.93,20.25,30.57,107.22,15.18,27.65
5668,3266.59,95.98,18.97,30.91,107.23,14.62,27.62
5669,3243.49,96.08,19.11,32.33,107.24,14.89,27.52
5670,3253.48,96.22,19.24,33.57,107.24,14.95,27.5
5671,3227.88,96.35,18.32,32.93,107.26,14.96,27.68
5672,3245.58,96.54,20.51,34.31,107.26,15.11,27.81
5673,3257.5,96.68,21.02,34.38,107.28,14.8,27.82
5674,3208.86,96.69,20.29,31.88,107.28,15.21,27.71
5675,3216.95,96.57,21.95,33.15,107.33,15.25,27.61
5676,3198.61,96.56,21.4,33.24,107.35,14.93,27.48
5677,3192.19,96.28,21.96,32.1,107.37,15.12,27.6
5678,3180.47,96.36,21.91,33.68,107.42,15.03,27.75
5679,3202.07,96.53,21.48,33.77,107.4,14.71,27.79
5680,3188.69,96.46,21.1,32.42,107.41,15.07,27.74
5681,3166.22,96.67,22.29,33.97,107.4,15.23,27.94
5682,3156.88,96.85,22.9,33.8,107.43,15.01,27.83
5683,3160.75,96.92,22.59,34.79,107.47,15.1,27.8
5684,3176.06,96.91,20.74,33.42,107.47,15.17,27.8
5685,3206.0,97.16,21.08,34.81,107.46,15.35,27.66
5686,3217.77,97.06,20.03,32.94,107.46,14.98,27.66
5687,3229.78,97.12,20.54,32.88,107.5,14.88,27.64
5688,3243.71,97.28,20.04,33.49,107.48,14.77,27.78
5689,3258.06,97.5,19.72,33.21,107.49,14.83,27.91
5690,3275.5,97.71,19.41,33.51,107.5,14.7,27.98
5691,3320.09,97.63,20.34,31.99,107.45,15.21,27.93
5692,3324.4,97.63,18.96,31.08,107.49,15.04,27.86
5693,3318.47,97.74,19.77,31.34,107.54,15.08,27.91
5694,3298.73,97.84,20.18,31.09,107.56,14.98,27.88
5695,3296.61,97.71,20.16,29.27,107.53,15.14,27.94
5696,3311.26,97.62,19.85,27.62,107.55,15.17,27.98
5697,3276.32,97.51,20.31,27.71,107.59,14.99,27.93
5698,3295.02,97.41,19.98,26.85,107.64,15.18,27.89
5699,3277.25,97.33,19.68,28.29,107.68,15.11,27.8
5700,3265.87,97.37,19.84,28.54,107.68,15.09,27.76
5701,3271.42,97.36,21.29,29.65,107.73,15.18,27.76
5702,3254.82,97.34,20.0,29.51,107.72,15.32,27.85
5703,3259.67,97.17,20.45,29.08,107.7,15.23,27.7
5704,3231.98,97.27,20.39,29.42,107.72,15.33,27.8
5705,3248.72,97.36,20.28,30.2,107.72,15.23,27.81
5706,3249.32,97.35,19.09,29.87,107.72,15.54,27.9
5707,3246.22,97.56,17.94,31.46,107.74,15.36,27.97
5708,3249.37,97.59,18.49,30.2,107.73,15.04,27.91
5709,3245.38,97.42,17.68,30.2,107.68,15.03,27.8
5710,3251.64,97.47,18.81,30.57,107.68,15.33,27.74
5711,3243.5,97.34,18.17,30.81,107.7,15.23,27.61
5712,3234.45,97.2,18.85,31.77,107.72,14.85,27.69
5713,3196.7,97.12,18.55,30.44,107.77,14.91,27.73
5714,3226.67,97.2,18.28,31.16,107.77,14.75,27.73
5715,3201.83,97.13,17.78,29.65,107.78,15.28,27.52
5716,3236.37,97.25,18.46,31.48,107.8,15.13,27.49
5717,3229.36,97.21,19.24,30.24,107.78,15.03,27.58
5718,3252.42,97.21,19.12,30.65,107.81,15.35,27.61
5719,3269.04,97.17,19.73,31.54,107.8,15.13,27.56
5720,3282.76,97.41,19.94,33.21,107.88,15.45,27.51
5721,3275.77,97.32,18.93,32.02,107.88,14.97,27.29
5722,3244.19,97.07,19.39,32.22,107.87,15.19,27.22
5723,3236.45,96.93,19.26,33.23,107.92,15.23,27.44
5724,3226.32,96.88,17.29,31.51,107.88,14.78,27.41
5725,3220.98,96.65,17.29,31.13,107.94,15.01,27.39
5726,3193.3,96.58,16.25,29.16,107.96,14.88,27.15
5727,3188.08,96.64,15.71,29.12,107.91,14.65,27.01
5728,3130.49,96.52,15.98,27.83,107.93,14.97,27.17
5729,3133.72,96.74,16.48,28.48,107.94,15.14,27.2
5730,3144.84,96.7,16.2,26.18,107.93,15.1,27.03
5731,3137.01,96.82,17.11,27.1,108.0,14.9,27.0
5732,3140.47,96.81,17.35,26.98,108.03,15.04,27.07
5733,3151.97,96.76,17.32,27.61,108.03,15.19,26.99
5734,3179.84,96.98,17.78,30.15,108.02,15.03,26.83
5735,3204.75,96.82,19.01,30.26,107.96,15.0,26.78
5736,3210.74,96.75,17.44,28.92,108.0,14.8,26.87
5737,3210.2,96.91,18.86,30.03,108.12,14.66,26.97
5738,3216.8,96.75,18.53,29.24,108.13,15.28,27.01
5739,3250.3,96.46,18.09,29.49,108.17,15.09,26.94
5740,3253.03,96.33,18.0,30.58,108.2,15.28,26.99
5741,3250.38,96.31,17.53,30.22,108.18,15.24,27.03
5742,3263.98,96.25,16.98,30.68,108.17,15.22,27.07
5743,3255.99,96.36,18.05,31.62,108.14,14.88,27.1
5744,3230.67,96.23,18.41,31.25,108.12,14.74,27.08
5745,3234.07,96.1,17.07,31.02,108.14,15.29,26.88
5746,3232.03,96.25,18.01,32.27,108.17,15.07,26.94
5747,3222.65,96.25,18.67,30.81,108.21,15.14,26.94
5748,3229.75,96.33,17.7,31.22,108.24,14.94,26.82
5749,3188.71,96.27,18.11,31.16,108.24,14.71,26.88
5750,3178.72,96.29,18.84,31.56,108.22,14.83,26.88
5751,3162.77,96.24,17.71,28.89,108.23,14.86,26.88
5752,3151.07,96.23,18.2,29.01,108.3,15.13,26.88
5753,3152.89,96.13,17.87,29.51,108.25,14.87,27.0
5754,3139.44,96.1,18.55,29.06,108.28,14.83,26.92
5755,3179.75,96.22,18.05,30.7,108.24,14.93,26.86
5756,3191.23,96.4,19.2,31.1,108.2,15.17,26.96
5757,3176.65,96.5,19.18,30.51,108.2,14.84,26.96
5758,3144.9,96.49,18.81,29.83,108.29,15.18,26.99
5759,3140.58,96.57,18.44,29.56,108.31,15.0,26.95
5760,3139.79,95.88,19.32,30.13,108.37,15.09,27.0
5761,3126.22,93.91,18.81,30.67,108.36,14.5,27.0
5762,3175.66,93.15,19.76,30.37,108.43,15.12,27.03
5763,3129.86,91.69,19.91,29.99,108.45,14.76,26.99
5764,3119.97,90.56,18.75,30.84,108.5,15.09,27.02
5765,3105.25,89.82,18.82,31.49,108.52,14.77,26.98
5766,3083.2,87.78,18.87,29.92,108.48,14.79,27.06
5767,3027.35,87.04,17.73,30.01,108.45,14.56,27.19
5768,3010.53,85.21,17.81,27.21,108.42,14.56,27.24
5769,2997.12,84.21,18.3,27.8,108.47,14.86,27.13
5770,2992.87,83.2,19.18,27.46,108.48,14.62,27.18
5771,2982.83,82.59,19.94,28.09,108.5,14.73,27.12
5772,2986.98,81.91,21.65,28.95,108.51,14.53,27.14
5773,2920.74,80.59,21.25,28.54,108.58,15.0,27.01
5774,2895.84,79.56,21.32,28.83,108.63,15.05,26.99
5775,2923.6,78.04,20.43,28.12,108.64,14.89,27.13
5776,2916.21,77.16,21.61,28.04,108.66,14.92,27.2
5777,2856.21,76.28,20.43,27.99,108.61,14.93,27.2
5778,2831.5,75.2,21.54,28.22,108.61,14.69,27.19
5779,2851.14,74.07,22.41,28.12,108.63,14.32,27.1
5780,2877.47,73.44,21.19,27.63,108.62,14.71,27.14
5781,2943.16,72.05,21.53,27.77,108.6,14.83,27.08
5782,2974.12,70.82,21.34,27.52,108.6,15.04,27.2
5783,2945.71,69.53,20.46,27.33,108.57,14.72,27.18
5784,2928.2,67.73,19.86,26.24,108.57,14.71,27.21
5785,2921.79,66.23,19.61,27.18,108.52,14.4,27.17
5786,2907.68,65.49,19.45,27.15,108.51,14.79,27.19
5787,2900.22,63.87,20.19,25.87,108.55,15.03,27.19
5788,2864.94,62.24,20.08,25.8,108.58,14.41,27.16
5789,2838.88,61.49,18.9,24.54,108.62,14.66,27.19
5790,2804.34,60.67,19.04,24.45,108.56,14.97,27.28
5791,2778.53,59.84,17.16,23.52,108.53,14.71,27.43
5792,2771.96,58.59,16.53,23.73,108.53,14.78,27.45
5793,2754.92,57.88,16.03,23.94,108.55,15.09,27.6
5794,2713.35,56.28,16.31,23.89,108.57,14.41,27.63
5795,2708.95,55.06,17.43,25.59,108.58,14.96,27.75
5796,2700.04,54.21,17.18,24.75,108.61,14.18,27.78
5797,2664.46,52.74,16.47,25.13,108.6,14.97,27.78
5798,2623.64,51.7,15.54,25.4,108.62,14.46,27.74
5799,2623.28,50.45,15.91,25.49,108.63,14.93,27.81
5800,2688.67,48.78,15.4,25.57,108.63,14.62,27.87
5801,2678.91,48.1,14.67,25.69,108.67,15.0,27.84
5802,2717.23,46.81,15.16,25.46,108.73,14.67,27.94
5803,2753.43,45.46,15.75,25.15,108.76,14.89,27.94
5804,2757.04,44.4,14.57,24.12,108.85,14.63,28.0
5805,2732.12,43.52,13.05,23.44,108.8,14.83,28.08
5806,2708.93,42.86,12.8,22.7,108.83,14.62,28.1
5807,2726.17,42.28,11.72,21.68,108.84,14.45,28.1
5808,2719.8,41.67,10.64,20.37,108.9,14.44,28.14
5809,2706.25,41.33,9.84,19.25,108.93,14.88,28.03
5810,2728.73,41.03,10.79,19.27,108.95,14.38,28.11
5811,2679.36,40.65,11.33,18.84,108.96,14.94,28.14
5812,2654.09,40.44,13.25,19.63,109.0,14.62,28.05
5813,2636.51,40.27,12.49,18.77,108.96,14.67,28.12
5814,2611.85,40.0,13.39,19.47,108.97,14.46,28.04
5815,2555.73,39.63,13.52,20.77,108.94,15.01,27.99
5816,2563.17,39.56,12.79,21.43,108.99,14.75,28.0
5817,2534.19,39.52,12.47,20.31,108.95,14.85,27.93
5818,2507.23,39.31,11.84,19.7,108.95,14.55,27.96
5819,2492.17,39.34,11.95,18.91,108.94,14.2,27.98
5820,2481.69,39.32,12.61,19.15,108.94,14.74,27.9
5821,2476.44,39.62,12.28,21.12,108.94,14.9,27.91
5822,2495.28,39.88,12.94,21.34,108.95,15.19,27.85
5823,2517.01,40.05,13.83,20.5,109.02,14.76,28.04
5824,2508.07,40.13,14.76,19.89,109.04,14.72,27.97
5825,2493.84,40.24,13.49,20.4,109.07,14.66,27.88
5826,2492.42,40.52,13.33,21.64,109.09,14.6,27.84
5827,2476.56,40.62,13.7,20.06,109.12,14.72,28.03
5828,2480.28,40.71,12.6,18.72,109.09,14.38,27.98
5829,2464.97,40.73,11.4,17.89,109.06,14.38,27.85
5830,2514.15,40.91,11.42,19.09,109.02,14.63,27.89
5831,2515.83,40.73,11.04,17.04,108.99,14.84,27.86
5832,2503.15,40.6,10.89,16.86,109.01,15.05,27.93
5833,2516.04,40.46,10.51,16.59,109.06,14.49,27.98
5834,2489.01,40.46,12.28,16.91,109.05,15.09,28.0
5835,2474.9,40.31,11.76,16.53,109.06,14.47,28.14
5836,2485.76,40.37,12.17,17.48,109.08,14.3,28.02
5837,2490.45,40.52,12.53,18.51,109.07,14.47,27.92
5838,2513.65,40.74,11.13,19.55,109.02,15.11,27.9
5839,2459.07,40.81,12.32,19.2,109.0,15.07,28.04
5840,2482.48,40.79,12.68,19.63,109.04,14.91,28.17
5841,2475.63,40.79,12.64,18.68,109.06,14.66,28.26
5842,2457.22,40.77,13.31,19.02,109.05,14.64,28.18
5843,2430.5,40.84,13.07,19.05,109.03,14.15,28.13
5844,2430.24,40.76,13.56,19.43,109.03,14.34,28.1
5845,2472.87,40.83,11.84,19.66,109.03,14.89,28.05
5846,2497.11,40.73,12.4,20.72,109.04,14.51,28.21
5847,2532.36,40.88,12.47,21.05,109.07,15.02,28.23
5848,2528.5,40.95,12.52,20.1,109.09,14.73,28.24
5849,2529.44,40.97,11.7,19.79,109.08,15.15,28.3
5850,2497.23,41.1,11.52,20.14,109.05,14.59,28.18
5851,2470.52,41.33,11.39,19.95,109.04,14.69,28.22
5852,2475.81,41.35,10.45,18.71,109.03,14.74,28.14
5853,2456.09,41.38,10.81,18.48,109.06,14.84,28.07
5854,2449.09,41.28,12.09,19.16,109.03,14.69,27.99
5855,2459.55,41.09,10.84,17.5,109.05,14.71,27.92
5856,2493.32,41.09,11.25,17.72,109.05,14.94,27.97
5857,2495.98,40.85,10.88,17.81,109.11,14.57,27.99
5858,2469.77,40.68,10.46,17.76,109.23,14.43,28.02
5859,2438.46,40.8,10.62,19.0,109.25,14.71,28.1
5860,2449.8,40.75,10.72,18.26,109.31,14.89,28.06
5861,2443.83,40.59,10.89,18.68,109.31,14.48,28.17
5862,2454.35,40.77,10.08,19.49,109.35,14.66,28.11
5863,2457.36,40.77,11.04,19.37,109.35,14.59,28.09
5864,2462.54,40.75,11.09,18.28,109.32,14.91,28.0
5865,2492.52,40.73,11.55,16.75,109.28,14.58,27.93
5866,2515.16,40.6,12.46,18.31,109.27,14.8,28.08
5867,2519.91,40.47,10.76,17.38,109.29,14.88,28.12
5868,2497.66,40.26,11.27,16.35,109.32,14.51,28.04
5869,2484.61,40.17,11.1,16.32,109.31,14.73,28.19
5870,2499.14,40.06,11.88,16.51,109.3,15.05,28.16
5871,2520.64,39.77,11.13,16.79,109.27,14.59,28.27
5872,2487.37,39.66,11.84,17.45,109.28,14.63,28.22
5873,2514.61,39.73,10.92,17.51,109.3,15.13,28.33
5874,2491.65,39.63,11.23,17.93,109.22,14.87,28.24
5875,2501.03,39.68,11.43,17.6,109.21,14.81,28.39
5876,2551.85,39.7,11.25,15.95,109.27,14.85,28.28
5877,2508.66,39.8,10.43,16.4,109.33,15.09,28.23
5878,2512.88,39.8,10.17,15.72,109.27,15.17,28.4
5879,2498.73,39.52,10.96,14.78,109.26,14.66,28.45
5880,2501.84,39.49,12.13,16.0,109.29,14.84,28.67
5881,2482.63,39.32,13.54,15.46,109.3,14.86,28.63
5882,2427.97,39.19,13.68,15.5,109.26,14.4,28.64
5883,2414.13,39.06,13.58,16.27,109.27,14.56,28.79
5884,2424.32,39.09,13.66,16.98,109.28,14.67,28.67
5885,2453.35,39.05,14.9,17.76,109.34,14.64,28.57
5886,2458.14,38.78,14.88,17.6,109.35,14.68,28.51
5887,2483.61,38.79,14.53,17.98,109.27,14.89,28.65
5888,2465.75,38.7,13.91,18.16,109.24,14.7,28.53
5889,2448.13,38.65,13.45,17.57,109.24,14.48,28.57
5890,2451.19,38.65,13.48,16.96,109.29,14.65,28.64
5891,2439.52,38.7,12.61,17.64,109.3,14.87,28.87
5892,2458.47,38.59,11.9,18.68,109.35,14.91,29.01
5893,2423.53,38.45,11.71,19.59,109.31,15.1,29.07
5894,2438.44,38.46,11.24,17.6,109.34,14.79,29.17
5895,2458.12,38.41,11.65,18.78,109.37,14.68,29.2
5896,2458.8,38.46,12.1,18.83,109.38,14.62,29.16
5897,2471.43,38.63,12.25,21.12,109.34,14.26,29.1
5898,2451.19,38.63,12.47,19.26,109.33,15.06,29.05
5899,2429.23,38.51,12.37,18.31,109.29,14.93,29.05
5900,2433.81,38.66,9.24,18.12,109.25,15.04,29.06
5901,2416.9,38.79,8.73,17.49,109.23,14.59,28.85
5902,2423.3,38.87,9.52,17.34,109.2,14.68,28.82
5903,2428.89,38.89,8.98,17.67,109.2,14.46,28.82
5904,2426.49,38.87,9.82,18.79,109.26,14.67,28.92
5905,2433.14,39.12,10.76,20.0,109.32,14.49,29.04
5906,2446.15,39.16,10.56,19.94,109.26,15.12,29.05
5907,2443.19,39.25,10.14,19.15,109.28,14.92,28.93
5908,2434.13,39.43,10.29,19.22,109.32,14.66,28.79
5909,2453.16,39.58,10.38,21.15,109.32,14.83,28.89
5910,2457.91,39.42,10.91,20.62,109.37,14.85,28.87
5911,2464.56,39.33,9.02,19.33,109.32,15.16,28.94
5912,2472.63,39.29,8.6,19.34,109.32,15.04,29.08
5913,2471.57,39.42,8.06,20.36,109.31,14.69,28.93
5914,2463.02,39.88,6.55,21.91,109.28,14.97,28.99
5915,2449.29,39.73,6.57,19.93,109.27,14.69,29.1
5916,2448.64,39.89,5.87,19.83,109.3,15.12,29.18
5917,2460.14,39.99,6.11,19.04,109.34,14.67,28.99
5918,2470.47,39.88,6.18,17.76,109.41,14.8,28.93
5919,2471.95,39.87,7.0,17.45,109.41,14.96,28.8
5920,2477.48,39.88,7.18,17.63,109.42,14.46,28.84
5921,2452.14,39.75,6.19,16.33,109.37,15.01,28.93
5922,2443.95,39.89,7.0,17.75,109.38,14.83,28.79
5923,2459.93,39.85,9.31,18.36,109.38,14.47,28.72
5924,2443.39,39.74,10.31,17.78,109.37,14.96,28.75
5925,2448.8,39.76,10.91,17.78,109.35,14.74,28.73
5926,2452.49,39.9,10.81,18.2,109.37,14.43,28.74
5927,2452.73,39.97,10.46,17.65,109.35,14.59,28.74
5928,2468.93,40.02,10.06,17.39,109.34,14.95,28.67
5929,2474.86,40.15,10.4,18.9,109.38,15.12,28.67
5930,2452.96,40.43,9.68,20.21,109.43,15.06,28.7
5931,2467.98,40.38,9.97,18.14,109.45,14.36,28.73
5932,2460.43,40.38,9.53,18.5,109.43,14.85,28.78
5933,2436.53,40.4,8.3,19.1,109.47,14.17,28.78
5934,2457.82,40.41,8.02,19.83,109.48,14.82,28.82
5935,2437.87,40.36,9.31,20.21,109.45,14.6,28.74
5936,2436.72,40.28,9.57,20.14,109.45,15.0,28.58
5937,2449.03,40.47,6.96,19.21,109.42,15.18,28.65
5938,2453.19,40.6,6.88,18.59,109.43,14.9,28.66
5939,2445.8,40.55,8.0,17.04,109.41,14.95,28.73
5940,2431.11,40.4,8.05,17.89,109.4,14.87,28.55
5941,2423.12,40.39,8.75,17.94,109.4,14.57,28.65
5942,2409.35,40.31,8.65,17.79,109.44,14.99,28.73
5943,2416.39,40.29,9.01,17.53,109.45,14.54,28.6
5944,2414.37,40.32,9.24,16.8,109.45,15.22,28.56
5945,2395.78,40.31,8.88,17.06,109.46,14.87,28.59
5946,2403.51,40.63,9.7,19.81,109.45,14.73,28.52
5947,2402.64,40.48,11.05,19.11,109.41,14.84,28.68
5948,2421.07,40.62,11.41,18.93,109.49,14.72,28.66
5949,2438.47,40.53,11.44,19.19,109.48,15.03,28.91
5950,2471.69,40.31,10.71,18.96,109.46,15.17,28.8
5951,2485.87,40.13,11.47,19.88,109.44,15.25,28.95
5952,2463.09,40.09,11.0,17.64,109.43,14.68,28.81
5953,2421.1,39.98,11.43,18.02,109.42,14.71,28.82
5954,2397.8,39.98,11.97,18.15,109.44,14.6,28.87
5955,2399.74,40.26,12.79,20.12,109.46,14.79,28.91
5956,2377.76,39.97,13.4,18.54,109.49,14.98,28.96
5957,2378.64,39.97,13.92,18.42,109.42,14.65,28.93
5958,2391.49,39.88,12.6,17.01,109.45,14.39,28.87
5959,2391.88,40.11,11.85,17.38,109.46,14.41,29.01
5960,2408.45,40.07,10.65,15.86,109.51,14.71,28.92
5961,2404.2,39.97,9.51,16.57,109.49,14.48,28.9
5962,2397.14,39.85,10.86,17.99,109.47,14.97,28.92
5963,2439.85,39.8,10.06,18.1,109.46,15.01,28.92
5964,2443.95,40.13,9.4,19.59,109.39,14.45,28.98
5965,2449.47,39.96,9.49,19.22,109.37,14.68,28.94
5966,2469.17,40.03,9.06,20.01,109.46,14.94,28.87
5967,2488.47,40.18,11.13,21.8,109.45,14.91,28.87
5968,2480.52,40.22,10.89,19.86,109.44,14.62,28.85
5969,2501.85,40.2,11.24,20.05,109.45,14.69,29.03
5970,2491.65,40.42,10.69,20.21,109.44,14.35,29.11
5971,2511.99,40.47,9.41,20.33,109.45,14.57,29.13
5972,2485.18,40.57,9.02,19.72,109.43,15.15,29.04
5973,2480.65,40.63,8.67,18.83,109.43,14.58,28.95
5974,2487.92,40.75,8.37,18.64,109.44,14.47,29.15
5975,2497.83,40.94,7.45,18.53,109.53,14.89,29.04
5976,2482.49,40.94,7.91,18.05,109.58,14.74,29.02
5977,2453.62,41.03,7.99,18.55,109.55,14.42,29.02
5978,2470.92,41.12,7.1,18.28,109.57,14.61,28.96
5979,2473.02,41.16,7.6,18.78,109.52,15.04,28.81
5980,2473.19,41.45,8.7,19.57,109.47,14.54,28.7
5981,2514.45,41.43,9.89,19.06,109.48,14.63,28.7
5982,2511.68,41.56,8.14,19.32,109.42,14.57,28.62
5983,2504.11,41.46,7.84,17.84,109.43,15.39,28.76
5984,2472.39,41.59,7.13,18.33,109.49,14.33,28.66
5985,2459.98,41.73,7.08,18.5,109.52,14.82,28.63
5986,2487.72,41.55,8.59,16.4,109.55,14.96,28.62
5987,2479.37,41.49,8.25,17.39,109.59,15.05,28.66
5988,2498.65,41.4,8.15,18.39,109.6,14.5,28.62
5989,2475.1,41.1,7.77,17.16,109.57,14.87,28.68
5990,2462.69,40.95,9.39,17.22,109.59,15.04,28.48
5991,2451.3,41.02,7.74,18.06,109.63,14.44,28.61
5992,2468.72,41.0,7.62,18.2,109.66,14.72,28.61
5993,2469.75,40.96,7.26,18.34,109.66,14.56,28.58
5994,2451.96,40.89,6.26,18.17,109.67,14.92,28.48
5995,2473.78,40.96,7.64,19.44,109.7,14.81,28.32
5996,2487.11,40.8,6.53,17.8,109.73,14.79,28.18
5997,2495.69,40.8,6.61,17.49,109.72,14.81,28.18
5998,2501.26,40.62,6.97,18.36,109.74,14.79,28.24
5999,2481.57,40.36,6.76,18.62,109.73,14.62,28.11
6000,2505.69,40.24,5.78,18.49,109.7,15.03,27.99
6001,2499.26,40.18,6.15,18.05,109.73,14.66,27.92
6002,2500.13,40.03,6.01,18.68,109.81,14.9,27.92
6003,2502.16,39.8,7.13,18.3,109.74,14.39,27.93
6004,2476.84,39.68,7.9,19.54,109.79,14.46,27.82
6005,2511.59,39.58,9.74,19.75,109.78,15.08,27.94
6006,2501.96,39.33,9.92,19.05,109.72,14.12,28.02
6007,2494.58,39.27,10.47,19.24,109.73,14.53,28.15
6008,2478.66,39.18,10.2,19.2,109.72,14.63,28.0
6009,2495.65,39.04,11.62,19.86,109.75,14.63,27.95
6010,2511.14,39.02,11.53,18.9,109.83,14.54,27.95
6011,2504.04,39.05,11.37,19.32,109.87,14.55,27.94
6012,2464.24,38.84,11.72,19.84,109.81,14.66,28.05
6013,2455.34,38.81,11.1,19.47,109.79,14.78,28.07
6014,2449.75,38.86,10.67,18.43,109.77,14.77,28.18
6015,2436.96,38.81,11.1,18.13,109.82,14.31,28.23
6016,2416.39,38.98,11.72,18.57,109.84,14.77,28.35
6017,2387.2,38.99,12.09,16.26,109.85,14.44,28.25
6018,2422.61,39.05,11.91,16.5,109.82,14.63,28.28
6019,2439.17,39.1,12.03,18.01,109.81,14.61,28.24
6020,2441.66,39.44,12.83,20.14,109.8,14.54,28.1
6021,2431.25,39.68,11.87,19.05,109.86,14.7,28.17
6022,2443.58,39.88,11.86,19.56,109.82,15.0,28.22
6023,2450.78,39.93,9.45,18.3,109.81,14.21,28.21
6024,2446.34,40.13,10.28,18.46,109.8,14.92,28.27
6025,2457.94,40.09,9.71,18.6,109.8,14.8,28.22
6026,2469.92,40.02,9.21,18.61,109.79,14.61,28.06
6027,2484.26,40.09,9.31,19.8,109.81,14.54,28.13
6028,2466.53,40.28,10.05,20.24,109.84,14.72,28.04
6029,2478.4,40.33,12.07,18.84,109.88,14.3,27.95
6030,2502.54,40.21,10.71,18.08,109.89,14.49,27.98
6031,2504.92,40.07,10.04,17.1,109.88,13.91,28.07
6032,2545.74,40.14,10.34,18.86,109.89,14.55,28.19
6033,2533.53,40.18,9.82,17.38,109.89,14.91,28.25
6034,2492.98,40.28,10.64,18.09,109.89,14.43,28.28
6035,2475.89,40.42,10.6,18.82,109.89,14.42,28.18
6036,2464.34,40.33,11.33,18.59,109.89,14.76,28.19
6037,2479.81,40.51,11.18,19.35,109.88,14.76,28.08
6038,2499.46,40.61,11.64,17.96,109.92,14.83,28.18
6039,2501.79,40.5,10.8,16.09,109.92,14.46,28.08
6040,2507.28,40.48,12.35,16.38,109.9,14.25,28.13
6041,2543.8,40.44,10.85,15.19,109.96,14.52,28.01
6042,2522.0,40.69,10.41,16.71,109.96,14.48,27.91
6043,2518.29,40.76,9.36,14.95,110.01,14.85,27.87
6044,2508.3,40.86,10.21,14.76,110.06,14.53,27.85
6045,2485.32,40.86,10.72,13.58,110.06,14.6,27.95
6046,2447.06,40.69,9.76,12.26,110.0,14.36,28.01
6047,2480.53,40.7,10.68,13.25,110.04,14.33,27.95
6048,2467.45,40.56,10.14,12.78,110.07,14.79,27.97
6049,2467.07,40.66,10.58,14.02,110.07,14.67,28.07
6050,2479.46,40.48,11.11,14.0,110.11,14.67,28.12
6051,2457.43,40.42,10.89,14.04,110.06,14.55,28.01
6052,2446.56,40.59,11.7,16.12,110.06,14.33,27.91
6053,2452.98,40.53,11.5,14.33,110.08,14.63,28.02
6054,2450.75,40.61,11.75,15.71,110.07,14.52,28.05
6055,2432.06,40.62,11.46,15.75,110.04,14.67,27.98
6056,2452.97,40.61,9.91,15.27,110.11,14.63,28.03
6057,2449.45,40.57,9.91,14.91,110.06,14.34,27.92
6058,2459.29,40.74,9.4,16.14,110.05,14.45,28.03
6059,2467.47,40.89,10.74,17.08,109.99,14.25,28.11
6060,2492.37,40.86,9.67,15.11,110.04,15.04,27.99
6061,2503.0,41.02,10.86,17.33,110.04,14.37,27.92
6062,2487.76,41.0,10.73,17.73,110.05,14.48,27.88
6063,2515.55,41.07,11.12,18.52,110.02,14.38,27.91
6064,2507.66,41.23,10.08,19.7,110.03,14.67,27.96
6065,2494.71,41.36,9.99,19.8,110.03,13.97,27.88
6066,2480.88,41.45,9.61,19.56,109.98,14.63,27.79
6067,2442.26,41.53,11.48,19.58,110.01,14.58,27.87
6068,2443.77,41.63,10.94,19.24,110.04,14.52,27.86
6069,2466.0,41.72,11.92,19.0,110.09,14.37,27.84
6070,2450.45,41.73,12.78,19.55,110.06,14.9,27.83
6071,2499.58,41.9,13.61,20.58,110.07,14.28,27.74
6072,2462.62,41.81,12.88,20.47,110.06,14.34,27.79
6073,2459.13,41.67,14.15,21.22,110.06,14.21,28.02
6074,2442.8,41.74,15.49,22.34,110.13,14.64,28.12
6075,2477.1,41.81,15.38,21.43,110.08,14.56,28.01
6076,2500.92,41.73,14.58,21.29,110.12,14.56,28.03
6077,2504.11,41.92,13.64,21.91,110.06,14.06,27.76
6078,2483.11,41.8,13.76,20.3,110.07,14.26,27.92
6079,2470.06,41.94,13.62,20.56,110.09,14.07,27.94
6080,2486.99,41.82,13.51,18.9,110.15,14.78,27.87
6081,2482.36,41.75,12.19,18.49,110.24,14.61,27.68
6082,2480.23,41.68,12.11,18.43,110.17,14.47,27.6
6083,2487.98,41.62,12.92,17.9,110.2,14.69,27.61
6084,2487.59,41.53,13.39,18.61,110.16,14.4,27.57
6085,2459.2,41.34,12.82,19.94,110.18,14.37,27.59
6086,2443.25,41.41,12.59,19.2,110.16,14.0,27.63
6087,2428.38,41.22,11.26,18.16,110.2,14.23,27.74
6088,2426.91,41.23,10.71,19.3,110.18,14.82,27.84
6089,2441.8,41.21,10.46,18.64,110.22,14.47,27.89
6090,2453.05,41.04,11.02,19.24,110.23,14.47,27.72
6091,2485.35,41.02,10.45,19.46,110.2,14.6,27.57
6092,2462.42,41.2,9.77,20.65,110.23,14.4,27.54
6093,2475.9,41.02,10.49,21.2,110.22,14.43,27.62
6094,2465.0,40.9,10.2,19.58,110.2,14.48,27.81
6095,2509.67,40.75,9.6,19.64,110.19,14.33,27.83
6096,2505.84,40.53,10.38,19.48,110.23,14.36,27.81
6097,2492.63,40.38,10.8,19.52,110.25,14.31,27.62
6098,2496.96,40.23,10.64,19.49,110.25,14.07,27.74
6099,2497.92,40.03,10.37,19.14,110.25,14.49,27.69
6100,2486.43,39.88,10.72,18.41,110.32,14.53,27.94
6101,2495.22,39.74,11.15,17.91,110.38,14.95,27.85
6102,2520.69,39.64,11.28,19.73,110.41,13.93,28.01
6103,2531.4,39.71,11.35,19.19,110.47,14.11,28.13
6104,2513.16,38.67,10.79,19.36,110.5,14.34,28.05
6105,2525.81,36.99,10.3,18.29,110.48,14.51,28.07
6106,2507.3,36.38,10.15,18.21,110.49,14.48,28.12
6107,2447.77,34.39,9.35,18.93,110.53,14.4,28.18
6108,2414.99,33.74,8.53,18.92,110.63,14.41,28.29
6109,2372.7,32.32,8.55,17.44,110.6,13.96,28.33
6110,2322.83,31.15,9.42,17.16,110.55,14.32,28.36
6111,2285.71,29.38,7.72,16.15,110.55,14.78,28.34
6112,2197.43,27.32,7.5,16.22,110.53,14.02,28.24
6113,2182.34,25.94,7.81,16.11,110.51,14.32,28.2
6114,2222.18,24.65,8.7,16.34,110.54,14.45,28.22
6115,2203.45,24.13,10.08,17.95,110.56,14.18,28.11
6116,2229.46,23.43,9.67,18.87,110.57,14.13,28.07
6117,2244.34,22.88,11.07,19.73,110.62,14.13,28.02
6118,2259.03,20.82,11.08,18.92,110.62,14.29,27.9
6119,2263.01,19.28,11.35,16.76,110.65,14.15,27.85
6120,2263.81,18.65,10.08,15.26,110.64,14.62,27.9
6121,2205.4,16.93,10.12,13.75,110.66,14.02,28.1
6122,2160.99,15.82,10.5,13.66,110.66,14.7,28.15
6123,2093.64,14.94,9.55,13.71,110.62,14.16,28.23
6124,2054.23,13.92,7.15,14.03,110.65,14.78,28.2
6125,1947.58,12.87,7.17,14.34,110.62,14.63,27.99
6126,1858.49,11.33,6.88,13.04,110.66,13.75,28.07
6127,1788.4,10.27,7.84,13.11,110.65,13.96,28.03
6128,1721.12,8.78,7.17,12.62,110.65,14.05,28.05
6129,1650.58,6.99,6.41,10.6,110.68,13.72,27.95
6130,1597.6,5.5,5.33,9.16,110.78,14.2,27.96
6131,1502.37,4.35,4.76,8.13,110.77,13.52,28.05
6132,1399.51,3.5,6.88,10.01,110.78,13.75,28.17
6133,1307.33,2.78,5.37,9.18,110.83,13.44,28.25
6134,1222.75,2.37,4.2,7.28,110.84,13.62,28.41
6135,1192.6,3.5,4.77,13.94,110.81,13.85,28.23
6136,1195.42,4.49,6.84,14.36,110.84,13.59,28.08
6137,1199.7,4.88,7.42,10.81,110.87,13.61,27.86
6138,1203.33,5.58,8.77,13.1,110.91,13.68,27.91
6139,1185.97,6.97,8.8,17.85,110.88,13.71,27.9
6140,1183.09,7.46,7.58,13.01,110.87,13.48,27.92
6141,1196.83,7.97,7.25,13.95,110.83,13.37,27.92
6142,1190.85,8.62,7.3,14.53,110.82,13.83,28.03
6143,1192.82,9.2,7.42,13.95,110.79,13.03,27.9
6144,1224.54,10.18,7.57,16.34,110.82,13.2,27.83
6145,1222.28,10.7,8.13,14.55,110.86,13.71,27.83
6146,1282.88,12.18,8.09,20.28,110.83,13.36,27.92
6147,1313.68,13.07,7.61,15.28,110.8,13.45,27.9
6148,1362.34,13.43,6.69,12.38,110.77,13.5,27.77
6149,1408.08,14.52,7.38,17.69,110.82,13.86,27.64
6150,1477.01,15.4,7.83,16.71,110.81,13.75,27.71
6151,1475.98,16.1,8.94,17.41,110.8,13.48,27.63
6152,1553.03,17.17,10.51,20.18,110.8,13.17,27.5
6153,1626.02,17.9,9.57,19.19,110.84,13.83,27.37
6154,1675.69,18.48,9.63,17.45,110.9,14.57,27.32
6155,1734.95,19.71,9.85,21.95,110.94,13.53,27.34
6156,1799.6,21.01,9.05,21.82,110.95,13.94,27.28
6157,1829.27,21.39,8.67,16.27,110.99,13.84,27.19
6158,1885.88,22.62,10.46,22.94,111.05,13.98,27.19
6159,1962.04,23.75,10.27,22.22,111.12,13.64,27.23
6160,1985.26,24.91,10.01,22.04,111.14,14.09,27.46
6161,1977.04,26.15,10.43,22.57,111.12,14.42,27.31
6162,1967.03,26.93,11.37,23.0,111.14,13.89,27.35
6163,1973.39,27.66,11.22,22.77,111.11,14.16,27.36
6164,1945.22,28.38,11.45,22.63,111.07,14.15,27.35
6165,1934.43,29.01,9.68,21.56,111.06,13.68,27.4
6166,1915.25,29.53,10.33,19.75,111.01,13.45,27.51
6167,1907.0,30.97,11.12,26.22,111.12,14.34,27.44
6168,1950.86,32.0,12.17,24.84,111.19,13.64,27.58
6169,1967.66,33.25,11.06,24.56,111.2,13.59,27.48
6170,1988.59,34.57,11.36,26.98,111.19,14.06,27.47
6171,2047.54,35.49,12.45,25.2,111.14,13.68,27.55
6172,2074.11,36.18,12.12,22.94,111.13,13.79,27.63
6173,2127.81,36.93,12.35,23.82,111.12,14.01,27.65
6174,2136.95,37.4,12.06,21.38,111.15,13.88,27.83
6175,2161.68,37.88,11.83,20.24,111.19,13.98,27.68
6176,2174.11,38.19,12.79,19.55,111.12,13.99,27.73
6177,2215.96,38.58,11.62,19.72,111.13,13.86,27.83
6178,2239.31,38.93,11.65,18.49,111.18,14.04,27.69
6179,2280.81,39.33,11.96,18.71,111.18,13.93,27.89
6180,2307.72,39.69,12.77,18.39,111.15,14.03,27.91
6181,2290.49,39.93,12.59,17.44,111.13,14.51,27.75
6182,2310.28,40.09,13.27,18.05,111.11,14.24,27.72
6183,2302.28,40.14,13.01,17.5,111.11,14.06,27.65
6184,2333.32,40.21,12.92,17.85,111.09,14.37,27.8
6185,2365.75,40.42,12.89,17.7,111.08,14.58,27.8
6186,2396.52,40.49,13.24,17.27,111.16,14.52,27.76
6187,2408.12,40.56,13.48,16.85,111.23,14.03,27.89
6188,2386.87,40.41,12.32,14.88,111.27,14.34,28.03
6189,2404.47,40.29,12.35,15.92,111.28,13.63,27.95
6190,2422.84,40.12,12.63,15.37,111.21,14.33,27.93
6191,2428.11,40.25,13.69,16.98,111.18,14.52,28.01
6192,2437.65,40.24,12.6,15.73,111.16,14.42,27.93
6193,2406.04,40.15,12.85,15.26,111.15,14.63,27.89
6194,2417.83,40.21,12.4,16.71,111.14,14.46,27.88
6195,2424.19,40.14,12.4,16.16,111.13,14.01,27.79
6196,2408.0,40.25,11.44,16.24,111.16,14.33,27.63
6197,2428.36,40.19,11.36,15.36,111.15,14.37,27.68
6198,2425.75,40.2,11.57,15.9,111.22,14.45,27.49
6199,2436.39,39.97,10.72,15.66,111.23,14.39,27.43
6200,2450.99,39.94,11.88,15.88,111.23,14.38,27.34
6201,2460.25,39.96,10.55,15.12,111.14,14.84,27.19
6202,2434.05,39.79,11.0,15.29,111.1,13.98,27.26
6203,2429.56,39.75,9.03,14.31,111.12,14.18,27.25
6204,2474.75,39.55,9.0,16.03,111.05,14.14,27.25
6205,2498.59,39.39,9.55,16.12,111.07,14.64,27.1
6206,2507.87,39.31,10.24,16.84,111.1,14.42,27.12
6207,2504.51,39.28,10.2,16.9,111.15,14.11,27.15
6208,2475.45,39.13,10.05,16.64,111.2,14.26,27.2
6209,2465.99,38.99,10.56,17.59,111.15,14.98,27.28
6210,2452.29,38.91,11.33,18.34,111.13,14.18,27.36
6211,2447.91,38.99,12.4,19.69,111.18,14.55,27.39
6212,2417.05,39.07,11.24,19.61,111.11,14.77,27.29
6213,2439.3,39.26,11.11,19.1,111.09,14.15,27.25
6214,2385.74,39.33,9.35,17.88,111.08,14.14,27.29
6215,2409.95,39.37,8.41,17.3,111.12,15.18,27.24
6216,2431.38,39.38,8.08,16.82,111.1,15.1,27.17
6217,2476.95,38.98,9.03,19.9,111.06,13.94,27.18
6218,2464.98,38.98,8.8,18.57,111.04,14.49,27.44
6219,2449.63,39.06,8.8,18.91,111.02,14.2,27.39
6220,2449.95,39.18,9.28,19.24,110.97,13.91,27.46
6221,2458.58,39.13,8.88,18.31,110.96,14.34,27.36
6222,2453.07,39.19,7.5,17.41,110.98,14.53,27.48
6223,2428.53,39.56,7.41,19.33,110.95,14.12,27.6
6224,2442.05,39.55,7.64,16.5,110.95,14.43,27.69
6225,2442.08,39.42,8.32,17.05,110.96,14.31,27.8
6226,2421.68,39.37,8.4,17.17,111.02,14.63,27.77
6227,2391.86,39.39,8.99,17.23,110.95,14.31,27.79
6228,2448.48,39.46,9.94,18.21,110.95,14.25,27.92
6229,2465.11,39.43,10.91,19.45,110.96,14.53,27.97
6230,2474.06,39.41,11.03,19.94,110.96,14.59,27.78
6231,2467.42,39.3,10.09,19.62,110.92,14.56,27.86
6232,2477.95,39.38,9.19,20.07,110.94,14.41,27.81
6233,2452.59,39.47,8.47,19.71,110.93,13.96,27.96
6234,2454.97,39.4,7.83,19.27,110.94,14.44,28.0
6235,2458.06,39.41,8.2,18.94,110.88,14.13,27.84
6236,2437.16,39.63,10.07,22.43,110.89,14.35,27.87
6237,2438.52,39.79,10.4,22.22,110.98,14.49,27.85
6238,2434.21,39.91,10.43,23.84,110.94,14.09,27.85
6239,2424.69,40.08,11.32,25.8,110.91,15.0,27.88
6240,2421.71,40.25,10.69,24.8,110.87,14.58,28.06
6241,2395.89,40.23,11.54,23.84,110.9,14.59,28.09
6242,2428.96,40.22,12.24,24.19,110.9,14.54,28.07
6243,2467.6,40.2,12.15,24.7,110.94,14.12,28.21
6244,2451.12,40.07,13.69,24.94,110.98,14.43,28.45
6245,2477.91,40.11,14.32,26.1,110.98,13.92,28.57
6246,2478.02,40.06,14.0,24.08,111.01,14.64,28.54
6247,2478.48,40.07,13.57,23.27,111.0,14.53,28.55
6248,2452.55,40.0,12.95,22.51,111.01,14.61,28.62
6249,2443.47,39.79,12.63,21.66,111.07,14.62,28.62
6250,2458.34,39.97,12.45,21.31,111.13,14.33,28.78
6251,2440.9,39.95,12.03,20.65,111.13,14.28,28.72
6252,2429.14,39.75,11.73,19.57,111.17,14.45,28.84
6253,2423.63,39.81,10.71,19.01,111.22,14.59,28.79
6254,2360.07,39.7,10.26,18.76,111.23,14.28,28.66
6255,2378.72,39.62,9.03,19.25,111.17,14.6,28.66
6256,2400.6,39.51,9.53,19.03,111.2,14.29,28.56
6257,2414.86,39.62,9.76,19.0,111.24,14.21,28.6
6258,2438.78,39.61,9.76,17.91,111.28,14.27,28.55
6259,2431.86,39.57,10.57,19.05,111.26,14.78,28.42
6260,2470.88,39.59,9.9,19.95,111.29,14.75,28.52
6261,2452.18,39.69,9.47,20.38,111.21,14.49,28.62
6262,2448.68,39.8,8.47,20.15,111.2,14.74,28.73
6263,2443.7,39.76,9.52,18.8,111.2,14.63,28.7
6264,2449.07,39.65,10.12,19.37,111.19,14.47,28.69
6265,2445.18,39.58,11.25,20.31,111.17,14.63,28.69
6266,2443.3,39.31,12.46,20.78,111.15,14.49,28.64
6267,2430.1,39.33,11.95,20.69,111.13,14.28,28.67
6268,2422.83,39.26,11.25,19.45,111.19,14.46,28.64
6269,2380.26,39.28,9.77,19.64,111.17,14.45,28.49
6270,2403.43,39.23,8.98,18.25,111.22,14.97,28.5
6271,2386.99,39.21,8.89,18.12,111.24,14.71,28.38
6272,2382.34,39.12,7.42,17.86,111.21,14.28,28.37
6273,2366.27,39.04,6.88,18.39,111.23,14.66,28.5
6274,2385.2,39.07,7.21,19.53,111.22,14.13,28.6
6275,2378.45,38.86,8.26,20.34,111.3,14.55,28.51
6276,2334.34,38.84,7.92,19.61,111.36,14.91,28.49
6277,2349.78,38.7,8.29,21.36,111.38,14.47,28.48
6278,2342.96,38.67,10.01,22.51,111.33,14.63,28.43
6279,2349.98,38.48,8.62,21.44,111.34,14.26,28.3
6280,2372.76,38.35,9.68,21.46,111.32,14.44,28.3
6281,2357.11,38.49,10.14,22.72,111.36,14.57,28.44
6282,2361.97,38.39,11.19,21.72,111.33,14.42,28.48
6283,2351.72,38.35,11.89,20.79,111.35,14.78,28.35
6284,2377.95,38.38,11.24,20.76,111.31,14.43,28.46
6285,2383.39,38.51,11.24,19.64,111.36,14.3,28.49
6286,2385.82,38.52,10.01,18.72,111.38,14.75,28.45
6287,2362.34,38.33,9.64,18.83,111.47,14.84,28.52
6288,2380.87,38.18,9.75,18.69,111.5,14.82,28.54
6289,2399.64,38.18,10.07,19.74,111.48,14.49,28.49
6290,2383.37,38.19,10.75,20.5,111.46,14.64,28.49
6291,2388.6,38.3,12.04,20.72,111.5,14.58,28.53
6292,2400.81,38.15,11.54,19.9,111.5,14.87,28.57
6293,2445.14,38.3,12.43,20.89,111.56,14.46,28.56
6294,2446.46,38.17,12.45,19.74,111.58,14.85,28.48
6295,2439.33,38.16,11.2,20.07,111.62,14.04,28.24
6296,2430.23,38.2,11.03,20.61,111.56,14.74,28.23
6297,2424.03,38.29,11.12,20.26,111.54,14.73,28.2
6298,2436.13,38.36,10.42,20.08,111.58,14.78,28.3
6299,2413.28,38.33,9.6,18.61,111.53,14.22,28.32
6300,2431.49,38.67,9.01,20.14,111.5,14.78,28.34
6301,2398.38,38.77,8.78,19.65,111.47,14.46,28.39
6302,2414.37,38.9,8.34,21.54,111.51,14.08,28.4
6303,2434.89,39.02,9.61,23.16,111.53,14.24,28.36
6304,2449.53,39.03,7.76,21.83,111.5,14.82,28.38
6305,2451.03,38.93,8.13,21.75,111.51,14.35,28.59
6306,2455.77,39.05,8.87,23.29,111.48,14.43,28.45
6307,2444.59,39.18,8.34,22.87,111.55,14.53,28.41
6308,2420.87,39.26,8.43,21.18,111.62,14.71,28.34
6309,2427.17,39.17,8.38,21.85,111.64,14.52,28.34
6310,2430.02,39.32,8.63,21.76,111.67,14.89,28.31
6311,2449.21,39.22,9.36,21.88,111.64,15.03,28.3
6312,2444.52,39.18,9.95,22.4,111.66,14.52,28.26
6313,2446.69,39.24,9.57,23.75,111.66,14.39,28.28
6314,2449.94,39.09,8.48,23.26,111.74,14.34,28.24
6315,2459.76,39.28,8.93,23.9,111.79,14.5,28.11
6316,2475.75,39.29,8.58,23.18,111.81,13.91,28.16
6317,2453.17,39.56,8.51,24.05,111.79,14.43,27.96
6318,2466.79,39.56,8.91,21.68,111.77,14.38,28.01
6319,2461.58,39.67,8.8,20.66,111.74,14.22,28.19
6320,2473.87,39.71,9.26,20.27,111.72,14.43,28.13
6321,2502.49,39.81,11.47,20.29,111.72,14.15,28.23
6322,2456.04,39.85,11.97,20.96,111.8,14.37,28.23
6323,2482.36,39.85,12.93,19.97,111.72,14.54,28.35
6324,2478.73,39.86,13.13,19.83,111.75,14.15,28.32
6325,2460.97,39.89,12.97,19.58,111.72,14.54,28.21
6326,2455.74,40.19,13.33,21.51,111.73,14.49,28.2
6327,2441.03,40.48,13.6,20.86,111.7,14.68,28.33
6328,2458.42,40.35,14.02,20.3,111.73,14.5,28.41
6329,2442.48,40.33,13.75,20.25,111.71,14.41,28.37
6330,2473.25,40.37,12.44,20.11,111.71,14.81,28.45
6331,2489.28,40.35,11.1,18.97,111.74,14.69,28.54
6332,2493.53,40.26,11.45,19.55,111.74,14.54,28.52
6333,2451.11,40.16,10.48,20.01,111.72,14.53,28.67
6334,2428.35,40.11,11.07,22.04,111.68,14.19,28.56
6335,2435.58,40.43,12.28,23.55,111.68,14.2,28.57
6336,2443.38,40.51,12.0,21.87,111.67,14.52,28.64
6337,2470.05,40.57,12.89,20.64,111.68,14.29,28.52
6338,2416.59,40.63,12.93,20.95,111.67,14.46,28.52
6339,2413.95,40.78,12.82,20.34,111.72,14.66,28.6
6340,2444.69,40.97,12.79,20.98,111.7,14.21,28.59
6341,2447.11,40.86,11.94,20.44,111.66,14.39,28.58
6342,2446.22,40.84,11.07,19.74,111.62,14.69,28.45
6343,2421.55,40.73,9.74,18.4,111.69,14.08,28.47
6344,2454.42,40.91,9.37,20.45,111.68,14.04,28.45
6345,2451.56,40.72,11.23,20.56,111.65,13.66,28.48
6346,2480.61,40.77,10.03,19.65,111.64,14.47,28.51
6347,2512.3,40.64,9.18,19.22,111.58,14.41,28.46
6348,2536.66,40.62,8.71,18.49,111.58,14.42,28.42
6349,2529.74,40.45,8.32,19.1,111.67,14.73,28.4
6350,2514.55,40.4,8.79,19.26,111.71,14.7,28.36
6351,2500.58,40.52,8.57,20.88,111.8,14.58,28.52
6352,2538.96,40.53,8.65,19.72,111.8,14.06,28.66
6353,2528.94,40.59,8.22,19.83,111.8,13.98,28.54
6354,2545.68,40.62,8.12,19.68,111.77,14.5,28.76
6355,2549.57,40.73,8.41,20.41,111.81,14.72,28.7
6356,2534.39,40.61,8.55,19.23,111.86,13.88,28.72
6357,2524.79,40.59,10.37,18.19,111.85,14.88,28.81
6358,2545.55,40.66,10.44,19.27,111.91,15.07,28.67
6359,2540.8,40.7,10.34,19.18,111.9,14.44,28.61
6360,2527.65,40.9,8.51,18.85,111.9,15.02,28.59
6361,2508.85,40.83,8.94,17.39,111.9,14.18,28.66
6362,2514.17,40.75,7.56,16.12,111.92,14.17,28.68
6363,2501.38,40.6,8.34,15.12,111.96,14.36,28.67
6364,2511.73,40.46,8.7,16.3,111.95,14.32,28.63
6365,2559.55,40.38,9.56,17.41,112.02,14.86,28.7
6366,2559.77,40.25,9.18,16.39,112.06,14.3,28.78
6367,2584.93,40.11,9.36,18.6,112.09,14.16,28.73
6368,2556.01,40.01,10.05,17.93,112.12,13.86,28.7
6369,2558.09,39.91,9.38,18.3,112.09,14.22,28.91
6370,2572.46,40.07,10.09,19.67,112.08,14.52,28.93
6371,2586.84,39.94,10.61,18.08,112.07,14.45,28.94
6372,2596.75,39.85,10.52,18.45,112.06,14.24,28.75
6373,2579.74,39.72,11.81,18.8,112.07,14.93,28.63
6374,2582.88,39.78,12.15,18.94,112.09,14.42,28.56
6375,2548.01,39.95,10.75,19.96,112.06,14.12,28.55
6376,2569.92,39.86,11.55,19.87,112.12,14.4,28.44
6377,2537.48,39.84,10.94,20.03,112.11,14.27,28.49
6378,2553.1,39.76,11.56,20.13,112.14,14.15,28.45
6379,2562.61,39.78,11.73,20.57,112.1,14.7,28.37
6380,2569.11,39.6,9.51,19.6,112.03,14.41,28.41
6381,2595.69,39.63,10.13,20.47,112.1,14.4,28.5
6382,2597.99,39.54,10.02,19.48,112.07,14.63,28.43
6383,2552.19,39.52,9.72,17.41,112.1,14.67,28.41
6384,2550.98,39.58,9.51,18.83,112.07,14.29,28.26
6385,2500.83,39.63,10.29,18.82,112.14,14.47,28.21
6386,2493.24,39.67,9.62,18.99,112.17,14.27,28.22
6387,2479.7,39.57,10.62,18.54,112.16,14.34,28.27
6388,2489.26,39.65,9.46,18.51,112.16,14.29,28.19
6389,2468.38,39.64,9.82,19.24,112.21,14.78,28.14
6390,2451.04,39.64,10.53,19.69,112.17,14.68,28.15
6391,2462.3,39.69,11.18,21.83,112.17,14.45,28.12
6392,2487.02,39.92,11.4,23.68,112.14,14.94,28.07
6393,2485.88,40.07,11.25,22.4,112.12,14.43,28.25
6394,2530.6,39.97,10.77,21.72,112.1,14.61,28.3
6395,2515.18,39.85,9.79,22.35,112.12,14.31,28.31
6396,2521.99,39.83,9.34,22.13,112.14,14.22,28.32
6397,2520.77,39.8,8.71,22.13,112.16,13.6,28.31
6398,2506.56,39.92,8.08,23.36,112.2,14.35,28.39
6399,2528.2,39.99,9.83,21.81,112.2,14.29,28.55
6400,2503.05,40.06,8.59,21.58,112.14,14.35,28.52
6401,2457.59,40.03,9.71,22.18,112.15,14.52,28.58
6402,2458.6,40.33,8.99,22.95,112.15,14.28,28.63
6403,2456.03,40.22,8.35,21.46,112.19,14.33,28.65
6404,2480.58,40.31,7.82,21.7,112.24,14.54,28.63
6405,2457.47,40.64,7.4,21.43,112.24,14.35,28.64
6406,2473.49,40.7,8.52,20.78,112.26,14.17,28.7
6407,2484.89,40.64,9.23,20.61,112.32,15.0,28.76
6408,2493.55,40.7,9.24,20.83,112.35,14.84,28.84
6409,2515.59,40.6,11.57,21.81,112.36,14.38,28.82
6410,2513.66,40.64,11.52,21.21,112.42,14.63,28.86
6411,2513.0,40.56,11.5,21.41,112.47,14.56,28.64
6412,2519.82,40.49,10.89,20.41,112.39,14.65,28.46
6413,2516.2,40.77,10.39,22.96,112.35,14.55,28.41
6414,2487.8,40.75,10.02,21.72,112.37,14.18,28.26
6415,2481.4,40.62,10.79,22.91,112.41,14.36,28.3
6416,2478.69,40.57,11.26,23.16,112.42,14.37,28.23
6417,2471.38,40.71,12.32,23.81,112.45,14.03,28.19
6418,2469.05,40.59,11.61,21.94,112.46,14.71,28.22
6419,2477.37,40.64,12.04,21.72,112.49,14.05,28.32
6420,2476.93,40.87,12.28,22.63,112.45,14.18,28.27
6421,2499.81,40.98,12.55,21.54,112.51,14.64,28.33
6422,2521.17,41.21,11.82,22.32,112.56,14.24,28.26
6423,2475.59,41.38,11.0,20.81,112.56,14.68,28.34
6424,2455.71,41.51,11.5,20.14,112.59,14.85,28.41
6425,2419.76,41.61,12.21,19.83,112.57,14.82,28.46
6426,2430.2,41.48,11.6,18.51,112.57,14.44,28.34
6427,2438.13,41.48,12.03,18.52,112.63,14.84,28.28
6428,2456.01,41.64,12.98,20.49,112.7,14.95,28.33
6429,2484.52,41.52,12.49,18.82,112.66,14.61,28.34
6430,2490.94,41.46,11.2,17.56,112.64,14.72,28.25
6431,2484.14,41.31,10.13,17.12,112.59,14.87,28.36
6432,2489.19,41.16,9.68,16.26,112.54,14.4,28.35
6433,2483.88,41.19,9.46,17.49,112.58,14.34,28.33
6434,2460.22,41.29,9.64,17.48,112.6,15.01,28.3
6435,2488.0,41.22,9.76,17.23,112.65,14.73,28.47
6436,2501.24,41.18,9.67,17.71,112.61,14.47,28.56
6437,2531.53,40.86,10.34,17.24,112.64,14.76,28.68
6438,2503.43,40.76,9.79,16.42,112.62,14.46,28.61
6439,2471.36,40.69,10.92,16.42,112.63,14.62,28.6
6440,2456.49,40.56,11.67,17.41,112.64,14.6,28.56
6441,2470.9,40.64,12.32,19.7,112.64,14.64,28.58
6442,2491.76,40.52,11.65,20.46,112.61,14.65,28.61
6443,2497.42,40.35,11.48,21.29,112.66,14.52,28.56
6444,2499.42,40.32,12.0,20.46,112.66,14.21,28.53
6445,2514.49,40.18,11.72,19.72,112.62,15.29,28.53
6446,2501.9,40.31,11.14,21.24,112.62,14.82,28.57
6447,2521.86,40.44,10.58,22.2,112.68,14.73,28.67
6448,2558.14,40.52,10.1,22.36,112.64,14.78,28.52
6449,2528.63,40.54,9.26,21.95,112.67,14.47,28.61
6450,2519.54,40.49,11.72,22.2,112.58,14.18,28.75
6451,2488.28,40.46,10.08,22.53,112.58,14.7,28.75
6452,2468.92,40.38,9.37,21.39,112.57,14.58,28.69
6453,2478.02,40.15,9.99,20.27,112.61,14.96,28.78
6454,2444.58,40.2,9.56,20.8,112.58,14.96,28.69
6455,2434.55,40.37,9.49,20.83,112.56,14.72,28.67
6456,2461.92,40.25,9.94,19.09,112.58,14.86,28.59
6457,2469.98,40.35,10.91,20.73,112.58,14.99,28.44
6458,2488.05,40.38,10.71,18.97,112.57,14.57,28.42
6459,2462.8,40.39,11.46,19.32,112.57,14.58,28.35
6460,2466.87,40.26,10.04,18.44,112.53,14.56,28.41
6461,2507.91,40.46,9.74,20.97,112.49,14.56,28.55
6462,2493.65,40.61,10.33,21.07,112.57,14.71,28.7
6463,2485.19,40.61,11.96,21.5,112.57,14.67,28.74
6464,2499.82,40.75,11.16,21.22,112.53,14.47,28.83
6465,2483.88,40.95,10.33,19.91,112.59,14.59,28.82
6466,2503.83,41.18,10.78,20.14,112.62,14.78,28.8
6467,2472.07,41.37,10.95,20.33,112.67,14.55,28.64
6468,2431.89,41.41,10.4,19.06,112.69,14.52,28.88
6469,2450.97,41.32,9.49,19.46,112.74,14.26,28.84
6470,2441.96,41.38,9.26,20.04,112.72,14.94,28.98
6471,2442.74,41.41,9.87,19.25,112.79,14.44,29.03
6472,2472.27,41.41,9.72,19.54,112.74,14.77,28.95
6473,2494.1,41.56,10.87,21.0,112.83,14.58,28.94
6474,2475.79,41.52,10.78,20.9,112.82,14.45,29.06
6475,2494.17,41.39,11.28,20.37,112.92,14.54,29.15
6476,2493.54,41.34,11.48,19.9,112.97,14.78,29.09
6477,2506.84,41.27,11.11,20.09,112.97,14.62,28.95
6478,2509.83,41.27,11.77,21.36,112.96,14.44,28.93
6479,2482.94,41.35,10.76,21.09,112.98,14.49,28.9
6480,2474.04,41.14,10.34,20.75,112.97,14.2,28.99
6481,2432.07,41.12,10.08,20.37,112.94,14.67,29.02
6482,2446.66,40.95,10.47,20.44,112.93,14.53,28.85
6483,2462.59,40.75,11.02,21.45,112.9,14.25,28.95
6484,2454.76,40.84,10.4,21.66,112.87,14.94,28.95
6485,2458.38,40.65,9.69,20.38,112.83,14.64,28.92
6486,2444.42,40.65,9.88,19.91,112.88,14.54,28.93
6487,2475.71,40.5,8.75,19.3,112.9,15.12,29.03
6488,2452.86,40.58,9.81,19.54,112.87,14.29,29.07
6489,2452.08,40.52,9.74,18.82,112.92,14.95,28.97
6490,2430.97,40.44,8.92,18.45,112.93,14.44,28.99
6491,2443.44,40.51,8.19,18.83,113.02,15.05,28.93
6492,2469.99,40.42,8.71,18.0,113.06,14.56,28.74
6493,2431.84,40.57,9.23,18.67,113.02,14.59,28.72
6494,2453.91,40.7,8.85,18.31,113.01,14.41,28.88
6495,2494.11,40.94,9.09,18.74,113.02,14.92,28.66
6496,2498.54,40.89,8.37,16.74,113.06,14.43,28.65
6497,2486.52,40.92,8.44,17.68,113.07,14.6,28.67
6498,2489.68,41.0,9.91,19.62,113.05,14.69,28.71
6499,2481.21,40.73,11.72,19.54,113.03,14.46,28.7
6500,2522.74,40.52,11.47,19.09,113.1,14.6,28.62
6501,2535.92,40.44,11.75,19.24,113.07,14.72,28.56
6502,2547.79,40.28,11.98,19.47,113.11,14.47,28.77
6503,2581.99,40.14,10.48,19.59,113.06,14.45,28.72
6504,2594.46,40.0,9.6,19.01,113.02,14.9,28.69
6505,2574.35,39.8,7.86,17.86,113.02,14.67,28.9
6506,2558.82,39.61,8.51,19.87,113.07,14.38,28.82
6507,2591.79,39.48,10.28,19.65,113.19,15.02,28.85
6508,2558.19,39.39,11.18,20.48,113.21,14.78,28.92
6509,2540.31,39.39,11.17,21.44,113.18,14.88,29.02
6510,2507.62,39.34,11.04,20.92,113.13,14.58,28.87
6511,2463.1,39.36,10.73,20.95,113.11,14.69,28.79
6512,2443.33,39.35,11.58,19.7,113.15,14.48,28.83
6513,2427.23,39.47,11.72,20.37,113.16,14.5,28.99
6514,2417.81,39.45,11.67,20.45,113.17,14.52,28.85
6515,2432.63,39.2,10.69,20.12,113.17,14.69,28.75
6516,2432.89,39.15,11.16,20.25,113.19,14.23,28.74
6517,2453.6,39.17,11.0,21.55,113.26,14.81,28.76
6518,2454.63,39.19,11.29,22.17,113.28,14.58,28.83
6519,2455.66,39.08,12.03,22.63,113.29,14.72,28.76
6520,2446.8,39.09,10.59,21.3,113.26,14.78,28.75
6521,2483.09,38.97,10.35,19.34,113.3,14.51,28.79
6522,2466.04,38.78,10.03,19.37,113.36,14.26,28.93
6523,2477.8,38.76,9.66,19.24,113.37,14.78,28.93
6524,2445.72,38.74,8.86,19.31,113.35,14.77,28.93
6525,2437.94,38.99,8.58,20.68,113.36,14.35,28.87
6526,2475.8,38.95,7.9,19.08,113.4,15.18,29.06
6527,2483.51,39.11,8.92,20.43,113.43,14.47,29.08
6528,2448.52,39.09,9.39,18.6,113.43,14.73,29.2
6529,2427.45,39.41,9.93,19.29,113.4,14.71,29.11
6530,2462.0,39.51,8.52,17.06,113.4,15.01,29.1
6531,2462.77,39.59,10.34,16.95,113.42,14.5,28.95
6532,2457.3,39.79,10.15,17.75,113.38,14.81,28.8
6533,2443.84,39.95,11.69,16.99,113.36,14.35,28.96
6534,2443.12,40.22,12.34,17.81,113.36,14.58,28.91
6535,2476.6,40.15,12.0,17.88,113.36,14.9,28.98
6536,2462.99,40.0,13.52,18.45,113.33,14.69,28.82
6537,2454.06,40.15,13.78,19.57,113.35,15.03,28.7
6538,2471.0,40.28,13.37,19.56,113.36,14.53,28.79
6539,2453.87,40.46,12.9,19.84,113.3,14.41,28.92
6540,2441.06,40.43,13.52,18.64,113.23,14.88,28.81
6541,2447.97,40.33,12.83,18.38,113.17,14.71,28.89
6542,2454.37,40.34,12.33,17.96,113.19,15.1,28.92
6543,2442.32,40.23,11.7,16.66,113.24,14.33,28.94
6544,2456.85,40.16,11.01,17.51,113.2,14.41,29.08
6545,2463.41,40.02,10.43,16.78,113.25,14.82,29.02
6546,2426.37,40.13,11.95,19.21,113.27,15.39,29.12
6547,2449.28,40.11,12.64,18.4,113.24,14.64,29.2
6548,2442.64,40.18,12.68,17.91,113.27,14.94,29.09
6549,2463.66,40.09,12.06,18.93,113.26,14.63,29.16
6550,2505.93,39.86,11.49,17.85,113.28,14.35,29.17
6551,2499.62,39.85,11.12,16.14,113.24,15.17,29.1
6552,2483.35,39.91,12.55,16.17,113.25,14.6,29.2
6553,2508.6,39.73,12.61,16.09,113.23,14.56,29.28
6554,2487.78,39.97,13.14,16.96,113.25,14.36,29.34
6555,2523.58,39.85,13.07,15.55,113.24,14.5,28.99
6556,2507.27,39.84,12.13,13.96,113.18,14.63,29.04
6557,2489.87,39.85,12.08,15.15,113.21,14.98,29.03
6558,2533.5,39.71,11.09,15.52,113.22,14.92,29.0
6559,2530.91,39.58,12.01,15.2,113.15,14.61,29.03
6560,2553.51,39.56,11.28,13.65,113.11,15.03,29.04
6561,2539.23,39.42,10.77,13.14,113.09,14.73,29.02
6562,2525.3,39.38,11.41,14.24,113.07,14.73,29.0
6563,2456.43,39.37,10.78,14.86,112.98,15.42,29.1
6564,2476.26,39.55,10.69,16.11,113.0,14.53,29.19
6565,2481.64,39.76,8.69,15.52,113.01,15.08,29.24
6566,2476.28,39.75,8.64,14.08,112.98,14.42,29.3
6567,2485.71,39.72,9.32,14.9,112.96,14.76,29.34
6568,2484.47,40.01,9.12,17.5,112.98,14.68,29.39
6569,2462.81,39.81,9.73,15.98,112.88,14.23,29.32
6570,2470.07,39.81,9.82,15.96,112.9,14.71,29.35
6571,2465.31,39.76,10.78,17.08,112.93,14.69,29.39
6572,2481.16,40.01,10.32,19.76,112.94,14.35,29.57
6573,2474.94,40.09,10.22,18.5,112.97,14.9,29.6
6574,2465.83,40.15,9.14,18.1,112.97,14.52,29.5
6575,2457.16,40.28,9.29,18.0,112.97,14.28,29.66
6576,2444.18,40.51,9.23,18.76,112.96,14.78,29.47
6577,2440.65,40.56,10.19,17.39,113.0,14.12,29.44
6578,2456.75,40.59,9.78,18.4,113.02,14.67,29.29
6579,2445.98,40.41,9.55,18.74,113.1,14.34,29.44
6580,2428.69,40.52,9.2,20.53,113.09,14.69,29.37
6581,2452.43,40.43,9.39,19.48,113.13,14.64,29.26
6582,2455.26,40.47,11.15,21.87,113.17,14.45,29.21
6583,2474.41,40.36,8.32,20.65,113.17,14.55,29.14
6584,2471.32,40.35,8.54,20.46,113.15,14.63,29.09
6585,2461.96,40.35,9.71,21.67,113.12,14.94,29.03
6586,2431.88,40.62,9.55,22.09,113.13,14.74,28.97
6587,2417.4,40.49,10.11,20.55,113.06,14.6,28.99
6588,2403.85,39.4,11.11,20.52,113.07,14.45,28.98
6589,2409.32,38.42,10.83,20.54,113.08,14.68,28.88
6590,2394.54,36.44,10.24,19.6,113.11,14.3,28.74
6591,2355.22,35.02,10.96,19.07,113.09,14.55,28.82
6592,2282.48,34.42,11.25,18.46,113.14,14.29,28.88
6593,2272.97,32.53,11.03,17.89,113.16,14.88,28.97
6594,2267.77,31.62,11.35,17.94,113.12,14.21,28.98
6595,2253.66,29.66,11.89,18.82,113.18,15.17,29.08
6596,2197.69,28.8,11.55,16.68,113.2,14.46,29.14
6597,2178.09,26.97,11.49,16.99,113.2,14.2,29.35
6598,2141.03,25.12,11.59,16.32,113.19,14.23,29.55
6599,2177.79,23.76,10.87,15.96,113.17,14.28,29.41
6600,2170.48,22.0,11.5,15.21,113.13,14.62,29.23
6601,2155.65,20.06,10.27,14.6,113.12,14.67,29.19
6602,2165.82,18.29,9.85,14.09,113.09,14.45,29.24
6603,2160.94,17.11,10.17,13.99,113.09,14.92,29.22
6604,2105.82,15.35,8.97,13.63,113.11,14.55,29.28
6605,2049.41,13.88,9.4,13.92,113.2,14.4,29.19
6606,1936.11,12.08,9.22,14.22,113.2,14.32,29.11
6607,1892.1,10.58,9.94,13.65,113.24,14.25,29.04
6608,1834.38,9.45,10.0,13.78,113.3,14.57,29.03
6609,1766.98,8.46,9.41,13.57,113.33,14.31,29.06
6610,1682.09,7.66,9.18,13.0,113.31,13.76,28.92
6611,1617.6,7.23,9.0,13.76,113.34,14.05,28.84
6612,1585.38,6.74,10.24,13.4,113.36,13.96,28.87
6613,1531.59,6.35,9.79,12.94,113.32,13.98,28.84
6614,1527.45,6.07,9.2,12.78,113.26,14.15,28.98
6615,1485.56,5.88,8.63,11.34,113.24,13.94,28.91
6616,1412.25,5.64,8.41,11.78,113.25,14.0,28.8
6617,1355.68,5.35,7.15,10.83,113.21,13.6,28.82
6618,1299.49,5.26,6.62,10.58,113.2,14.07,28.88
6619,1292.13,6.39,6.22,18.33,113.16,13.2,28.77
6620,1303.26,7.67,6.07,19.33,113.13,13.4,28.87
6621,1336.83,9.02,7.33,20.34,113.17,13.74,28.99
6622,1336.87,10.3,7.83,20.12,113.23,13.87,28.97
6623,1362.42,11.35,7.58,17.97,113.14,13.4,29.09
6624,1405.84,11.9,7.57,14.77,113.08,13.7,28.85
6625,1461.06,13.21,7.9,19.71,113.09,13.65,28.92
6626,1466.84,14.66,8.53,20.93,113.13,13.34,28.85
6627,1519.1,15.81,7.71,20.12,113.16,13.59,28.92
6628,1540.11,17.11,7.41,21.73,113.15,13.98,28.8
6629,1579.05,18.11,6.72,19.26,113.1,13.41,28.76
6630,1610.59,19.4,6.7,21.18,113.1,13.78,28.7
6631,1657.22,20.01,6.5,18.18,113.15,14.21,28.66
6632,1685.96,20.54,6.04,16.31,113.12,13.74,28.79
6633,1720.55,20.98,7.02,16.01,113.05,13.89,28.73
6634,1768.31,22.24,9.2,21.14,113.04,13.83,28.9
6635,1845.22,23.44,10.34,23.43,112.99,14.07,28.84
6636,1913.16,24.15,10.02,21.25,112.99,14.01,28.94
6637,1943.9,24.71,10.29,20.12,113.0,13.95,28.8
6638,1986.38,26.12,10.75,25.54,113.04,14.04,28.79
6639,1962.79,26.83,10.4,20.49,113.04,13.96,28.75
6640,1931.93,27.87,11.81,24.39,113.03,14.16,28.89
6641,1949.07,28.76,13.57,22.53,113.04,13.67,28.89
6642,1958.82,29.94,12.54,24.19,113.08,13.86,28.68
6643,1954.85,30.52,13.64,20.98,113.11,13.76,28.52
6644,1978.44,31.06,13.01,19.87,113.1,13.86,28.41
6645,1982.84,31.94,12.88,21.85,113.15,13.86,28.49
6646,2001.6,33.18,13.4,23.21,113.18,14.01,28.53
6647,2061.21,34.48,14.94,25.85,113.21,14.16,28.5
6648,2093.87,35.77,15.32,26.22,113.27,13.66,28.41
6649,2134.77,36.23,15.36,22.17,113.31,13.67,28.41
6650,2155.44,37.52,16.19,27.37,113.3,14.0,28.34
6651,2193.91,38.67,17.02,28.09,113.4,14.19,28.36
6652,2215.62,39.81,17.37,28.28,113.43,14.19,28.36
6653,2239.79,40.83,18.05,28.81,113.38,13.76,28.3
6654,2274.11,41.76,17.34,28.53,113.4,13.68,28.35
6655,2299.86,42.11,15.51,24.35,113.42,13.94,28.4
6656,2365.7,43.53,17.27,32.47,113.49,14.27,28.42
6657,2417.0,44.13,16.16,30.34,113.52,14.04,28.3
6658,2408.6,44.9,15.67,30.06,113.52,14.12,28.39
6659,2489.33,46.22,15.68,33.42,113.57,13.65,28.41
6660,2545.49,47.52,15.57,32.46,113.53,14.18,28.5
6661,2609.65,48.44,15.11,30.48,113.55,14.24,28.63
6662,2645.46,49.48,15.74,31.75,113.56,14.07,28.52
6663,2575.69,50.1,16.1,30.27,113.52,14.17,28.59
6664,2524.19,51.4,16.91,34.13,113.49,13.88,28.56
6665,2544.25,52.35,17.43,32.9,113.48,14.13,28.44
6666,2499.5,53.41,17.19,31.57,113.45,13.76,28.49
6667,2466.24,53.92,16.71,27.92,113.44,13.75,28.37
6668,2460.99,54.66,17.63,28.94,113.47,13.9,28.39
6669,2441.25,55.58,17.26,30.27,113.45,13.68,28.32
6670,2465.9,56.42,16.88,30.48,113.48,13.41,28.28
6671,2493.7,57.47,17.84,31.82,113.48,13.71,28.31
6672,2519.98,58.86,18.13,34.45,113.52,13.77,28.21
6673,2526.18,59.79,17.8,31.3,113.56,13.68,28.19
6674,2554.39,60.91,17.62,32.54,113.56,13.7,28.27
6675,2611.73,61.53,18.51,30.37,113.57,13.9,28.19
6676,2601.16,62.4,19.02,31.27,113.65,14.22,28.3
6677,2647.45,63.43,19.3,31.82,113.73,14.23,28.31
6678,2683.93,64.05,18.24,29.85,113.84,13.88,28.38
6679,2699.52,64.54,18.35,28.66,113.9,14.4,28.55
6680,2723.49,65.69,18.44,33.84,113.94,14.41,28.69
6681,2750.82,66.36,17.73,29.48,113.97,14.12,28.67
6682,2751.04,67.11,17.39,30.59,114.04,14.19,28.58
6683,2740.64,67.65,18.03,29.6,114.09,14.24,28.44
6684,2787.5,68.76,19.34,33.74,114.19,13.94,28.44
6685,2789.32,69.76,18.65,32.97,114.21,13.89,28.47
6686,2797.1,70.54,18.03,30.45,114.32,14.03,28.52
6687,2821.6,71.9,19.08,35.52,114.39,13.99,28.17
6688,2864.08,73.11,19.09,34.52,114.44,14.3,28.3
6689,2886.53,73.36,19.4,28.45,114.44,14.48,28.44
6690,2907.25,74.68,19.45,36.75,114.48,14.1,28.4
6691,2893.36,75.38,20.0,32.9,114.53,14.05,28.5
6692,2857.31,75.99,18.9,31.18,114.58,14.16,28.5
6693,2821.06,77.22,19.78,35.85,114.61,14.5,28.45
6694,2814.71,77.76,18.11,31.16,114.56,14.48,28.54
6695,2804.44,78.26,19.02,32.08,114.54,14.16,28.38
6696,2797.55,79.03,19.22,33.69,114.59,14.3,28.36
6697,2802.28,79.7,19.74,34.06,114.57,13.83,28.33
6698,2797.8,80.56,20.16,36.76,114.67,14.23,28.24
6699,2817.99,81.95,19.26,39.05,114.68,14.52,28.3
6700,2791.01,82.14,20.32,31.59,114.67,14.21,28.38
6701,2823.0,82.72,20.65,33.0,114.72,14.35,28.54
6702,2811.28,83.69,21.5,35.96,114.78,13.79,28.55
6703,2788.28,84.24,20.82,33.12,114.79,14.35,28.45
6704,2790.22,85.66,21.5,39.6,114.74,13.89,28.3
6705,2803.62,86.6,20.64,36.42,114.78,13.8,28.31
6706,2811.31,87.67,21.12,37.32,114.75,14.46,28.29
6707,2814.5,88.06,20.35,33.08,114.76,14.09,28.23
6708,2860.82,88.89,24.64,37.33,114.74,13.83,28.42
6709,2866.95,89.87,25.09,38.77,114.72,14.63,28.47
6710,2848.37,90.92,26.11,39.59,114.78,14.01,28.56
6711,2874.86,92.27,25.94,41.9,114.81,13.95,28.62
6712,2949.66,93.38,26.21,40.75,114.93,13.92,28.62
6713,2956.91,94.61,26.94,42.15,114.91,14.1,28.8
6714,2969.1,95.47,25.84,40.03,114.86,14.54,28.67
6715,2992.02,96.24,25.14,38.97,114.88,14.24,28.57
6716,3053.68,97.0,25.83,39.35,114.9,14.75,28.46
6717,3071.29,97.63,25.45,38.39,114.89,14.43,28.6
6718,3076.34,98.57,24.85,39.09,114.87,14.59,28.59
6719,3109.65,98.98,24.15,35.48,114.9,14.18,28.53
6720,3139.59,99.78,23.25,38.23,114.88,14.43,28.5
6721,3092.13,100.11,21.62,35.17,114.92,14.37,28.64
6722,3020.61,100.52,20.42,35.16,114.99,14.41,28.64
6723,2969.51,100.94,20.74,34.27,114.97,14.46,28.7
6724,2959.87,101.24,21.48,34.55,114.96,14.56,28.7
6725,2938.72,101.61,23.66,36.97,114.96,14.24,28.65
6726,2928.86,101.84,23.5,36.32,114.93,14.25,28.69
6727,2903.3,102.07,22.38,35.64,114.97,14.73,28.62
6728,2903.5,102.16,22.3,33.99,114.95,13.83,28.66
6729,2888.65,102.2,22.79,33.65,115.02,14.0,28.48
6730,2859.76,102.26,23.5,33.48,115.0,14.0,28.55
6731,2860.4,102.35,24.08,33.62,114.99,13.66,28.6
6732,2828.8,102.42,24.31,34.39,115.0,15.16,28.66
6733,2849.78,102.48,24.13,34.86,114.96,14.06,28.65
6734,2857.82,102.63,24.52,35.18,114.91,14.53,28.65
6735,2838.54,102.67,23.29,33.92,114.88,14.38,28.79
6736,2823.82,102.82,21.57,33.73,114.92,14.35,28.91
6737,2817.68,102.75,23.24,33.01,114.92,14.22,29.05
6738,2806.66,102.93,23.12,32.94,114.9,13.84,29.13
6739,2826.7,102.82,23.38,32.64,114.89,13.73,29.05
6740,2806.51,102.9,20.99,32.95,114.89,14.51,29.02
6741,2769.88,102.85,22.28,32.23,114.95,14.41,29.11
6742,2763.14,102.84,23.12,31.97,114.97,14.56,28.96
6743,2776.97,102.8,21.7,32.12,114.94,14.72,28.89
6744,2793.65,102.61,21.42,31.5,115.03,14.49,28.78
6745,2790.52,102.72,21.7,31.21,115.02,14.23,28.77
6746,2772.19,102.58,20.66,29.77,115.01,14.73,28.72
6747,2768.14,102.57,21.13,30.98,115.0,14.24,28.6
6748,2752.23,102.41,21.99,30.82,115.0,14.25,28.61
6749,2705.99,102.61,22.3,31.5,115.05,14.03,28.58
6750,2694.82,102.74,21.03,30.28,115.02,14.33,28.69
6751,2712.62,102.92,20.34,29.59,115.07,14.61,28.85
6752,2711.84,102.67,20.35,27.64,115.08,14.49,28.84
6753,2710.61,102.76,20.31,28.14,115.07,14.0,28.79
6754,2738.13,102.87,20.3,27.56,115.09,14.06,28.83
6755,2720.6,102.86,20.2,26.73,115.11,14.44,28.83
6756,2707.54,103.08,19.0,28.01,115.09,14.07,28.78
6757,2719.83,102.87,19.9,27.54,115.1,14.65,28.65
6758,2709.97,102.91,20.58,28.08,115.12,13.94,28.66
6759,2701.18,102.81,21.09,27.27,115.12,13.98,28.69
6760,2738.76,102.73,21.47,27.49,115.11,15.17,28.78
6761,2719.08,102.78,21.26,28.07,115.14,14.33,28.8
6762,2708.65,102.79,20.8,28.32,115.11,14.65,28.93
6763,2723.21,102.94,20.14,28.93,115.18,14.79,29.02
6764,2727.03,103.13,21.6,29.39,115.18,14.39,29.03
6765,2703.9,103.15,21.59,28.48,115.21,14.42,28.96
6766,2746.26,103.04,20.25,27.95,115.22,14.23,28.92
6767,2731.44,102.98,20.36,27.34,115.2,13.98,28.86
6768,2728.85,102.9,18.8,27.16,115.22,14.14,28.85
6769,2740.28,102.86,19.27,27.58,115.23,14.66,28.57
6770,2784.89,102.88,19.62,27.4,115.22,14.75,28.5
6771,2772.11,102.85,19.37,26.86,115.28,14.3,28.71
6772,2750.55,102.81,18.83,26.64,115.28,14.83,28.74
6773,2759.63,102.54,19.54,26.03,115.27,14.14,28.69
6774,2799.69,102.66,19.72,26.71,115.26,14.45,28.68
6775,2794.53,102.44,18.34,26.23,115.16,14.81,28.55
6776,2782.23,102.53,19.65,27.11,115.11,14.6,28.54
6777,2785.35,102.69,19.16,27.08,115.13,14.47,28.65
6778,2738.0,102.5,18.34,26.62,115.14,14.58,28.59
6779,2725.93,102.32,19.73,27.54,115.15,14.85,28.49
6780,2691.63,102.36,20.76,28.7,115.17,14.55,28.5
6781,2690.97,102.34,20.49,27.9,115.18,14.19,28.61
6782,2686.93,102.29,19.58,27.48,115.17,14.4,28.59
6783,2640.39,102.14,19.03,27.2,115.19,14.27,28.52
6784,2656.81,102.36,19.03,28.94,115.22,14.8,28.71
6785,2680.09,102.31,20.24,29.98,115.34,14.52,28.56
6786,2685.31,102.63,21.55,32.51,115.37,14.79,28.48
6787,2662.92,102.53,21.67,31.32,115.36,14.11,28.37
6788,2699.23,102.44,22.17,33.29,115.38,14.56,28.23
6789,2742.91,102.26,21.92,34.46,115.44,14.38,28.18
6790,2750.66,102.22,21.17,34.07,115.48,14.04,28.26
6791,2741.89,102.18,19.99,34.18,115.39,13.92,28.36
6792,2734.84,102.26,20.43,34.6,115.34,13.83,28.34
6793,2744.74,102.37,21.3,34.88,115.37,14.67,28.24
6794,2746.4,102.38,20.91,34.52,115.36,14.27,28.28
6795,2755.45,102.53,21.98,36.21,115.28,14.08,28.4
6796,2764.09,102.74,21.73,36.58,115.3,14.53,28.41
6797,2747.87,102.75,21.77,34.89,115.29,14.46,28.45
6798,2732.31,102.86,21.62,34.78,115.31,14.16,28.38
6799,2730.06,102.92,22.63,33.69,115.32,14.85,28.45
6800,2743.54,103.06,22.98,34.43,115.36,14.42,28.42
6801,2715.41,103.33,22.93,35.04,115.36,14.26,28.54
6802,2717.7,103.39,22.89,34.25,115.34,14.31,28.73
6803,2723.48,103.48,21.85,32.83,115.39,14.35,28.76
6804,2719.14,103.54,20.07,31.93,115.38,14.42,28.77
6805,2753.05,103.53,19.8,31.38,115.37,14.41,28.77
6806,2779.77,103.76,19.94,32.82,115.35,15.09,28.75
6807,2786.76,103.72,20.53,32.55,115.42,14.23,28.78
6808,2820.01,103.75,20.53,33.7,115.39,14.27,28.84
6809,2830.9,103.71,20.26,34.02,115.42,14.61,28.78
6810,2824.64,103.62,18.04,32.99,115.4,14.48,28.86
6811,2806.37,103.3,18.82,32.81,115.43,14.03,28.83
6812,2791.91,103.18,19.26,33.6,115.44,14.24,28.74
6813,2795.36,103.28,20.19,35.57,115.45,14.47,28.73
6814,2782.68,103.01,20.34,35.84,115.47,14.75,28.75
6815,2748.89,102.96,21.37,36.06,115.52,14.25,28.83
6816,2741.95,102.9,20.95,35.52,115.56,14.08,28.87
6817,2764.48,103.05,21.04,36.74,115.58,13.88,28.85
6818,2712.68,103.25,21.39,37.15,115.56,13.92,28.8
6819,2746.93,103.1,21.93,35.64,115.58,14.35,28.77
6820,2760.27,103.11,22.23,35.4,115.58,14.12,28.79
6821,2756.11,103.23,22.6,38.14,115.48,14.36,28.79
6822,2762.69,103.12,22.71,36.77,115.46,14.26,28.88
6823,2781.93,103.17,22.46,37.29,115.44,14.16,28.9
6824,2780.09,103.09,23.09,36.46,115.4,14.21,28.99
6825,2796.77,103.24,21.67,36.47,115.5,14.33,28.96
6826,2808.72,103.06,21.15,34.43,115.48,14.51,29.09
6827,2805.93,103.04,22.46,34.0,115.4,14.53,29.05
6828,2777.08,102.84,21.83,33.88,115.37,14.61,28.92
6829,2772.08,102.79,21.73,33.99,115.4,14.27,28.87
6830,2728.67,102.6,22.81,35.33,115.48,14.15,28.92
6831,2740.65,102.63,22.58,35.17,115.56,14.34,28.88
6832,2733.68,102.68,21.83,34.88,115.6,14.2,28.77
6833,2723.36,102.45,22.75,34.55,115.6,14.28,28.63
6834,2739.41,102.34,22.38,33.52,115.66,14.06,28.69
6835,2715.12,102.46,22.17,34.35,115.63,14.41,28.53
6836,2721.18,102.47,20.51,32.72,115.62,14.47,28.42
6837,2717.47,102.49,20.51,31.59,115.62,14.23,28.44
6838,2717.43,102.42,21.15,32.42,115.69,14.54,28.47
6839,2727.04,102.58,20.91,32.79,115.72,14.25,28.41
6840,2765.51,102.43,19.94,31.77,115.73,15.15,28.43
6841,2770.51,102.46,19.72,32.07,115.83,15.1,28.28
6842,2794.0,102.48,19.4,31.98,115.82,14.78,28.35
6843,2815.59,102.63,19.48,32.09,115.83,14.68,28.29
6844,2822.61,102.92,19.42,33.94,115.85,14.41,28.24
6845,2776.4,102.74,20.95,31.88,115.82,14.2,28.3
6846,2768.21,102.68,21.24,30.06,115.87,14.46,28.27
6847,2743.61,102.65,19.87,30.1,115.93,14.58,28.13
6848,2800.92,102.49,20.08,31.03,115.96,14.09,27.86
6849,2773.38,102.46,20.19,30.02,115.97,14.16,27.95
6850,2740.1,102.54,21.31,30.85,115.96,14.62,28.01
6851,2685.69,102.56,21.2,30.96,115.99,14.38,28.05
6852,2673.05,102.57,21.09,31.87,116.06,14.49,27.97
6853,2685.33,102.44,22.61,32.74,116.05,14.48,27.94
6854,2715.02,102.44,21.64,32.98,116.0,14.34,27.99
6855,2697.76,102.4,22.25,33.5,115.98,14.2,28.01
6856,2727.13,102.23,22.22,33.32,115.91,14.4,28.12
6857,2727.68,102.17,21.73,32.16,115.9,14.3,28.25
6858,2719.27,102.05,21.17,31.61,115.91,14.11,28.33
6859,2726.09,102.29,22.4,34.33,115.94,14.5,28.41
6860,2756.87,102.24,22.67,33.8,115.95,14.48,28.42
6861,2756.23,102.17,23.02,33.9,115.97,14.02,28.38
6862,2733.04,102.32,23.64,34.48,115.99,14.25,28.55
6863,2743.65,102.36,23.72,35.1,116.02,14.17,28.48
6864,2751.75,102.17,22.63,34.3,116.08,14.22,28.47
6865,2746.68,102.26,21.3,34.58,116.09,15.54,28.59
6866,2766.18,102.0,22.53,33.44,116.14,14.18,28.6
6867,2717.34,102.14,22.65,33.95,116.17,14.21,28.57
6868,2727.76,102.14,22.59,33.76,116.21,14.66,28.37
6869,2745.71,102.13,23.91,33.15,116.23,14.48,28.22
6870,2716.1,102.03,22.8,32.45,116.24,14.58,28.4
6871,2689.18,102.09,20.66,32.04,116.28,14.99,28.47
6872,2715.14,102.14,19.31,32.61,116.21,14.23,28.42
6873,2741.34,102.19,19.12,33.19,116.3,14.31,28.45
6874,2767.96,102.21,19.45,34.23,116.3,14.21,28.33
6875,2750.34,102.17,20.75,34.88,116.35,14.39,28.33
6876,2753.43,102.29,21.55,36.3,116.29,14.49,28.23
6877,2758.24,102.31,19.5,33.9,116.25,13.84,28.1
6878,2722.45,102.36,21.95,33.86,116.25,13.88,27.94
6879,2728.7,102.44,21.61,34.98,116.3,14.08,27.82
6880,2733.9,102.39,22.57,34.3,116.29,14.31,27.87
6881,2750.18,102.2,22.89,33.85,116.31,14.86,27.8
6882,2738.07,102.25,22.76,32.13,116.31,14.48,27.89
6883,2764.03,102.3,22.46,32.93,116.34,14.07,27.98
6884,2763.06,102.35,21.49,31.64,116.39,14.79,27.98
6885,2794.49,102.34,20.45,30.44,116.41,13.89,27.98
6886,2802.5,102.32,20.41,31.27,116.48,14.22,28.0
6887,2800.04,102.4,19.45,29.75,116.56,14.58,27.94
6888,2769.16,102.41,20.96,30.77,116.55,14.44,28.06
6889,2740.29,102.68,21.22,31.71,116.52,14.4,28.27
6890,2774.54,102.84,23.01,31.89,116.56,15.05,28.36
6891,2789.98,102.93,22.55,30.81,116.51,14.58,28.17
6892,2779.42,102.71,21.97,29.09,116.55,14.1,28.09
6893,2768.22,102.9,22.49,29.95,116.53,14.34,28.13
6894,2771.09,102.87,22.18,28.29,116.52,14.39,28.18
6895,2742.58,102.91,22.91,28.03,116.56,14.15,28.01
6896,2735.7,102.95,23.94,29.68,116.58,14.21,27.87
6897,2751.77,103.05,24.63,29.89,116.61,14.93,27.96
6898,2768.48,102.98,25.41,28.45,116.7,14.15,27.89
6899,2761.27,103.15,25.76,28.33,116.73,14.7,27.72
6900,2794.59,103.32,24.98,28.92,116.71,14.66,27.61
6901,2812.81,103.38,25.59,27.62,116.72,14.45,27.71
6902,2792.42,103.38,25.74,27.46,116.67,14.37,27.63
6903,2764.66,103.52,24.91,29.69,116.73,14.46,27.69
6904,2777.35,103.38,24.18,28.99,116.77,14.37,27.6
6905,2767.34,103.36,23.85,29.26,116.76,14.49,27.5
6906,2755.11,103.39,24.52,29.44,116.73,14.36,27.61
6907,2761.63,103.38,24.32,29.4,116.73,14.51,27.66
6908,2776.93,103.29,24.04,29.38,116.64,14.49,27.66
6909,2791.82,103.37,23.71,30.23,116.68,14.22,27.71
6910,2789.86,103.36,23.21,30.9,116.68,14.4,27.88
6911,2740.86,103.36,22.12,30.01,116.71,14.48,27.92
6912,2763.65,103.46,22.75,30.49,116.74,14.64,28.06
6913,2751.86,104.87,22.55,38.36,116.78,14.06,28.09
6914,2766.71,105.9,23.06,37.26,116.89,14.78,28.05
6915,2772.55,106.5,22.94,34.54,116.95,14.16,28.07
6916,2827.03,107.2,23.83,36.07,116.98,14.66,28.02
6917,2871.61,107.57,23.59,34.64,116.99,14.42,28.01
6918,2863.08,108.77,23.28,41.21,116.99,13.84,27.96
6919,2839.33,109.2,24.21,37.43,117.0,14.22,27.96
6920,2823.1,110.33,23.97,40.78,117.03,14.28,27.91
6921,2842.82,111.45,24.55,39.48,117.07,14.27,27.92
6922,2845.89,112.14,25.76,37.57,117.05,14.55,27.95
6923,2840.29,113.38,25.55,40.39,117.02,14.39,27.98
6924,2849.26,114.17,25.65,37.6,117.06,14.46,28.03
6925,2879.73,115.39,25.71,39.75,117.07,13.87,27.98
6926,2898.21,116.33,26.09,38.18,117.04,14.51,27.88
6927,2907.8,116.94,26.12,36.06,117.0,14.66,27.93
6928,2915.3,115.59,26.61,32.57,116.98,14.5,27.97
6929,2921.56,114.08,25.79,31.8,116.91,14.87,27.94
6930,2932.83,113.28,26.56,31.71,116.83,14.3,27.85
6931,2938.91,111.29,27.48,32.48,116.85,14.56,27.88
6932,2901.52,109.75,27.2,32.21,116.86,14.31,27.85
6933,2902.65,108.86,26.1,31.87,116.87,14.6,28.0
6934,2890.65,107.98,25.69,31.67,116.91,14.65,28.08
6935,2865.38,107.33,25.25,30.8,116.87,14.81,28.08
6936,2854.43,106.53,26.35,32.32,116.98,14.14,27.98
6937,2872.99,105.62,25.83,33.69,116.99,14.09,28.03
6938,2881.4,105.25,26.54,34.84,116.93,14.32,27.98
6939,2874.0,105.1,26.16,33.27,117.0,13.96,27.93
6940,2846.2,104.58,25.76,32.46,116.91,13.93,27.98
6941,2811.63,104.22,25.07,32.57,116.94,14.35,27.95
6942,2789.04,103.94,24.52,31.68,116.94,13.89,27.72
6943,2788.38,103.86,24.95,31.36,116.98,14.06,27.74
6944,2787.36,103.63,24.03,30.05,117.02,14.29,27.77
6945,2772.51,103.47,24.56,30.03,117.13,14.09,27.79
6946,2789.91,103.27,25.41,29.96,117.11,13.93,27.89
6947,2794.51,103.11,24.55,28.06,117.09,14.26,27.77
6948,2737.57,102.95,25.21,29.18,117.12,14.5,27.6
6949,2742.58,102.64,25.67,29.86,117.17,14.59,27.57
6950,2759.7,102.55,25.94,29.23,117.18,13.97,27.67
6951,2762.66,102.32,24.98,29.72,117.2,14.33,27.49
6952,2772.54,102.26,24.52,29.85,117.18,13.84,27.48
6953,2764.62,102.44,24.21,31.82,117.25,14.48,27.37
6954,2762.18,102.48,25.62,32.06,117.21,14.37,27.38
6955,2760.45,102.51,25.21,31.38,117.17,14.6,27.58
6956,2763.62,102.6,24.73,32.14,117.23,14.26,27.58
6957,2751.51,102.88,23.63,33.34,117.21,14.98,27.62
6958,2774.25,102.93,22.66,32.5,117.16,14.35,27.7
6959,2800.34,102.88,22.0,32.74,117.15,14.02,27.72
6960,2783.9,102.83,22.23,34.18,117.12,14.48,27.64
6961,2756.7,102.91,21.06,34.56,117.11,14.1,27.8
6962,2729.39,102.91,20.57,33.03,117.17,14.34,27.86
6963,2740.27,102.93,19.18,32.55,117.13,14.22,27.92
6964,2754.05,103.03,20.59,32.7,117.11,13.71,27.98
6965,2762.69,103.09,20.8,33.4,117.08,14.22,27.98
6966,2772.33,103.21,21.18,33.11,117.03,14.1,28.12
6967,2759.2,103.2,20.34,33.58,117.07,14.39,28.07
6968,2719.13,103.0,21.39,33.34,117.07,14.33,28.27
6969,2713.91,102.79,22.6,33.54,117.13,14.14,28.23
6970,2752.76,102.93,22.61,34.05,117.11,14.44,28.37
6971,2758.85,103.01,22.16,32.88,117.19,13.41,28.47
6972,2767.52,103.03,22.55,32.27,117.11,14.01,28.36
6973,2784.73,103.0,23.03,32.5,117.09,14.38,28.4
6974,2764.89,102.97,23.57,32.56,117.14,14.73,28.41
6975,2768.81,102.91,23.9,32.32,117.19,14.71,28.36
6976,2777.87,102.8,24.43,32.74,117.17,14.16,28.34
6977,2756.38,102.71,23.58,31.87,117.18,14.21,28.36
6978,2763.54,102.62,24.09,32.07,117.15,14.5,28.52
6979,2788.12,102.58,23.46,33.22,117.17,14.3,28.52
6980,2774.99,102.6,21.26,31.91,117.22,14.21,28.49
6981,2737.5,102.77,21.0,32.26,117.26,14.35,28.38
6982,2742.08,102.54,20.6,30.2,117.25,14.23,28.4
6983,2729.47,102.51,20.87,30.02,117.24,14.02,28.4
6984,2735.92,102.67,21.68,31.66,117.26,14.37,28.31
6985,2721.26,102.73,21.85,30.66,117.29,14.29,28.48
6986,2726.72,102.62,23.41,30.11,117.35,13.6,28.51
6987,2754.17,102.45,22.79,30.34,117.33,13.94,28.49
6988,2751.71,102.16,21.06,30.05,117.36,14.39,28.41
6989,2717.28,102.18,21.32,30.61,117.37,14.38,28.36
6990,2727.9,102.26,20.93,29.94,117.37,13.85,28.32
6991,2729.67,102.21,20.11,30.25,117.4,14.52,28.45
6992,2735.45,102.36,20.07,30.8,117.47,13.92,28.53
6993,2755.63,102.39,19.6,29.3,117.46,14.55,28.53
6994,2743.29,102.46,19.26,30.14,117.5,14.25,28.62
6995,2737.65,102.44,20.7,31.26,117.49,13.71,28.73
6996,2718.32,102.56,20.93,31.73,117.46,14.29,28.72
6997,2726.32,102.71,20.85,31.27,117.47,14.12,28.72
6998,2733.33,102.78,22.22,31.66,117.4,14.1,28.77
6999,2730.68,102.74,21.91,30.12,117.41,14.12,28.82
7000,2748.07,102.68,20.88,31.73,117.43,13.93,28.7
7001,2727.75,102.87,19.98,31.62,117.44,13.18,28.61
7002,2733.56,102.94,20.1,31.2,117.45,14.42,28.56
7003,2747.46,102.82,18.92,30.24,117.52,13.97,28.49
7004,2736.03,102.64,18.24,29.2,117.57,14.32,28.34
7005,2709.62,102.7,18.28,28.8,117.59,13.97,28.43
7006,2680.32,102.61,19.51,29.66,117.59,14.06,28.41
7007,2692.43,102.7,20.78,31.01,117.66,14.12,28.24
7008,2733.44,102.51,21.37,30.35,117.71,14.4,28.22
7009,2722.8,102.42,21.37,29.9,117.72,14.14,28.21
7010,2734.21,102.26,20.92,29.22,117.72,14.26,28.18
7011,2687.27,102.46,21.38,31.17,117.63,14.1,28.07
7012,2702.62,102.39,22.81,31.26,117.66,14.19,27.95
7013,2687.04,102.5,22.84,32.26,117.64,14.11,28.0
7014,2687.13,102.46,22.33,31.53,117.62,13.64,27.88
7015,2696.49,102.42,22.11,31.9,117.61,14.49,27.86
7016,2669.77,102.42,21.83,30.41,117.56,14.47,27.9
7017,2743.21,102.58,22.31,32.09,117.55,14.02,27.92
7018,2732.68,102.87,21.76,33.43,117.6,13.49,27.93
7019,2747.81,102.86,22.06,31.97,117.57,14.02,28.08
7020,2777.95,102.53,22.45,32.2,117.55,14.4,27.96
7021,2780.31,102.56,22.64,31.91,117.56,14.32,28.09
7022,2751.64,102.55,21.65,30.8,117.55,13.82,27.87
7023,2753.15,102.51,21.51,30.37,117.48,14.12,28.03
7024,2715.12,102.35,21.07,30.21,117.5,14.18,27.87
7025,2712.06,102.31,21.05,29.85,117.52,14.49,28.15
7026,2749.25,102.25,20.55,28.52,117.56,14.34,28.18
7027,2720.11,102.23,21.63,29.51,117.59,13.8,28.3
7028,2706.24,102.12,21.75,29.95,117.71,14.3,28.4
7029,2747.41,102.14,20.43,30.11,117.67,14.25,28.38
7030,2742.37,102.13,19.46,28.89,117.68,14.52,28.35
7031,2723.86,102.11,20.61,28.96,117.74,14.78,28.35
7032,2733.23,102.05,20.54,29.44,117.69,14.55,28.42
7033,2724.23,102.07,20.32,29.55,117.68,14.03,28.38
7034,2671.38,101.93,21.33,29.07,117.65,13.83,28.3
7035,2652.39,101.9,21.2,29.98,117.7,13.89,28.31
7036,2703.87,101.87,20.26,29.24,117.72,14.58,28.27
7037,2714.22,102.0,19.53,27.71,117.69,14.4,28.22
7038,2746.05,101.97,20.22,27.56,117.72,14.75,28.28
7039,2724.53,102.02,21.98,28.72,117.78,14.37,28.19
7040,2725.52,102.05,22.6,29.01,117.76,13.79,28.16
7041,2724.27,102.15,22.22,29.8,117.79,14.24,28.35
7042,2715.26,102.05,21.95,28.74,117.85,14.32,28.26
7043,2722.27,101.93,21.93,29.65,117.97,14.41,28.31
7044,2701.13,101.83,20.25,27.98,117.95,14.01,28.29
7045,2729.71,101.99,20.46,29.31,117.94,14.47,28.34
7046,2739.69,101.92,21.01,28.26,118.03,13.99,28.28
7047,2735.89,101.89,22.46,29.68,118.06,13.98,28.35
7048,2738.75,101.81,23.22,29.49,118.07,14.66,28.39
7049,2732.97,101.84,24.58,30.29,118.04,14.23,28.29
7050,2699.32,101.65,25.6,30.56,118.0,14.03,28.47
7051,2685.04,101.7,26.31,31.34,117.98,13.91,28.66
7052,2688.6,101.67,25.83,30.39,117.98,14.13,28.61
7053,2687.73,101.49,25.65,30.69,117.96,14.44,28.59
7054,2706.41,101.46,23.87,30.21,118.05,13.89,28.65
7055,2720.87,101.46,23.71,30.55,117.97,14.32,28.47
7056,2711.46,101.59,23.99,32.61,117.98,13.9,28.69
7057,2695.68,101.77,23.58,32.77,118.02,14.3,28.63
7058,2716.22,101.94,22.2,31.51,118.01,14.48,28.83
7059,2723.11,101.93,23.38,32.46,118.06,13.91,28.77
7060,2713.53,102.16,23.62,34.5,118.11,14.02,28.8
7061,2695.54,102.31,24.85,34.83,118.12,13.91,28.89
7062,2689.04,102.22,25.09,33.7,118.16,14.5,28.88
7063,2705.06,102.26,25.84,34.71,118.12,13.83,28.9
7064,2745.23,102.33,26.36,33.61,118.19,14.45,29.05
7065,2742.39,102.5,25.41,34.99,118.2,14.32,29.01
7066,2727.39,102.55,24.63,34.4,118.18,14.43,28.94
7067,2774.34,102.69,24.04,34.64,118.19,13.98,28.74
7068,2764.19,102.65,23.0,33.89,118.17,14.39,28.79
7069,2747.8,102.83,24.36,35.74,118.19,13.78,28.84
7070,2741.39,102.91,24.14,34.03,118.2,14.65,28.95
7071,2734.5,102.77,24.24,33.59,118.16,14.2,28.96
7072,2762.69,102.78,22.9,33.42,118.24,13.93,28.82
7073,2728.43,102.76,23.42,33.17,118.31,14.48,28.63
7074,2744.75,103.09,23.06,34.84,118.3,14.61,28.93
7075,2747.18,103.13,23.94,34.01,118.26,14.13,28.89
7076,2738.31,103.18,23.18,33.76,118.26,13.99,28.93
7077,2735.17,103.14,24.08,35.0,118.22,13.58,28.94
7078,2734.77,103.32,24.67,35.62,118.29,13.92,28.79
7079,2741.54,103.51,24.09,35.64,118.32,14.07,28.74
7080,2737.47,103.72,25.08,35.27,118.28,14.68,28.93
7081,2742.55,103.99,25.79,36.31,118.27,14.05,29.03
7082,2733.14,104.14,25.85,34.63,118.24,14.21,28.96
7083,2783.69,104.11,24.64,33.62,118.22,14.11,28.88
7084,2804.29,104.09,24.99,34.62,118.2,14.35,28.88
7085,2811.5,104.01,24.71,34.43,118.16,14.34,28.85
7086,2799.1,104.03,24.46,33.51,118.1,13.7,29.01
7087,2813.91,104.16,24.31,34.83,118.14,14.62,28.97
7088,2816.17,104.12,24.02,34.09,118.12,13.97,28.9
7089,2814.51,104.21,23.14,34.1,118.19,14.02,28.9
7090,2799.6,104.19,21.79,32.15,118.23,14.25,28.89
7091,2802.79,104.34,20.48,31.34,118.26,13.78,28.72
7092,2833.68,104.28,20.84,32.39,118.33,14.0,28.79
7093,2827.86,104.24,18.99,31.15,118.32,13.95,28.88
7094,2819.28,105.37,20.43,37.79,118.36,14.17,28.91
7095,2821.85,106.33,21.48,37.46,118.34,13.73,28.88
7096,2826.11,107.48,21.9,38.18,118.32,14.08,28.8
7097,2821.54,108.69,23.38,39.54,118.36,14.04,28.66
7098,2815.66,109.44,23.47,37.9,118.46,14.0,28.65
7099,2843.22,110.13,24.07,37.17,118.51,14.0,28.7
7100,2878.71,111.5,23.08,40.89,118.48,14.26,28.68
7101,2932.77,112.41,21.74,38.28,118.48,13.94,28.8
7102,2946.33,113.38,22.2,38.13,118.55,14.02,28.9
7103,2954.81,114.62,23.28,39.66,118.57,14.71,28.78
7104,2980.45,115.47,24.5,37.98,118.53,14.47,28.63
7105,2967.73,115.92,24.51,37.12,118.51,14.15,28.55
7106,2990.49,116.93,25.14,40.29,118.51,13.9,28.72
7107,3019.86,117.48,25.93,37.84,118.53,14.34,28.81
7108,3046.52,118.02,25.91,39.83,118.57,14.03,28.98
7109,3083.29,118.25,26.32,38.79,118.62,14.04,29.0
7110,3070.98,118.73,25.44,38.62,118.67,14.27,28.95
7111,3060.59,118.2,23.98,34.86,118.62,14.21,28.88
7112,3053.58,116.9,23.54,34.95,118.61,14.67,28.96
7113,3026.34,115.62,24.17,35.97,118.67,14.41,28.95
7114,3030.47,113.68,23.52,36.45,118.66,14.12,28.88
7115,3032.64,112.03,23.99,36.71,118.75,14.32,29.02
7116,3028.69,110.75,23.06,36.55,118.73,14.33,29.02
7117,3014.09,109.69,22.55,35.01,118.67,14.3,29.09
7118,3016.68,108.96,22.74,34.38,118.78,14.44,28.94
7119,3007.64,107.99,22.17,32.98,118.83,14.39,29.12
7120,2973.86,107.13,21.77,33.34,118.84,14.07,29.11
7121,2894.65,106.25,19.72,32.32,118.92,13.98,29.17
7122,2877.06,105.74,20.61,32.53,118.9,13.98,29.18
7123,2867.1,104.95,20.64,33.47,118.92,14.17,29.14
7124,2858.05,104.81,20.0,33.41,118.94,13.96,29.21
7125,2845.2,104.46,21.64,34.6,118.95,13.67,29.29
7126,2825.36,103.95,21.02,34.56,118.9,14.11,29.21
7127,2801.49,103.83,20.67,34.69,118.87,13.89,29.11
7128,2775.4,103.29,19.99,33.23,118.87,14.36,29.08
7129,2781.58,102.99,21.02,34.14,118.89,14.54,29.05
7130,2800.22,102.93,22.22,34.79,118.93,13.86,29.16
7131,2770.25,103.05,23.27,35.22,118.96,14.1,29.22
7132,2768.32,103.08,24.17,35.37,118.98,13.86,29.2
7133,2783.11,102.96,23.43,35.65,118.93,14.56,29.23
7134,2776.74,102.96,24.57,35.71,118.87,14.99,29.03
7135,2789.12,102.94,24.11,34.79,118.86,14.66,29.06
7136,2806.81,102.98,22.63,33.82,118.87,14.52,29.05
7137,2808.42,102.98,22.18,32.31,118.83,14.44,29.13
7138,2792.67,103.2,22.49,33.44,118.79,14.27,29.25
7139,2815.35,103.33,21.94,33.2,118.84,14.48,29.38
7140,2802.98,103.15,22.02,33.59,118.87,14.93,29.4
7141,2792.82,103.32,22.49,34.05,118.86,14.88,29.37
7142,2799.48,103.24,22.73,33.25,118.94,14.16,29.32
7143,2789.84,103.52,23.28,35.05,118.98,14.48,29.37
7144,2783.27,103.65,23.04,33.9,119.04,14.18,29.32
7145,2774.44,103.68,22.33,31.76,119.01,13.48,29.42
7146,2770.17,103.65,21.08,30.33,118.94,14.03,29.37
7147,2774.14,103.7,21.09,32.0,118.99,14.63,29.41
7148,2734.21,103.74,20.74,32.36,118.98,14.28,29.49
7149,2736.83,103.69,20.73,32.2,118.97,14.61,29.47
7150,2704.96,103.55,19.16,31.67,119.03,14.26,29.4
7151,2703.7,103.39,18.19,31.7,118.99,14.65,29.4
7152,2717.59,103.34,18.93,31.55,119.03,14.08,29.5
7153,2716.2,103.39,17.91,31.04,119.02,13.71,29.45
7154,2735.61,103.37,18.13,30.35,119.02,14.22,29.42
7155,2745.49,103.44,17.84,30.79,119.07,14.14,29.54
7156,2703.41,103.25,17.5,29.12,119.1,14.24,29.57
7157,2733.52,103.06,17.97,28.93,119.07,14.2,29.65
7158,2740.92,103.08,18.36,29.68,119.1,13.73,29.71
7159,2730.69,102.89,19.11,29.49,119.08,14.39,29.83
7160,2723.84,102.98,18.52,28.52,119.11,14.34,29.91
7161,2685.32,102.92,18.11,27.47,119.12,14.11,29.83
7162,2698.03,102.85,19.34,28.52,119.11,14.31,29.84
7163,2717.13,102.6,19.37,28.77,119.1,14.37,29.78
7164,2707.18,102.58,19.87,27.74,119.12,14.17,29.72
7165,2693.93,102.56,19.63,28.51,119.13,13.9,29.62
7166,2703.66,102.64,20.21,29.13,119.22,14.48,29.6
7167,2733.1,102.79,18.42,29.42,119.18,14.38,29.64
7168,2756.65,102.66,19.65,29.91,119.26,14.47,29.58
7169,2771.92,102.69,19.48,30.0,119.22,14.15,29.53
7170,2809.07,102.79,18.73,28.94,119.19,15.08,29.39
7171,2819.72,102.93,18.23,30.51,119.13,14.27,29.56
7172,2833.55,102.89,18.34,28.13,119.14,14.39,29.57
7173,2824.25,102.89,18.57,28.06,119.13,14.35,29.47
7174,2807.97,103.02,19.05,30.11,119.13,14.43,29.55
7175,2823.22,103.02,18.34,28.62,119.21,14.2,29.78
7176,2794.45,103.01,19.35,28.5,119.23,14.96,29.83
7177,2797.84,103.15,19.22,29.28,119.24,14.34,29.58
7178,2780.61,103.34,19.09,29.47,119.23,13.98,29.81
7179,2784.78,103.41,19.2,28.31,119.2,14.76,29.64
7180,2787.09,103.37,19.96,27.88,119.16,14.78,29.61
7181,2787.06,103.38,20.1,28.92,119.08,14.62,29.52
7182,2783.77,103.54,19.9,29.52,119.06,14.47,29.43
7183,2792.11,103.61,19.85,29.53,119.06,14.34,29.46
7184,2802.64,103.52,21.0,28.98,119.05,14.54,29.29
7185,2769.76,103.34,21.9,30.31,119.09,14.43,29.3
7186,2768.62,103.46,22.22,31.9,119.07,14.68,29.38
7187,2760.34,103.51,22.3,31.43,119.13,14.77,29.33
7188,2766.23,103.63,24.15,33.09,119.16,14.05,29.18
7189,2758.98,103.56,24.26,33.44,119.14,14.85,29.15
7190,2786.48,103.56,24.15,32.72,119.17,14.89,29.1
7191,2783.89,103.73,23.82,32.75,119.23,14.18,29.02
7192,2802.05,103.46,23.88,32.11,119.25,14.44,28.96
7193,2778.33,103.47,21.22,30.07,119.28,14.72,28.98
7194,2771.02,103.33,22.07,29.24,119.27,14.76,29.01
7195,2757.51,103.27,21.01,27.72,119.25,14.93,28.97
7196,2766.12,103.4,20.55,28.68,119.23,14.82,28.88
7197,2741.76,103.4,19.53,26.11,119.24,15.06,28.9
7198,2709.74,103.31,19.15,25.8,119.24,14.14,28.79
7199,2703.67,103.36,19.14,23.82,119.32,14.76,28.85
